# Blender v2.78 (sub 0) OBJ File: ''
# www.blender.org
mtllib URAL.mtl
o SM_MCH_ural4320_static_LODH
v -0.476628 0.767824 2.263335
v -0.436790 0.767368 2.358764
v -0.745910 1.460129 1.415585
v -0.759670 1.463953 1.401946
v -0.766300 1.591663 1.405305
v -0.630004 1.411111 1.402270
v -0.653076 1.410811 1.405272
v -0.747432 1.442352 1.405039
v -0.629520 1.364468 1.402264
v -0.620846 1.364616 1.417485
v -0.633764 1.364460 1.413451
v -0.756718 1.452285 1.418764
v -0.646419 1.418543 1.420167
v 0.617066 0.524910 2.055262
v 0.616570 0.317642 2.083340
v 0.738387 0.433089 2.111612
v 0.859701 0.721146 1.791105
v 0.738387 0.749159 1.795542
v 0.859587 0.656392 1.941515
v 0.738387 0.640178 2.002630
v 0.617187 0.656392 1.941515
v 0.859699 0.524913 2.055267
v 0.860152 0.317772 2.083376
v 0.617064 0.721140 1.791104
v -0.750301 1.591658 1.414667
v 0.617187 0.090824 1.530606
v 0.738387 -0.001943 1.676579
v 0.616570 0.026031 1.681971
v 0.738387 0.107038 1.469490
v 0.859587 0.090824 1.530606
v 0.860152 0.026037 1.681837
v 0.738387 0.314126 1.360510
v 0.859952 0.221249 1.417384
v 0.860152 0.427830 1.388490
v 0.738387 0.555001 1.403898
v 0.616570 0.427696 1.388484
v 0.616794 0.221072 1.417474
v -0.708397 1.469370 1.374047
v -0.701919 1.523963 1.400695
v -0.695380 1.623758 1.367492
v -0.711134 1.667392 1.378766
v -0.708027 1.608465 1.408765
v 0.617187 0.168153 2.018844
v 0.738387 0.202460 2.071959
v 0.738387 0.041445 1.917453
v 0.859587 0.168153 2.018844
v 0.859373 0.054509 1.887779
v 0.617426 0.054537 1.887845
v 0.745910 1.460129 1.415585
v 0.756718 1.452285 1.418764
v 0.750301 1.591658 1.414667
v 0.766300 1.591663 1.405305
v 0.747432 1.442352 1.405039
v 0.653076 1.410811 1.405272
v 0.646419 1.418543 1.420167
v 0.630004 1.411111 1.402270
v 0.620846 1.364616 1.417485
v 0.633764 1.364460 1.413451
v -0.798344 1.654552 1.392705
v -0.806269 1.661800 1.366513
v -0.806010 1.525139 1.403814
v -0.800702 1.469335 1.371730
v 0.629520 1.364468 1.402264
v 0.759670 1.463953 1.401946
v 0.798344 1.654552 1.392705
v 0.711134 1.667392 1.378766
v 0.800702 1.469335 1.371730
v 0.708397 1.469370 1.374047
v 0.806269 1.661800 1.366513
v 0.806010 1.525139 1.403814
v 0.701919 1.523963 1.400695
v 0.695380 1.623758 1.367492
v 0.708027 1.608465 1.408765
v 0.000000 2.029293 -0.537359
v -0.830355 1.999112 -0.537359
v -0.830355 2.020232 -0.833430
v 0.000000 2.050413 -0.833430
v -0.830355 1.999112 -1.129500
v 0.000000 2.029293 -1.129500
v -0.830355 2.020232 -1.425570
v 0.000000 2.050413 -1.425570
v -0.830355 1.999112 -1.721640
v 0.000000 2.029293 -1.721641
v -0.830355 2.020232 -2.017712
v 0.000000 2.050413 -2.017712
v -0.830355 2.020232 -0.241288
v -0.948977 1.941512 -0.734739
v -0.948977 1.941512 -1.326880
v -0.948977 1.938500 -2.017958
v -0.830355 2.020232 0.350853
v -0.830355 1.999112 0.054782
v -0.948977 1.948552 0.350853
v -0.948977 1.941512 -0.142598
v 0.830355 1.999112 -0.537360
v 0.830355 2.020232 -0.833430
v 0.830355 2.020232 -0.241289
v 0.830355 1.999112 0.054782
v 0.000000 2.050413 -0.241289
v 0.000000 2.029293 0.054782
v 0.948977 1.934472 -0.438668
v 0.948977 1.927432 0.054782
v 0.830355 2.020232 0.350853
v 0.000000 2.050413 0.350853
v 0.948977 1.948552 0.350853
v 0.948977 1.256081 -1.129501
v 0.948977 1.941512 -1.326880
v 0.948977 1.229938 -1.425570
v 0.948977 1.256081 -1.721641
v 0.948977 1.938499 -2.017958
v 0.948977 1.229938 -2.017712
v 0.948977 1.256081 0.350852
v 0.948977 1.256081 0.054782
v 0.948977 1.229938 -0.241289
v 0.948977 1.256081 -0.537359
v 0.948977 1.948552 -0.833430
v 0.948977 1.229938 -0.833430
v 0.830355 2.020232 -2.017712
v 0.830355 1.999112 -1.721641
v 0.830355 2.020232 -1.425570
v 0.830355 1.999112 -1.129501
v -0.948977 1.256081 -1.129501
v -0.948977 1.229938 -1.425570
v -0.948977 1.256081 -1.721641
v -0.948977 1.229938 -2.017712
v -0.948977 1.256081 0.350852
v -0.948977 1.256081 0.054782
v -0.948977 1.229938 -0.241289
v -0.948977 1.256081 -0.537359
v -0.948977 1.229938 -0.833430
v 0.830355 1.228556 0.350852
v 0.622767 1.256081 0.350852
v 0.000000 1.233285 0.350852
v -0.622767 1.256081 0.350852
v -0.830355 1.228556 0.350852
v 0.314062 0.862185 2.592434
v -0.314062 0.866681 2.592404
v -0.314062 0.857364 2.544168
v 0.314062 0.857364 2.544168
v 0.314062 0.870853 2.544077
v -0.314062 0.870853 2.544077
v 0.314062 0.898090 2.592193
v -0.314062 0.902586 2.592162
v -0.314062 0.893269 2.543926
v 0.314062 0.893269 2.543926
v 0.314062 0.906758 2.543835
v -0.314062 0.906758 2.543835
v 0.314062 0.933994 2.591952
v -0.314062 0.938490 2.591922
v -0.314062 0.929173 2.543685
v 0.314062 0.929173 2.543685
v 0.314062 0.942663 2.543595
v -0.314062 0.942663 2.543595
v 0.314062 0.969899 2.591711
v -0.314062 0.974395 2.591681
v -0.314062 0.965078 2.543444
v 0.314062 0.965078 2.543444
v 0.314062 0.978567 2.543353
v -0.314062 0.978567 2.543353
v 0.314062 1.005803 2.591470
v -0.314062 1.010300 2.591439
v -0.314062 1.000983 2.543203
v 0.314062 1.000983 2.543203
v 0.314062 1.014472 2.543112
v -0.314062 1.014472 2.543112
v 0.314062 1.041694 2.589135
v -0.314062 1.046190 2.589104
v -0.314062 1.036873 2.540868
v 0.314062 1.036873 2.540868
v 0.314062 1.050362 2.540777
v -0.314062 1.050362 2.540777
v 0.314062 1.077567 2.584191
v -0.314062 1.082063 2.584161
v -0.314062 1.072746 2.535924
v 0.314062 1.072746 2.535924
v 0.314062 1.086235 2.535834
v -0.314062 1.086235 2.535834
v -0.660042 0.959420 2.312096
v -0.726361 0.960518 2.312096
v -0.658934 0.893737 2.312096
v -0.727592 0.892503 2.312096
v -0.659415 0.960037 2.275550
v -0.660628 0.891932 2.275549
v -0.728165 0.958817 2.275549
v -0.727079 0.893018 2.275549
v -0.491312 0.948315 2.308698
v -0.642960 0.949287 2.308574
v -0.484813 0.958389 2.268224
v -0.491306 0.798614 2.308318
v -0.652216 0.956203 2.268223
v -0.481387 0.787234 2.311214
v -0.480683 0.959230 2.311213
v -0.651116 0.789573 2.268224
v -0.653056 0.960339 2.311213
v -0.483702 0.789550 2.268224
v -0.643051 0.798440 2.309071
v -0.568525 0.858818 2.317566
v 0.643051 0.798440 2.309071
v 0.642960 0.949287 2.308574
v 0.491312 0.948315 2.308698
v 0.491306 0.798614 2.308318
v 0.480683 0.959230 2.311213
v 0.484813 0.958389 2.268224
v 0.483702 0.789550 2.268224
v 0.481387 0.787234 2.311214
v 0.653816 0.786863 2.311213
v 0.651116 0.789573 2.268224
v 0.726361 0.960518 2.312096
v 0.727592 0.892503 2.312096
v 0.660042 0.959420 2.312096
v 0.658934 0.893737 2.312095
v 0.659415 0.960037 2.275550
v 0.728165 0.958817 2.275549
v 0.727079 0.893018 2.275549
v 0.333651 1.065825 2.592617
v 0.388410 1.125656 2.539335
v 0.323647 1.192818 2.544245
v 0.417851 1.182162 2.436243
v 0.385058 0.710322 2.559524
v 0.339268 0.710387 2.595058
v 0.421429 0.710613 2.421657
v 0.245858 0.282143 1.637372
v 0.322156 0.426524 1.637371
v 0.322156 0.282143 1.637371
v 0.245858 0.426524 1.637372
v 0.322156 0.458903 1.635634
v 0.322156 0.441823 1.825028
v 0.322156 0.297442 1.825028
v 0.245858 0.460272 1.635549
v 0.245858 0.473233 1.823534
v 0.322156 0.517142 2.269952
v 0.245858 0.504405 2.270155
v 0.322156 0.493657 2.270338
v -0.245858 0.282143 1.637372
v -0.322156 0.426524 1.637371
v -0.245858 0.426524 1.637372
v -0.322156 0.282143 1.637371
v -0.322156 0.441823 1.825028
v -0.322156 0.458903 1.635634
v -0.322156 0.297442 1.825028
v -0.653816 0.786863 2.311213
v -0.245858 0.460272 1.635549
v -0.245858 0.473233 1.823534
v -0.322156 0.493657 2.270338
v -0.322156 0.517142 2.269952
v -0.245858 0.558616 2.329824
v -0.322156 0.506229 2.330210
v -0.245858 0.506229 2.330210
v -0.322156 0.558616 2.329824
v -0.322156 0.500675 2.213140
v -0.245858 0.500675 2.213140
v -0.469028 0.412214 -1.447582
v -0.317222 0.412214 -1.447582
v -0.317222 0.327523 -1.388099
v -0.469028 0.327523 -1.388099
v -0.317222 0.412213 -0.422697
v -0.469028 0.327522 -0.482180
v -0.317222 0.327522 -0.482180
v -0.469028 0.412213 -0.422697
v -0.469028 0.647337 -0.871121
v -0.469028 0.647337 -0.999158
v -0.317222 0.647337 -0.871121
v -0.317222 0.647337 -0.999158
v -0.624707 1.371871 1.394388
v -0.650035 1.379907 1.400270
v -0.617491 1.373425 1.432886
v -0.643609 1.361273 1.439293
v -0.625698 1.339314 1.397247
v -0.619133 1.340161 1.431039
v 0.683333 1.088456 0.759892
v 0.705471 1.115863 0.732330
v 0.670515 1.088721 0.737552
v 0.690046 1.110534 0.736904
v 0.689923 1.234148 0.735938
v 0.705955 1.228444 0.733242
v 0.694381 1.111699 0.743909
v 0.679079 1.258012 0.759599
v 0.668765 1.257395 0.741635
v 0.693928 1.232188 0.743452
v -0.683333 1.088456 0.759892
v -0.705471 1.115863 0.732330
v -0.670515 1.088721 0.737552
v -0.690046 1.110534 0.736904
v -0.689923 1.234148 0.735938
v -0.705955 1.228444 0.733242
v -0.694381 1.111699 0.743909
v -0.792051 1.982104 -1.442027
v 0.000000 2.043996 -1.442027
v 0.000000 2.015524 -1.442027
v -0.800633 2.010575 -1.442027
v -0.888141 1.916264 -1.442027
v -0.915408 1.933169 -1.442027
v -0.915408 1.316832 -1.442027
v -0.888141 1.316832 -1.415621
v 0.888141 1.916264 -1.415357
v 0.888141 1.316832 -1.415621
v 0.888141 1.916264 -1.442027
v 0.792051 1.982104 -1.415357
v 0.792051 1.982104 -1.442027
v 0.000000 2.015524 -1.415357
v -0.792051 1.982104 -1.415357
v -0.888141 1.916264 -1.415357
v 0.915408 1.316832 -1.442027
v 0.915408 1.933169 -1.442027
v 0.800633 2.010575 -1.442027
v 0.000000 2.043996 -0.262060
v -0.792051 1.982103 -0.262060
v -0.800633 2.010574 -0.262060
v 0.000000 2.015524 -0.262060
v 0.888141 1.916263 -0.235390
v 0.888141 1.316831 -0.235654
v 0.888141 1.916263 -0.262060
v 0.792051 1.982103 -0.235390
v 0.792051 1.982103 -0.262060
v 0.000000 2.015524 -0.235390
v -0.792051 1.982103 -0.235390
v -0.888141 1.916263 -0.262060
v -0.888141 1.916263 -0.235390
v -0.915408 1.933168 -0.262060
v -0.915408 1.316831 -0.262060
v -0.888141 1.316831 -0.235654
v 0.915408 1.316831 -0.262060
v 0.915408 1.933168 -0.262060
v 0.800633 2.010574 -0.262060
v -0.792051 1.982104 -0.851221
v 0.000000 2.043996 -0.851221
v 0.000000 2.015524 -0.851221
v -0.800633 2.010575 -0.851221
v -0.888141 1.916264 -0.851221
v -0.915408 1.933168 -0.851221
v -0.915408 1.316831 -0.851221
v -0.888141 1.316831 -0.824816
v 0.888141 1.916264 -0.824552
v 0.888141 1.316831 -0.824816
v 0.888141 1.916264 -0.851221
v 0.792051 1.982104 -0.824552
v 0.792051 1.982104 -0.851221
v 0.000000 2.015524 -0.824552
v -0.792051 1.982104 -0.824552
v -0.888141 1.916264 -0.824552
v 0.915408 1.316831 -0.851221
v 0.915408 1.933168 -0.851221
v 0.800633 2.010575 -0.851221
v -0.467622 0.937581 0.270356
v -0.465995 0.935603 -2.017519
v -0.396499 0.939190 0.270356
v -0.399553 0.935476 -2.017519
v -0.489663 0.414697 1.712461
v -0.390039 0.403463 1.697327
v -0.489663 0.373506 1.688679
v -0.530106 0.373506 1.640716
v -0.530106 0.456235 1.688480
v -0.610000 0.456235 1.688480
v -0.610000 0.373506 1.640716
v -0.670846 0.409573 1.715420
v -0.670846 0.373506 1.694596
v -0.610000 0.373506 1.831771
v -0.670846 0.337438 1.757067
v -0.610000 0.290776 1.784007
v -0.530106 0.373506 1.831771
v -0.530106 0.290776 1.784007
v -0.489663 0.332314 1.760026
v -0.530106 0.290776 1.688480
v -0.610000 0.290776 1.688480
v -0.489663 0.373506 1.783808
v -0.670846 0.373506 1.777891
v -0.390039 0.392229 1.781646
v -0.390039 0.324824 1.729757
v -0.489663 0.332314 1.712461
v -0.670846 0.337438 1.715420
v 0.652216 0.956203 2.268223
v 0.000000 2.043996 0.291116
v -0.792051 1.982103 0.291116
v -0.800633 2.010574 0.291116
v 0.000000 2.015524 0.291116
v 0.888141 1.916263 0.317786
v 0.888141 1.316831 0.317521
v 0.888141 1.916263 0.291116
v 0.792051 1.982103 0.317786
v 0.792051 1.982103 0.291116
v 0.000000 2.015524 0.317786
v -0.792051 1.982103 0.317786
v -0.888141 1.916263 0.291116
v -0.888141 1.916263 0.317786
v -0.915408 1.933168 0.291116
v -0.915408 1.316831 0.291116
v -0.888141 1.316831 0.317521
v 0.915408 1.316831 0.291116
v 0.915408 1.933168 0.291116
v 0.800633 2.010574 0.291116
v 0.556204 0.922837 -1.909177
v 0.556204 1.087880 -1.909177
v 0.591532 1.087880 -1.904541
v 0.591532 0.922837 -1.899904
v 0.556204 1.087880 -1.895267
v 0.556204 0.922837 -1.895267
v 0.556204 0.922837 -0.899540
v 0.556204 1.087879 -0.894903
v 0.591532 1.087879 -0.904176
v 0.591532 0.922837 -0.904176
v 0.591532 0.922837 -0.890267
v 0.591532 1.087879 -0.890267
v 0.556204 0.922837 0.217688
v 0.556204 1.087879 0.217688
v 0.591532 1.087879 0.222325
v 0.591532 0.922837 0.226962
v 0.556204 1.087879 0.231598
v 0.556204 0.922837 0.231598
v 0.355865 1.375160 0.786546
v 0.000000 1.375181 0.752571
v 0.363625 1.375181 0.753504
v 0.411153 1.407520 0.788245
v 0.406316 1.396365 0.754460
v 0.425419 1.426815 0.755417
v 0.427318 1.632514 0.770793
v 0.000000 1.176555 1.510152
v 0.560488 1.274375 1.336670
v 0.680690 1.155740 1.429852
v 0.000000 1.302738 1.398498
v 0.587626 1.358404 1.348084
v 0.000000 1.397705 1.422292
v 0.000000 0.798622 1.395534
v 0.638499 0.746014 1.321950
v 0.000000 0.745381 1.347814
v 0.680693 0.798622 1.363516
v 0.680693 0.943954 1.430139
v 0.000000 0.958784 1.481367
v 0.568525 0.858818 2.317566
v 0.556550 1.328840 1.513673
v 0.000000 1.346713 1.577301
v 0.680693 1.258553 1.429852
v 0.400185 1.666589 0.805333
v 0.000000 1.712742 0.846277
v 0.651144 1.712742 0.841636
v 0.710398 1.259458 0.811345
v 0.710587 0.798622 0.811037
v 0.000000 0.798622 0.784751
v 0.678183 0.745381 0.842578
v 0.000000 0.745381 0.847219
v -0.397701 1.670010 0.805567
v -0.401992 1.389943 0.787511
v -0.427318 1.632514 0.770793
v -0.425419 1.426815 0.755417
v -0.406316 1.396365 0.754460
v -0.363625 1.375181 0.753504
v -0.408884 1.658961 0.772578
v -0.366712 1.676143 0.774364
v 0.000000 1.676143 0.774092
v -0.560488 1.274375 1.336670
v -0.680690 1.155740 1.429852
v -0.680693 0.943954 1.430139
v -0.680693 0.798622 1.363516
v -0.650481 0.745381 1.326720
v -0.678183 0.745381 0.842578
v -0.710587 0.798622 0.811037
v -0.710398 1.259458 0.811345
v -0.651144 1.712742 0.841636
v -0.591532 1.087880 -1.909177
v -0.556204 0.922837 -1.904541
v -0.591532 0.922837 -1.909177
v -0.556204 1.087880 -1.899904
v -0.591532 1.087879 -0.904176
v -0.556204 0.922837 -0.899540
v -0.591532 0.922837 -0.904176
v -0.556204 1.087879 -0.894903
v -0.591532 1.087879 0.222325
v -0.556204 0.922837 0.217688
v -0.591532 0.922837 0.226962
v -0.556204 1.087879 0.217688
v 0.869211 1.079648 -1.969918
v 0.496475 1.079648 0.261922
v 0.496475 1.097045 -1.969918
v 0.869211 1.079648 0.261923
v 0.496475 1.114441 0.261920
v 0.869211 1.114441 -1.969918
v -0.496475 1.097045 -1.969918
v -0.496475 1.114441 0.261920
v -0.496475 1.079648 0.261922
v -0.869211 1.079648 -1.969918
v -0.869211 1.114441 -1.969918
v -0.869211 1.114441 0.261920
v 0.300239 1.477803 1.419917
v 0.225480 1.469066 1.407662
v 0.350124 1.485823 1.435341
v 0.406558 1.453748 1.401615
v 0.409031 1.453988 1.418483
v 0.284299 1.468771 1.433965
v 0.189900 1.422422 1.368019
v 0.158664 1.396750 1.326185
v 0.146089 1.343384 1.285144
v 0.173722 1.418773 1.374431
v 0.164797 1.342275 1.291342
v 0.183014 1.312482 1.236183
v 0.227267 1.269555 1.203169
v 0.225865 1.266032 1.221383
v 0.232677 1.280663 1.218628
v 0.351745 1.263568 1.202203
v 0.354937 1.265639 1.186279
v 0.319617 1.247744 1.193141
v 0.462006 1.438171 1.384533
v 0.413370 1.468378 1.398861
v 0.480570 1.396750 1.326185
v 0.493145 1.343382 1.285143
v 0.456220 1.312481 1.236182
v 0.458171 1.315319 1.261636
v 0.474438 1.384783 1.335914
v 0.413755 1.265344 1.212582
v 0.306186 1.255227 1.200333
v 0.291967 1.357384 1.292942
v 0.306585 1.262092 1.193024
v 0.316897 1.338280 1.286755
v 0.171878 1.410683 1.363336
v 0.317061 1.378467 1.322303
v 0.171878 1.400874 1.345796
v 0.462245 1.410682 1.363336
v 0.327222 1.258497 1.196496
v 0.462245 1.400873 1.345796
v 0.341747 1.357223 1.292774
v 0.462245 1.417928 1.356426
v 0.171878 1.417928 1.356426
v -0.102048 0.476984 -1.463269
v 0.000000 0.519254 -0.388619
v 0.000000 0.519254 -1.463269
v -0.102048 0.476984 -0.388619
v -0.144317 0.374937 -0.388619
v -0.144317 0.374937 -1.463269
v -0.102048 0.272889 -0.388619
v -0.102048 0.272890 -1.463269
v 0.000000 0.230620 -0.388619
v 0.000000 0.230620 -1.463269
v 0.102048 0.272889 -0.388619
v 0.102048 0.272890 -1.463269
v 0.144317 0.374937 -0.388619
v 0.144317 0.374937 -1.463269
v 0.102048 0.476984 -0.388619
v 0.102048 0.476984 -1.463269
v 0.131191 0.468199 0.169622
v 0.186465 0.478288 1.558329
v 0.080801 0.481089 0.181575
v 0.249878 0.455598 1.558348
v 0.004626 0.321669 -0.358804
v -0.035781 0.339439 -0.359841
v 0.032800 0.395295 -0.359167
v 0.156224 0.533638 0.189407
v 0.251743 0.539798 1.558276
v 0.274450 0.497467 1.558374
v 0.152835 0.441061 1.543974
v 0.308666 0.628291 1.543974
v 0.308666 0.441061 1.543974
v 0.152835 0.628291 1.543974
v 0.152835 0.628291 1.704629
v 0.152835 0.441061 1.704629
v 0.308666 0.441061 1.704629
v 0.317222 0.412213 -0.422697
v 0.317222 0.327523 -1.388099
v 0.317222 0.327522 -0.482180
v 0.317222 0.412214 -1.447582
v 0.317222 0.647337 -0.871121
v 0.317222 0.647337 -0.999158
v 0.469028 0.647337 -0.999158
v 0.469028 0.412214 -1.447582
v 0.469028 0.327523 -1.388099
v 0.469028 0.327522 -0.482180
v 0.469028 0.412213 -0.422697
v 0.469028 0.647337 -0.871121
v -0.648862 0.499977 1.210289
v -0.631504 0.745381 0.842578
v -0.652476 0.746114 1.373097
v -0.648862 0.499977 0.842814
v -0.152512 0.304064 1.776453
v -0.401178 0.373709 1.816663
v -0.401178 0.304064 1.776453
v -0.152512 0.373709 1.816663
v 0.000000 0.373709 1.563934
v -0.077717 0.243249 1.660922
v -0.077717 0.373709 1.585601
v -0.034428 0.523316 1.651842
v 0.034429 0.523316 1.820645
v 0.077717 0.504169 1.660922
v 0.077717 0.373709 1.585601
v 0.038565 0.226705 1.651371
v -0.038565 0.226705 1.821117
v 0.077717 0.243249 1.811565
v 0.152512 0.304064 1.696033
v 0.152512 0.373709 1.655824
v 0.152512 0.443354 1.696034
v 0.152512 0.443354 1.776453
v 0.152512 0.304064 1.776453
v -0.152512 0.304064 1.696033
v 0.077717 0.373709 1.886886
v 0.152512 0.373709 1.816663
v 0.000000 0.373709 1.908553
v -0.077717 0.504169 1.811565
v -0.152512 0.443354 1.696034
v -0.152512 0.373709 1.655824
v -0.152512 0.443354 1.776453
v -0.077717 0.373709 1.886886
v 0.489663 0.414697 1.712461
v 0.390039 0.414697 1.712461
v 0.489663 0.414697 1.760026
v 0.530106 0.456235 1.784008
v 0.530106 0.456235 1.688480
v 0.623342 0.456235 1.784008
v 0.623342 0.456235 1.688480
v 0.676709 0.399462 1.751229
v 0.676709 0.399462 1.721258
v 0.676709 0.373506 1.766215
v 0.623342 0.373506 1.831771
v 0.530106 0.373506 1.831771
v 0.489663 0.373506 1.783808
v 0.390039 0.392229 1.781646
v 0.653056 0.960339 2.311213
v 0.623342 0.373506 1.640716
v 0.676709 0.373506 1.706272
v 0.530106 0.373506 1.640716
v 0.489663 0.373506 1.688679
v 0.390039 0.349967 1.695474
v 0.623342 0.290776 1.784007
v 0.676709 0.347549 1.751229
v 0.530106 0.290776 1.784007
v 0.489663 0.332314 1.760026
v 0.530106 0.290776 1.688480
v 0.489663 0.332314 1.712461
v 0.390039 0.332314 1.760026
v 0.623342 0.290776 1.688480
v 0.676709 0.347549 1.721258
v 0.445558 0.651617 -0.172407
v 0.374034 0.822919 0.000093
v 0.445558 0.651617 0.000093
v 0.374034 0.822919 -0.172407
v -0.374034 0.822919 -0.172407
v -0.374034 0.822919 0.000093
v -0.445558 0.651617 -0.172407
v -0.445558 0.651617 0.000093
v -0.188107 0.758315 -1.787884
v 0.032020 0.814350 -0.152477
v 0.032020 0.758315 -0.152477
v -0.188107 0.814351 -1.787884
v -0.252148 0.814351 -1.787884
v -0.252148 0.758315 -1.787884
v -0.627938 0.802090 0.389290
v -0.645030 0.834684 0.389290
v -0.645079 0.834586 0.718895
v -0.627889 0.802188 0.718895
v -0.812254 0.999219 0.389290
v -0.835787 1.046666 0.389290
v -0.835847 1.046587 0.718895
v -0.812195 0.999298 0.718895
v -0.829050 1.028826 0.403371
v -0.774297 1.053122 0.403371
v -0.791525 1.160387 0.403371
v -0.851457 1.162336 0.403371
v -0.844836 1.115875 0.389290
v -0.850894 1.152176 0.389290
v -0.850971 1.152098 0.718895
v -0.844759 1.115953 0.718895
v -0.829050 1.028826 0.670903
v -0.774297 1.053122 0.670903
v -0.791525 1.160387 0.670903
v -0.851457 1.162336 0.670903
v 0.648862 0.499977 1.210289
v 0.652476 0.746114 1.373097
v 0.631504 0.745381 0.842578
v 0.648862 0.499977 0.842814
v 0.586429 1.358260 0.865015
v 0.586429 1.005578 0.907539
v 0.586429 1.358260 0.776252
v -0.586429 1.005578 0.907539
v 0.586429 1.005578 1.151693
v 0.586429 0.915835 1.189964
v -0.586429 0.826092 1.172955
v 0.586429 0.826092 1.172955
v 0.586429 0.826106 0.836231
v -0.586429 1.358260 0.865015
v -0.586429 0.826106 0.836231
v -0.586429 1.358260 0.776252
v -0.586429 0.915835 1.189964
v -0.586429 1.005578 1.151693
v 0.324471 0.551990 -1.906862
v 0.324471 0.745384 2.498141
v 0.324471 0.551990 2.498140
v 0.324471 0.745384 -1.906862
v -0.324471 0.745384 -1.906862
v -0.324471 0.551990 -1.906862
v -0.324471 0.551990 2.498140
v -0.324471 0.745384 2.498141
v -0.793430 0.989518 0.433628
v -0.679684 0.858037 0.433749
v -0.750747 1.097026 0.409374
v -0.725176 1.391768 0.433622
v -0.821763 1.195865 0.433626
v -0.643211 1.043693 0.434374
v -0.391622 0.978695 0.434040
v -0.547179 0.880794 0.409374
v -0.274212 0.950756 0.408986
v -0.322928 0.821620 0.433628
v -0.529276 0.793289 0.433626
v -0.294863 1.133527 0.433893
v -0.212344 1.185500 0.409532
v -0.126654 1.194914 0.433132
v -0.158174 0.979223 0.433993
v -0.191446 1.346276 0.433749
v -0.355276 1.389783 0.409763
v -0.321696 1.459409 0.433356
v -0.367990 1.287049 0.433936
v -0.564902 1.300178 0.434124
v -0.528321 1.488397 0.433132
v -0.627390 1.362223 0.409104
v 0.943356 1.020124 -0.369926
v 0.942589 1.039051 -0.382687
v 0.942032 1.073375 -0.385125
v 0.933105 1.065752 -0.384757
v 0.942589 1.039051 -0.690473
v 0.942032 1.073375 -0.692911
v 0.933105 1.065752 -0.692543
v 0.942589 1.039051 -1.012109
v 0.942032 1.073375 -1.014547
v 0.933105 1.065752 -1.014179
v 0.943356 1.020124 -1.307134
v 0.942589 1.039051 -1.319895
v 0.942032 1.073375 -1.322333
v 0.933105 1.065752 -1.321965
v 0.943356 1.020124 -1.562596
v 0.942589 1.039051 -1.575357
v 0.942032 1.073375 -1.577795
v 0.933105 1.065752 -1.577427
v 0.943356 1.020125 -1.872812
v 0.942589 1.039052 -1.885573
v 0.942032 1.073375 -1.888011
v 0.933105 1.065752 -1.887643
v -0.942032 1.073375 0.162734
v -0.933105 1.065752 0.163102
v -0.941999 1.040599 0.164661
v -0.942589 1.039051 0.190693
v -0.943356 1.020124 0.177933
v -0.941882 1.077451 0.192573
v -0.933141 1.064071 0.193580
v -0.942032 1.073375 -0.156594
v -0.933105 1.065752 -0.156226
v -0.941999 1.040599 -0.154667
v -0.943356 1.020124 -0.141395
v -0.942589 1.039051 -0.128634
v -0.941882 1.077451 -0.126754
v -0.933141 1.064071 -0.125747
v -0.942032 1.073375 -0.385125
v -0.933105 1.065752 -0.384757
v -0.941999 1.040599 -0.383198
v -0.943356 1.020124 -0.369926
v 0.660628 0.891932 2.275549
v -0.942589 1.039051 -0.357165
v -0.941882 1.077451 -0.355285
v -0.933141 1.064071 -0.354278
v -0.942032 1.073375 -0.692911
v -0.933105 1.065752 -0.692543
v -0.941999 1.040599 -0.690983
v -0.943356 1.020124 -0.677712
v 0.298991 1.098015 2.545930
v 0.298208 0.833843 2.557169
v -0.300380 1.098612 2.547518
v -0.300053 0.834598 2.557006
v -0.942589 1.039051 -0.664951
v -0.941882 1.077452 -0.663071
v -0.933141 1.064071 -0.662064
v -0.942032 1.073375 -1.014547
v -0.933105 1.065752 -1.014179
v -0.941999 1.040599 -1.012620
v -0.943356 1.020124 -0.999348
v -0.319191 1.198877 2.542720
v -0.406153 1.181931 2.476669
v -0.409005 1.304927 2.189770
v -0.340900 1.259160 2.447100
v 0.395088 1.185520 2.486101
v 0.349496 1.257264 2.439026
v 0.498381 1.333160 1.923805
v -0.514605 1.336785 1.869721
v 0.578570 1.263890 1.860464
v 0.529824 1.338544 1.777133
v -0.942589 1.039051 -0.986587
v -0.941882 1.077451 -0.984707
v -0.933141 1.064071 -0.983700
v -0.942032 1.073375 -1.322333
v -0.933105 1.065752 -1.321965
v -0.941999 1.040599 -1.320406
v -0.834579 1.227854 -2.023736
v -0.644415 1.712054 -2.023736
v -0.761686 1.250846 -2.023736
v -0.619637 1.761541 -2.023736
v -0.834580 2.022169 -2.023736
v -0.953805 1.939452 -2.022088
v -0.953805 1.227854 -2.023736
v 0.645847 1.706419 -2.023736
v 0.834579 1.227854 -2.023736
v 0.761686 1.250846 -2.023736
v 0.834580 2.022169 -2.023736
v 0.619637 1.761541 -2.023736
v 0.556636 1.792282 -2.023736
v 0.000000 2.052503 -2.023736
v 0.000000 1.852910 -2.023736
v -0.550497 1.792951 -2.023736
v 0.953805 1.950125 -2.023736
v 0.953805 1.227854 -2.023736
v -0.876955 1.319446 -2.018313
v -0.876955 1.319446 -2.066469
v -0.876955 0.937961 -2.066468
v -0.876955 0.937961 -2.018313
v 0.876955 0.937961 -2.066468
v 0.876955 1.319446 -2.066469
v 0.876955 1.319446 -2.018313
v -0.942589 1.039051 -1.294373
v -0.943356 1.020124 -1.307134
v -0.941882 1.077452 -1.292493
v -0.933141 1.064071 -1.291486
v -0.942032 1.073375 -1.577795
v -0.933105 1.065752 -1.577427
v -0.941999 1.040599 -1.575868
v -0.943356 1.020124 -1.562596
v -0.942589 1.039051 -1.549835
v -0.941882 1.077452 -1.547955
v -0.933141 1.064071 -1.546948
v -0.942032 1.073375 -1.888011
v -0.933105 1.065752 -1.887643
v -0.941999 1.040599 -1.886083
v -0.943356 1.020125 -1.872812
v 0.245858 0.297442 1.825028
v -0.942589 1.039052 -1.860051
v -0.941882 1.077452 -1.858171
v -0.933141 1.064071 -1.857164
v -0.634803 1.389919 0.893475
v -0.645627 1.313277 0.816766
v -0.600360 1.388241 1.328997
v -0.607138 1.290017 1.418528
v -0.680595 1.248168 0.808517
v -0.633691 0.840792 1.400713
v -0.679827 0.806658 0.808936
v -0.663111 0.737318 0.852827
v -0.650481 0.737318 1.320753
v -0.601424 0.737318 1.320753
v -0.710061 0.806630 0.809097
v -0.610683 1.712737 0.844123
v -0.650908 1.712722 0.844115
v -0.648674 1.712741 0.890375
v -0.625831 1.704875 1.319117
v -0.577142 1.703675 1.317663
v -0.606823 1.654574 0.911731
v -0.634423 1.672412 1.238507
v -0.585615 1.661182 1.269175
v -0.710589 1.248168 0.808517
v -0.680693 0.943954 1.424173
v -0.680693 0.807572 1.378566
v -0.655506 1.291835 1.417419
v -0.635422 1.657938 1.268106
v -0.636422 1.628784 1.287544
v -0.648274 1.414090 1.332389
v -0.649790 1.387205 1.323128
v -0.651305 1.375181 1.298358
v -0.677199 1.389967 0.893919
v -0.678382 1.414446 0.884301
v -0.655674 1.628784 0.899482
v -0.686056 1.313277 0.816766
v -0.652298 1.654550 0.911523
v -0.684684 0.565857 1.286496
v -0.633249 0.456083 1.244673
v -0.640911 0.498440 1.213705
v -0.684684 0.616539 1.236631
v -0.636108 0.955640 1.554028
v -0.636108 1.009349 1.531337
v 0.245858 0.441823 1.825028
v -0.757375 0.569386 0.808010
v -0.882595 0.521087 0.808010
v -0.884303 0.507712 0.842939
v -0.757375 0.569360 0.842910
v -0.702100 0.746328 0.842910
v -0.702100 0.746379 0.808010
v -0.882595 0.456083 0.808010
v -0.882595 0.458777 1.238963
v -0.882595 0.971994 1.572168
v -0.636313 0.988816 1.636149
v -0.882595 1.041654 1.914439
v -0.882595 1.029280 1.554531
v -0.882595 0.988816 1.914439
v -0.779818 1.041654 2.274200
v -0.779818 0.988816 2.306020
v -0.443262 1.041139 2.274401
v -0.636313 1.043453 1.604280
v 0.955714 1.270261 -1.721201
v 0.941271 1.030365 -1.867823
v 0.941271 1.062571 -1.862336
v 0.955382 1.276829 -1.730580
v 0.960636 1.246212 -1.423272
v 0.941271 1.034838 -1.559180
v 0.941271 1.062571 -1.552482
v 0.955485 1.252226 -1.434231
v 0.956051 1.268939 -1.130913
v 0.941271 1.035821 -1.305074
v 0.941271 1.065598 -1.298982
v 0.955532 1.275806 -1.139870
v 0.958069 1.246306 -0.233224
v 0.941271 1.044374 -0.363924
v 0.941271 1.066094 -0.359971
v 0.955480 1.252573 -0.242789
v 0.957819 1.271124 0.064942
v 0.941271 1.047648 -0.135066
v 0.941271 1.069667 -0.130093
v 0.955612 1.278205 0.057274
v -0.941271 1.252768 -1.441989
v -0.941271 1.034757 -1.314329
v -0.941271 1.062401 -1.316728
v -0.941271 1.261981 -1.432982
v -0.941271 1.249737 -0.842296
v -0.941271 1.062999 -0.685949
v -0.941271 1.252024 -0.832856
v -0.941271 1.045229 -0.684154
v -0.941271 1.035821 -1.305074
v -0.956051 1.268939 -1.130913
v -0.941271 1.065598 -1.298982
v -0.955532 1.275806 -1.139870
v -0.941271 1.049583 -0.992557
v -0.956928 1.247742 -0.833268
v -0.941271 1.068020 -0.991914
v -0.955489 1.254058 -0.840961
v -0.941271 1.042660 -0.671878
v -0.958084 1.269704 -0.532231
v -0.941271 1.061965 -0.670629
v -0.955533 1.274648 -0.541088
v -0.941271 1.044374 -0.363924
v -0.958069 1.246306 -0.233224
v -0.941271 1.066094 -0.359971
v -0.955480 1.252573 -0.242789
v -0.941271 1.047648 -0.135066
v -0.957819 1.271124 0.064942
v -0.941271 1.069667 -0.130093
v -0.955612 1.278205 0.057274
v -0.941271 1.041201 0.185458
v -0.956550 1.269181 0.319619
v -0.941271 1.057774 0.184848
v -0.955455 1.275589 0.308887
v -0.855579 0.435794 -1.347701
v -0.862873 0.514682 -1.333910
v -0.832316 0.508624 -1.335730
v -0.908553 0.442019 -1.342107
v -0.856273 0.406400 -1.346148
v -0.922984 0.408649 -1.344746
v -0.866421 0.506397 -1.302534
v -0.926641 0.366856 -0.506821
v -0.929481 0.360725 -0.471657
v -0.904483 0.323718 -0.518082
v -0.904757 0.390783 -0.542145
v -0.904758 0.331188 -0.438968
v -0.904248 0.431604 -0.494818
v -0.904077 0.410359 -0.436340
v -0.928327 0.394205 -0.479044
v -0.929638 0.390990 1.730629
v -0.904335 0.375225 1.677409
v -0.904483 0.428253 1.710443
v -0.904337 0.424596 1.763577
v -0.904698 0.382468 1.795370
v -0.924779 0.373774 1.761647
v -0.929385 0.356019 1.727230
v -0.904040 0.327327 1.700017
v -0.904096 0.319206 1.763534
v -0.922984 0.344162 1.714898
v -0.908553 0.313535 1.701386
v -0.866423 0.265836 1.642774
v -0.862873 0.247656 1.669652
v 0.245858 0.558616 2.329824
v 0.245858 0.500675 2.213140
v 0.245858 0.506229 2.330210
v -0.856273 0.345822 1.716965
v -0.855579 0.317563 1.708722
v -0.832316 0.252773 1.673370
v 0.922984 0.342960 -1.335561
v 0.855579 0.316764 -1.329928
v 0.866423 0.247006 -1.289413
v 0.832316 0.249842 -1.298801
v 0.908553 0.319091 -1.312092
v 0.862873 0.265268 -1.262592
v 0.245858 0.558616 2.194711
v 0.930037 0.373125 -1.373653
v 0.904878 0.363409 -1.412614
v 0.924779 0.397341 -1.345814
v 0.904248 0.413087 -1.398862
v 0.928764 0.359349 -1.340400
v 0.904643 0.430285 -1.329384
v 0.904380 0.357773 -1.296941
v 0.904239 0.311860 -1.361684
v 0.875301 0.336299 -1.305267
v 0.875301 0.423579 -1.317725
v 0.875301 0.317016 -1.366194
v 0.875301 0.417195 -1.397077
v 0.875301 0.347259 -1.409454
v 0.322156 0.558616 2.194711
v 0.322156 0.500675 2.213140
v 0.322156 0.558616 2.329824
v 0.908553 0.399106 -0.548874
v 0.855580 0.400326 -0.540594
v 0.862873 0.432459 -0.613950
v 0.832316 0.430625 -0.607897
v 0.929662 0.375101 -0.469184
v 0.925671 0.397946 -0.480256
v 0.904239 0.435891 -0.482966
v 0.904335 0.391571 -0.428216
v 0.904337 0.400021 -0.535717
v 0.926109 0.373238 -0.508122
v 0.925396 0.349371 -0.480209
v 0.904247 0.314878 -0.485512
v 0.904077 0.347345 -0.538587
v 0.903229 0.339058 -0.437379
v 0.322156 0.506229 2.330210
v 0.875301 0.368216 -0.424128
v 0.875301 0.311515 -0.480008
v 0.875301 0.423347 -0.452638
v 0.875301 0.360341 -0.543213
v 0.875301 0.425614 -0.515214
v -0.738387 0.749160 -1.414617
v -0.859701 0.721147 -1.410179
v -0.859705 0.624560 -1.606085
v -0.738387 0.640178 -1.621706
v -0.617059 0.624556 -1.606081
v -0.617064 0.721141 -1.410179
v -0.245858 0.297442 1.825028
v -0.245858 0.441823 1.825028
v -0.616570 0.319519 -1.007560
v -0.617431 0.122959 -1.103779
v -0.592811 0.236546 -1.114251
v -0.617562 0.250071 -1.219657
v -0.617467 0.492386 -1.207401
v -0.617187 0.041175 -1.247122
v -0.592541 0.104465 -1.361363
v -0.616570 0.026032 -1.409225
v -0.617675 0.208974 -1.439021
v -0.592966 0.183460 -1.539021
v -0.592811 0.404311 -1.630578
v -0.616794 0.221074 -1.673723
v -0.617187 0.090824 -1.560591
v -0.617478 0.535734 -1.437743
v -0.617331 0.380903 -1.534502
v -0.616570 0.427698 -1.702712
v -0.592654 0.608871 -1.478555
v -0.593383 0.630549 -1.271650
v -0.616560 0.692321 -1.203006
v -0.592654 0.491395 -1.117004
v -0.617933 0.534810 -1.038758
v -0.738387 0.705771 -1.173743
v -0.738387 0.544757 -1.019238
v -0.738387 0.314125 -0.979585
v -0.858912 0.534805 -1.038768
v -0.860161 0.692390 -1.203122
v -0.860152 0.319384 -1.007565
v -0.738387 -0.001943 -1.414618
v -0.738387 0.107038 -1.621706
v -0.859587 0.090824 -1.560591
v -0.859952 0.221251 -1.673813
v -0.738387 0.257900 -1.711247
v -0.738387 0.433090 -1.730687
v -0.860152 0.427832 -1.702706
v -0.738387 0.107038 -1.088566
v -0.859369 0.122908 -1.103832
v -0.738387 0.017497 -1.239428
v -0.860152 0.026037 -1.409359
v -0.859587 0.041175 -1.247122
v -0.738387 0.749159 -0.543775
v -0.858912 0.689975 -0.645493
v -0.860152 0.721179 -0.430071
v -0.738387 0.640178 -0.750865
v -0.617187 0.656392 -0.689749
v -0.616570 0.721184 -0.538383
v -0.617331 0.473137 -0.334896
v -0.592812 0.592352 -0.325367
v -0.592811 0.415103 -0.222304
v -0.617405 0.263296 -0.332462
v -0.616570 0.319519 -0.136718
v -0.617426 0.525392 -0.165223
v -0.617431 0.689663 -0.322694
v -0.592240 0.214809 -0.265728
v -0.617187 0.168154 -0.201510
v -0.616560 0.054894 -0.332166
v -0.593229 0.099386 -0.533579
v -0.617562 0.206585 -0.559919
v -0.617059 0.122662 -0.735241
v -0.617064 0.026075 -0.539338
v -0.617374 0.373608 -0.665041
v -0.593082 0.296360 -0.742188
v -0.592812 0.532535 -0.703038
v -0.616794 0.526143 -0.802881
v -0.616570 0.319519 -0.831870
v -0.592812 0.635598 -0.525791
v -0.618016 0.554465 -0.533435
v -0.851413 0.529404 -0.558214
v -0.881903 0.534018 -0.701946
v -0.882447 0.643602 -0.484294
v -0.859952 0.525965 -0.802971
v -0.851448 0.377780 -0.652319
v -0.881732 0.329515 -0.746336
v -0.860152 0.319385 -0.831865
v -0.899231 0.373608 -0.484294
v -0.859705 0.122658 -0.735245
v -0.882155 0.152797 -0.638165
v -0.851242 0.237147 -0.583438
v -0.851413 0.222231 -0.401702
v -0.881477 0.124122 -0.366227
v -0.851457 0.350634 -0.320999
v -0.860161 0.054826 -0.332282
v -0.859701 0.026069 -0.539338
v -0.882172 0.367883 -0.213261
v -0.851676 0.494952 -0.362950
v -0.860152 0.319385 -0.136723
v -0.859587 0.168154 -0.201510
v -0.881564 0.561109 -0.296793
v -0.859373 0.525325 -0.165195
v -0.859587 0.656392 -0.278839
v -0.738387 0.709507 -0.313147
v -0.738387 0.555001 -0.152131
v -0.738387 0.373608 -0.109857
v -0.738387 -0.001943 -0.543776
v -0.738387 0.107039 -0.750865
v -0.738387 0.314126 -0.859845
v -0.738387 0.489315 -0.840405
v -0.245858 0.504405 2.270155
v -0.738387 0.041445 -0.302902
v -0.738387 0.202459 -0.148396
v -0.738387 0.749159 1.795542
v -0.859369 0.690081 1.575287
v -0.859701 0.721146 1.791105
v -0.738387 0.709506 1.564912
v -0.617431 0.690116 1.575352
v -0.617064 0.721140 1.791104
v -0.882172 0.644641 1.730334
v -0.851413 0.529403 1.662140
v -0.859587 0.656392 1.941515
v -0.851676 0.494951 1.857404
v -0.899231 0.373607 1.736061
v -0.882155 0.527478 1.515249
v -0.859587 0.579062 1.453276
v -0.851413 0.248280 1.617615
v -0.851344 0.399458 1.572842
v -0.881904 0.333374 1.473878
v -0.881903 0.155956 1.575650
v -0.859587 0.090824 1.530606
v -0.859952 0.221249 1.417384
v -0.860152 0.427830 1.388490
v -0.859373 0.054509 1.887779
v -0.859587 0.168153 2.018844
v -0.882447 0.214908 1.954490
v -0.881564 0.111706 1.777541
v -0.851676 0.220706 1.813968
v -0.860152 0.026037 1.681837
v -0.860152 0.317772 2.083376
v -0.881036 0.499550 1.983237
v -0.859699 0.524913 2.055267
v -0.851344 0.347757 1.899279
v -0.592423 0.423708 2.007395
v -0.617066 0.524910 2.055262
v -0.617187 0.656392 1.941515
v -0.616570 0.317642 2.083340
v -0.592969 0.611740 1.853847
v -0.617834 0.482945 1.886549
v -0.617230 0.267054 1.882719
v -0.617562 0.540631 1.660435
v -0.592812 0.626853 1.642237
v -0.592657 0.489734 1.498395
v -0.617331 0.380902 1.556693
v -0.617187 0.579062 1.453276
v -0.618016 0.198407 1.669511
v -0.592654 0.187998 1.926139
v -0.593229 0.099386 1.686775
v -0.617187 0.168153 2.018844
v -0.617426 0.054537 1.887846
v -0.616570 0.026031 1.681971
v -0.593082 0.296360 1.478166
v -0.616794 0.221072 1.417474
v -0.617187 0.090824 1.530606
v -0.616570 0.427696 1.388484
v -0.738387 0.640178 2.002630
v -0.738387 0.314126 2.111612
v -0.738387 0.489315 2.092172
v -0.738387 -0.001943 1.676579
v -0.738387 0.107038 1.469490
v -0.738387 0.314126 1.360510
v -0.738387 0.555001 1.403898
v -0.738387 0.017496 1.851768
v -0.738387 0.107038 2.002630
v 0.617478 0.291000 -1.517261
v 0.593133 0.186178 -1.542566
v 0.592423 0.409807 -1.628672
v 0.616570 0.427698 -1.702712
v 0.617431 0.624258 -1.606491
v 0.616794 0.221074 -1.673723
v 0.592812 0.610805 -1.475994
v 0.616570 0.720887 -1.411099
v 0.618251 0.526282 -1.466060
v 0.617812 0.453225 -1.177232
v 0.592423 0.616181 -1.223641
v 0.616192 0.428622 -1.007788
v 0.593082 0.379833 -1.085992
v 0.617431 0.624965 -1.104487
v 0.617187 0.706041 -1.247122
v 0.592541 0.104465 -1.361363
v 0.618016 0.192751 -1.305995
v 0.592812 0.185366 -1.166896
v 0.616570 0.026032 -1.409225
v 0.617431 0.057553 -1.193537
v 0.617426 0.221824 -1.036065
v 0.617187 0.090824 -1.560591
v -0.245858 0.558616 2.194711
v 0.738387 0.709506 -1.183987
v 0.738387 0.555001 -1.022973
v 0.859369 0.624912 -1.104437
v 0.860493 0.428626 -1.007765
v 0.738387 0.314125 -0.979585
v 0.859587 0.706041 -1.247122
v -0.322156 0.558616 2.194711
v 0.738387 0.749160 -1.414617
v 0.738387 0.640178 -1.621706
v 0.859369 0.624309 -1.606438
v 0.860152 0.720923 -1.410970
v 0.738387 0.433090 -1.730687
v 0.860152 0.427832 -1.702706
v 0.738387 0.107038 -1.088566
v 0.859373 0.221891 -1.036037
v 0.859369 0.057521 -1.193603
v 0.738387 0.017497 -1.239428
v 0.738387 -0.001943 -1.414618
v 0.860152 0.026037 -1.409359
v 0.592541 0.526769 -0.262893
v 0.617675 0.538242 -0.400408
v 0.617812 0.453226 -0.662198
v 0.617331 0.366312 -0.304927
v 0.616570 0.427697 -0.136718
v 0.617059 0.624555 -0.233348
v 0.617478 0.211482 -0.401686
v 0.592811 0.137263 -0.363869
v 0.592812 0.290056 -0.227145
v 0.617933 0.212405 -0.167916
v 0.592812 0.290722 -0.739391
v 0.616560 0.221480 -0.803008
v 0.617331 0.224209 -0.583821
v 0.593102 0.117216 -0.572648
v 0.592812 0.533580 -0.704476
v 0.617187 0.706041 -0.592308
v 0.617431 0.624258 -0.735650
v 0.617064 0.428652 -0.831827
v 0.592811 0.643452 -0.473320
v 0.616570 0.721184 -0.430205
v 0.881591 0.461152 -0.227532
v 0.859705 0.689824 -0.323173
v 0.859587 0.579063 -0.201510
v 0.860152 0.427831 -0.136723
v 0.859587 0.090824 -0.278839
v 0.882671 0.177742 -0.288429
v 0.858912 0.212410 -0.167926
v 0.851448 0.468995 -0.345907
v 0.881613 0.631823 -0.407866
v 0.899231 0.373608 -0.484294
v 0.851413 0.291016 -0.332917
v 0.851115 0.544716 -0.511395
v 0.851335 0.368287 -0.662067
v 0.881903 0.591260 -0.644705
v 0.859369 0.624309 -0.735596
v 0.860152 0.720923 -0.540128
v 0.882255 0.336368 -0.757579
v 0.860161 0.221596 -0.803076
v 0.859701 0.428652 -0.831833
v 0.859369 0.057134 -0.645067
v 0.851676 0.204115 -0.511139
v 0.881591 0.116846 -0.571837
v 0.860152 0.026292 -0.428459
v 0.738387 0.709507 -0.313147
v 0.738387 0.555001 -0.152131
v 0.738387 0.373608 -0.109857
v -0.679079 1.258012 0.759599
v -0.668765 1.257395 0.741635
v -0.693928 1.232188 0.743452
v 0.738387 0.749159 -0.543775
v 0.738387 0.640178 -0.750865
v 0.069421 0.935607 -2.017519
v 0.070536 0.938397 0.270356
v -0.069239 0.935478 -2.017519
v -0.071180 0.940338 0.270356
v 0.738387 0.433089 -0.859845
v 0.738387 -0.001943 -0.543776
v 0.617431 0.057099 -0.645002
v 0.616570 0.026328 -0.428330
v 0.738387 0.041445 -0.302902
v 0.617187 0.090824 -0.278839
v 0.738387 0.202459 -0.148396
v 0.000000 1.712742 1.460935
v 0.034917 1.662795 1.471335
v -0.038969 1.412143 1.539608
v 0.039374 1.411834 1.538175
v 0.000000 1.346713 1.561339
v 0.556550 1.328840 1.509605
v 0.585416 1.402396 1.446329
v -0.549085 1.712596 1.384864
v -0.035093 1.662958 1.470868
v -0.534258 1.671288 1.411975
v -0.556550 1.328840 1.509789
v -0.585432 1.402411 1.446297
v 0.629071 1.300535 1.396875
v 0.607467 1.707817 1.304413
v 0.624544 1.707777 1.321330
v 0.646757 1.304419 1.418481
v 0.581079 1.633231 1.377830
v 0.000000 1.712689 1.485287
v 0.537650 1.713206 1.417704
v 0.549085 1.712596 1.384864
v -0.537650 1.713206 1.417704
v 0.534258 1.671288 1.411975
v 0.570237 1.658708 1.393522
v -0.629071 1.300535 1.396875
v -0.607467 1.707817 1.304413
v -0.581079 1.633231 1.377830
v -0.570237 1.658708 1.393522
v -0.624544 1.707777 1.321330
v -0.646902 1.304268 1.418530
v 0.662282 1.245132 1.408424
v 0.680671 1.258535 1.429801
v 0.587788 1.400800 1.468371
v 0.551468 1.391293 1.501883
v 0.049514 1.676143 1.486803
v 0.032960 1.659096 1.494268
v 0.028428 1.632514 1.501582
v 0.033450 1.441659 1.554714
v 0.000000 1.346713 1.580029
v 0.040238 1.416033 1.558547
v 0.062562 1.405297 1.556091
v -0.049514 1.676143 1.486803
v -0.032960 1.659096 1.494268
v -0.028428 1.632514 1.501582
v -0.033450 1.441659 1.554714
v -0.040238 1.416033 1.558547
v -0.062562 1.405297 1.556091
v -0.551468 1.391293 1.501883
v -0.662282 1.245132 1.408424
v -0.680671 1.258535 1.429802
v -0.587788 1.400800 1.468371
v 0.465995 0.935603 -2.017519
v 0.467622 0.937581 0.270356
v 0.399553 0.935476 -2.017519
v 0.396499 0.939190 0.270356
v -0.576911 1.258158 1.874937
v -0.388444 1.125599 2.539293
v 0.579572 0.844970 1.831115
v -0.670846 0.409573 1.757067
v -0.489663 0.414697 1.760026
v -0.530106 0.456235 1.784008
v -0.610000 0.456235 1.784008
v 0.013337 2.007726 0.288179
v 0.000001 1.979257 -1.970901
v 0.013337 2.007725 -1.970908
v 0.000001 1.979257 0.288179
v -0.013335 2.007726 0.288179
v -0.013335 2.007726 -1.970901
v 0.638499 0.826092 1.402216
v 0.631504 0.826092 0.784400
v -0.631504 0.826092 0.784400
v 0.560885 0.742535 1.787905
v 0.000000 0.742046 2.419232
v 0.000000 0.745316 1.815905
v -0.638499 0.826092 1.402216
v -0.560886 0.742535 1.787904
v -0.421430 0.710613 2.421657
v -0.638499 0.746014 1.321950
v -0.488370 0.810810 2.166112
v -0.554768 0.548492 -0.028940
v -0.553714 0.641934 -0.089338
v -0.554768 0.669349 -0.028940
v -0.553714 0.532685 -0.089338
v -0.883919 0.888381 -0.240620
v -0.887512 0.669349 -0.034749
v -0.551174 0.888381 -0.234812
v -0.882341 0.888381 -0.330993
v -0.549597 0.888381 -0.325185
v -0.886458 0.641934 -0.095146
v -0.887512 0.548492 -0.034749
v -0.886458 0.532685 -0.095146
v -0.523985 0.888381 -1.792500
v -0.856729 0.888381 -1.798308
v -0.856729 0.337183 -1.798308
v -0.523985 0.337183 -1.792501
v -0.522887 0.362029 -1.855389
v -0.522887 0.888381 -1.855389
v -0.855631 0.362029 -1.861197
v -0.855631 0.888381 -1.861197
v 0.854759 1.266978 0.360119
v 0.862960 1.262411 0.361210
v 0.719924 1.059112 0.345576
v 0.724350 1.048294 0.345576
v 0.709525 1.066440 0.345576
v 0.449593 1.265382 0.348917
v 0.707276 1.051569 0.345576
v 0.459969 1.272358 0.348917
v -0.700260 1.010643 1.416083
v -0.703190 0.949982 1.436560
v -0.679351 1.010643 1.448956
v -0.665437 0.949982 1.437324
v -0.675616 0.949982 1.410733
v -0.665437 1.010643 1.420912
v -0.702513 1.265082 1.420248
v -0.699471 1.204420 1.417481
v -0.692028 1.204420 1.447503
v -0.691020 1.265082 1.447921
v -0.667459 1.204420 1.440037
v -0.663593 1.265082 1.431225
v -0.675814 1.204420 1.410637
v 0.702123 1.010643 1.419757
v 0.700185 0.949982 1.418199
v 0.676890 0.949982 1.410233
v 0.665437 1.010643 1.420912
v 0.665437 0.949982 1.437324
v 0.678871 1.010643 1.449123
v 0.693023 0.949982 1.446909
v 0.693545 1.204420 1.411163
v 0.702513 1.265082 1.420248
v 0.667459 1.265082 1.418199
v 0.679351 1.265082 1.448957
v 0.663037 1.204420 1.429922
v 0.695459 1.204420 1.444768
v 0.591822 0.899527 -2.037993
v 0.591822 0.917856 -2.076663
v 0.591822 0.932300 -2.037993
v 0.627956 0.914926 -2.076717
v 0.627956 0.899527 -2.037993
v 0.627956 0.932300 -2.037993
v 0.663839 0.907091 -2.071326
v 0.663839 0.960754 -2.042998
v 0.645773 0.899089 -2.042998
v 0.645773 0.954207 -2.071326
v 0.627706 0.960754 -2.042998
v 0.627706 0.907091 -2.071326
v -0.035661 0.932300 -2.037993
v -0.035661 0.917856 -2.076663
v -0.035661 0.899527 -2.037993
v 0.000473 0.914926 -2.076717
v 0.000473 0.899527 -2.037993
v 0.000473 0.932300 -2.037993
v 0.036356 0.907091 -2.071326
v 0.036356 0.960754 -2.042998
v 0.018290 0.899089 -2.042998
v 0.018290 0.954207 -2.071326
v 0.000223 0.960754 -2.042998
v 0.000223 0.907091 -2.071326
v -0.660286 0.932300 -2.037993
v -0.660286 0.917856 -2.076663
v -0.660286 0.899527 -2.037993
v -0.624153 0.914926 -2.076717
v -0.624153 0.899527 -2.037993
v -0.624153 0.932300 -2.037993
v -0.588269 0.907091 -2.071326
v -0.588269 0.960754 -2.042998
v -0.606336 0.899089 -2.042998
v -0.606336 0.954207 -2.071326
v -0.624402 0.960754 -2.042998
v -0.624402 0.907091 -2.071326
v -0.915228 0.932300 0.259328
v -0.953898 0.917856 0.259328
v -0.915228 0.899526 0.259328
v -0.953953 0.914925 0.223195
v -0.915228 0.899526 0.223195
v -0.954832 0.907090 0.187311
v -0.926504 0.960753 0.187311
v -0.926504 0.899088 0.205378
v -0.954832 0.954207 0.205378
v -0.926504 0.960753 0.223444
v -0.954832 0.907090 0.223444
v -0.915228 0.932300 -0.222236
v -0.953898 0.917856 -0.222236
v -0.915228 0.899527 -0.222236
v -0.953953 0.914925 -0.258369
v -0.915228 0.899527 -0.258369
v -0.954832 0.907090 -0.294253
v -0.926504 0.960753 -0.294253
v -0.926504 0.899088 -0.276186
v -0.954832 0.954207 -0.276186
v -0.926504 0.960753 -0.258120
v -0.954832 0.907090 -0.258120
v -0.915228 0.932300 -0.708790
v -0.953898 0.917856 -0.708790
v -0.915228 0.899527 -0.708790
v -0.953953 0.914926 -0.744924
v -0.915228 0.899527 -0.744924
v -0.954832 0.907090 -0.780807
v -0.926504 0.960754 -0.780807
v -0.926504 0.899088 -0.762741
v -0.954832 0.954207 -0.762741
v -0.926504 0.960754 -0.744674
v -0.954832 0.907090 -0.744674
v -0.915228 0.932300 -0.913392
v -0.953898 0.917856 -0.913392
v -0.915228 0.899527 -0.913392
v -0.953953 0.914926 -0.949525
v -0.915228 0.899527 -0.949525
v -0.954832 0.907090 -0.985409
v -0.926504 0.960754 -0.985409
v -0.926504 0.899088 -0.967342
v -0.954832 0.954207 -0.967342
v -0.926504 0.960754 -0.949275
v -0.954832 0.907090 -0.949275
v -0.915228 0.932300 -1.398226
v -0.953898 0.917856 -1.398226
v -0.915228 0.899527 -1.398226
v -0.953953 0.914926 -1.434359
v -0.915228 0.899527 -1.434359
v -0.954832 0.907091 -1.470243
v -0.926504 0.960754 -1.470243
v -0.926504 0.899088 -1.452176
v -0.954832 0.954207 -1.452176
v -0.926504 0.960754 -1.434109
v -0.954832 0.907091 -1.434109
v -0.915228 0.899527 -1.885215
v -0.953898 0.917856 -1.885215
v -0.915228 0.932300 -1.885215
v -0.953953 0.914926 -1.921349
v -0.915228 0.899527 -1.921349
v -0.954832 0.907091 -1.957233
v -0.926504 0.960754 -1.957233
v -0.926504 0.899089 -1.939166
v -0.954832 0.954207 -1.939166
v -0.926504 0.960754 -1.921100
v -0.954832 0.907091 -1.921100
v 0.953953 0.914925 0.223195
v 0.915228 0.899526 0.259328
v 0.915228 0.899526 0.223195
v 0.953898 0.917856 0.259328
v 0.954832 0.907090 0.187311
v 0.926504 0.960753 0.187311
v 0.954832 0.954207 0.205378
v 0.926504 0.899088 0.205378
v 0.954832 0.907090 0.223444
v 0.926504 0.960753 0.223444
v 0.953953 0.914925 -0.258369
v 0.915228 0.899527 -0.222236
v 0.915228 0.899527 -0.258369
v 0.953898 0.917856 -0.222236
v 0.954832 0.907090 -0.294253
v 0.926504 0.960753 -0.294253
v 0.954832 0.954207 -0.276186
v 0.926504 0.899088 -0.276186
v 0.954832 0.907090 -0.258120
v 0.926504 0.960753 -0.258120
v 0.953953 0.914926 -0.744924
v 0.915228 0.899527 -0.708790
v 0.915228 0.899527 -0.744924
v 0.953898 0.917856 -0.708790
v 0.954832 0.907090 -0.780807
v 0.926504 0.960754 -0.780807
v 0.954832 0.954207 -0.762741
v 0.926504 0.899088 -0.762741
v 0.954832 0.907090 -0.744674
v 0.926504 0.960754 -0.744674
v 0.953953 0.914926 -0.949525
v 0.915228 0.899527 -0.913392
v 0.915228 0.899527 -0.949525
v 0.953898 0.917856 -0.913392
v 0.954832 0.907090 -0.985409
v 0.926504 0.960754 -0.985409
v 0.954832 0.954207 -0.967342
v 0.926504 0.899088 -0.967342
v 0.954832 0.907090 -0.949275
v 0.926504 0.960754 -0.949275
v 0.953953 0.914926 -1.434359
v 0.953898 0.917856 -1.398226
v 0.915228 0.899527 -1.398226
v 0.915228 0.899527 -1.434359
v 0.954832 0.907091 -1.470243
v 0.926504 0.960754 -1.470243
v 0.954832 0.954207 -1.452176
v 0.926504 0.899088 -1.452176
v 0.954832 0.907091 -1.434109
v 0.926504 0.960754 -1.434109
v 0.953953 0.914926 -1.921349
v 0.953898 0.917856 -1.885215
v 0.915228 0.899527 -1.885215
v 0.915228 0.899527 -1.921349
v 0.954832 0.907091 -1.957233
v 0.926504 0.960754 -1.957233
v 0.954832 0.954207 -1.939166
v 0.926504 0.899089 -1.939166
v 0.954832 0.907091 -1.921100
v 0.926504 0.960754 -1.921100
v -0.661670 1.370154 1.233760
v -0.643044 1.677138 1.227347
v -0.650503 1.375625 1.245048
v -0.632233 1.672466 1.238896
v -0.650643 1.375137 1.222143
v -0.632374 1.671978 1.215990
v -0.710622 1.191602 0.955210
v -0.715970 1.207558 0.955210
v -0.721319 1.187907 0.900563
v -0.728145 1.211254 0.900563
v -0.734970 1.187907 0.900563
v -0.734970 1.198040 0.974489
v -0.705273 1.203613 0.973808
v -0.737110 1.214947 0.882300
v -0.703391 1.214947 0.891748
v -0.703391 1.182791 0.872852
v -0.737110 1.182791 0.891748
v -0.703391 1.182791 0.901196
v -0.736210 1.207711 0.895550
v -0.736233 1.187072 0.888849
v -0.736256 1.201010 0.874911
v -0.878019 0.935347 0.270356
v -0.878019 0.935347 -2.047164
v 0.878019 0.935347 -2.047164
v 0.878019 0.935347 0.270356
v 0.935705 1.316832 -2.047164
v 0.935705 0.866991 -2.047164
v 0.878019 1.316832 -2.047164
v 0.878019 1.316831 0.270356
v 0.935705 1.316831 0.345214
v 0.935705 0.866990 0.345214
v -0.935705 0.866990 0.345214
v -0.935705 1.316831 0.345214
v -0.935705 0.866991 -2.047164
v -0.878019 1.316831 0.270356
v -0.935705 1.316832 -2.047164
v 0.611826 0.795098 1.642470
v 0.630356 0.795098 2.186313
v 0.465746 0.795098 2.186313
v 0.754205 0.935639 2.186313
v 0.754205 0.935639 1.610334
v 0.754205 0.990618 2.186313
v 0.754205 0.990618 1.552467
v 0.640659 0.795098 1.513710
v 0.668856 0.795098 1.419193
v 0.876955 0.937961 -2.018313
v 0.882595 0.521087 0.808010
v 0.884303 0.507712 0.842939
v 0.882595 0.456083 0.808010
v 0.633330 0.496662 0.842927
v 0.702100 0.746328 0.842910
v 0.757375 0.569360 0.842910
v 0.882595 0.988816 1.914439
v 0.636313 0.988816 1.636149
v 0.882595 0.971994 1.572168
v 0.547010 0.988816 1.914439
v 0.779818 0.988816 2.306020
v 0.443264 0.988816 2.306020
v 0.779818 1.041654 2.274200
v 0.443262 1.041139 2.274401
v -0.896531 0.757437 -1.997935
v -0.614961 0.875589 -1.997935
v -0.614961 0.757437 -1.997935
v -0.896531 0.875589 -1.997935
v -0.331838 0.745381 -1.976671
v -0.212048 0.822920 -1.976671
v -0.243581 0.745381 -1.976671
v -0.363370 0.822920 -1.976671
v -0.331838 0.745381 -1.533387
v -0.243581 0.745381 -1.533387
v -0.363370 0.822919 -1.587940
v -0.212048 0.822919 -1.587940
v -0.281562 0.793010 2.578197
v -0.270597 0.787791 2.636345
v -0.285462 0.780076 2.581372
v -0.281565 0.817116 2.657735
v -0.283000 0.721070 2.674818
v -0.292515 0.786673 2.635917
v -0.293542 0.732952 2.630854
v -0.269009 0.740954 2.635568
v -0.261996 0.729176 2.568035
v -0.303725 0.700083 2.606618
v -0.298399 0.730393 2.506735
v -0.308681 0.700167 2.506735
v -0.264386 0.700167 2.572755
v -0.264386 0.700167 2.607534
v -0.238999 0.700167 2.551199
v -0.236144 0.701428 2.506735
v -0.232186 1.776448 1.408920
v -0.223689 1.824937 1.372890
v -0.208954 1.824948 1.421381
v -0.166759 1.824937 1.392632
v -0.163552 1.776448 1.408921
v -0.171241 1.776586 1.363760
v -0.188708 1.824849 1.362007
v -0.216402 1.776448 1.356071
v -0.197869 1.776761 1.427838
v -0.768223 0.914421 2.281150
v -0.768223 0.990618 2.188260
v -0.768223 0.914421 2.188260
v -0.768223 0.990618 2.281150
v -0.450332 0.990618 2.188260
v -0.450332 0.721939 2.188260
v -0.649939 0.721939 2.188260
v 0.166759 1.824937 1.392632
v 0.163552 1.776448 1.408921
v 0.171241 1.776586 1.363760
v 0.188708 1.824849 1.362007
v 0.216402 1.776448 1.356071
v 0.223702 1.824857 1.372881
v 0.232186 1.776448 1.408920
v 0.208941 1.825144 1.421344
v 0.281491 0.784905 2.578618
v 0.286521 0.819650 2.655625
v 0.270597 0.787791 2.636345
v 0.292515 0.786673 2.635917
v 0.283000 0.721070 2.674818
v 0.293542 0.732952 2.630854
v 0.269009 0.740954 2.635568
v 0.303725 0.700083 2.606618
v 0.298399 0.730393 2.506735
v 0.308681 0.700167 2.506735
v 0.261996 0.729176 2.568035
v 0.236144 0.701428 2.506735
v 0.238999 0.700167 2.551199
v 0.264386 0.700167 2.572755
v 0.264386 0.700167 2.607534
v 0.703391 1.182791 0.882300
v 0.737110 1.214947 0.882300
v 0.737110 1.182791 0.891748
v 0.703391 1.214947 0.872852
v 0.715970 1.207558 0.955210
v 0.728145 1.211254 0.900563
v 0.721319 1.187907 0.900563
v 0.710622 1.191602 0.955210
v 0.408884 1.658961 0.772578
v 0.366712 1.676143 0.774364
v -0.587626 1.358404 1.348084
v 0.734970 1.198040 0.974489
v 0.705273 1.203613 0.973808
v 0.734970 1.187907 0.900563
v -0.556550 1.328840 1.513673
v -0.680693 1.258553 1.429852
v -0.591532 1.087880 -1.895267
v -0.591532 0.922837 -1.895267
v 0.922984 0.344162 1.714898
v 0.866423 0.265836 1.642774
v 0.908553 0.313535 1.701386
v 0.862873 0.247656 1.669652
v 0.856273 0.345822 1.716965
v 0.855579 0.329251 1.692636
v 0.832316 0.275607 1.641942
v 0.924779 0.373774 1.761647
v 0.929672 0.373709 1.718102
v 0.924091 0.348311 1.740233
v 0.904698 0.382468 1.795370
v 0.904096 0.319206 1.763534
v 0.924102 0.399092 1.740264
v 0.904337 0.424596 1.763577
v 0.904335 0.375225 1.677409
v 0.904483 0.428253 1.710443
v 0.875301 0.317025 1.720341
v 0.904040 0.327327 1.700017
v 0.875301 0.339572 1.788409
v 0.875301 0.370665 1.673976
v 0.875301 0.432883 1.724054
v 0.875301 0.410221 1.782426
v 0.623302 1.321116 0.744974
v 0.565200 1.712742 0.776840
v -0.623417 1.321393 0.745257
v -0.565361 1.712746 0.776945
v 0.603144 0.745381 0.778755
v 0.650738 0.798622 0.709320
v 0.710587 1.032949 0.811037
v 0.658527 1.260589 0.709247
v -0.658594 1.259713 0.709187
v -0.602328 0.745366 0.777867
v -0.650735 0.798622 0.709319
v -0.710587 1.032949 0.811037
v 0.896531 0.757437 -1.997935
v 0.896531 0.875589 -1.948355
v 0.896531 0.757437 -1.948355
v 0.896531 0.875589 -1.997935
v 0.614961 0.757437 -1.948355
v 0.614961 0.875589 -1.948355
v 0.614961 0.875589 -1.997935
v 0.614961 0.757437 -1.997935
v 0.331838 0.745381 -1.976671
v 0.212048 0.822920 -1.976671
v 0.363370 0.822920 -1.976671
v 0.243581 0.745381 -1.976671
v 0.331838 0.745381 -1.533387
v 0.243581 0.745381 -1.533387
v 0.363370 0.822919 -1.587940
v 0.212048 0.822919 -1.587940
v -0.833550 0.886874 -0.134743
v 0.446037 0.821490 -0.134743
v -0.446037 0.821490 -0.134743
v 0.833551 0.886874 -0.134743
v 0.446037 0.821490 -0.034599
v -0.833550 0.886874 -0.034599
v -0.446037 0.821490 -0.034599
v 0.833551 0.886874 -0.034599
v -0.833550 0.886874 -1.978319
v 0.446037 0.821490 -1.978319
v -0.446037 0.821490 -1.978319
v 0.833551 0.886874 -1.978319
v 0.446037 0.821490 -1.878175
v -0.833550 0.886874 -1.878175
v -0.446037 0.821490 -1.878175
v 0.833551 0.886874 -1.878175
v 0.844290 0.512347 -1.968768
v 0.844290 0.640258 -1.906051
v 0.844290 0.512347 -1.906051
v 0.844290 0.640258 -1.968768
v -0.844290 0.512347 -1.906051
v -0.844290 0.640258 -1.906051
v -0.844290 0.640258 -1.968768
v -0.844290 0.512347 -1.968768
v 0.887984 0.669349 -0.019254
v 0.555188 0.669349 -0.019254
v 0.555188 0.548492 -0.019254
v 0.887984 0.548492 -0.019254
v 0.555188 0.641934 -0.079660
v 0.887984 0.532685 -0.079660
v 0.555188 0.532685 -0.079660
v 0.887984 0.641934 -0.079660
v 0.887984 0.888381 -0.315543
v 0.555188 0.888381 -0.315543
v 0.555188 0.888381 -1.845980
v 0.887984 0.362029 -1.845981
v 0.555188 0.362029 -1.845981
v 0.887984 0.888381 -1.845980
v 0.887984 0.337183 -1.783083
v 0.555188 0.888381 -1.783082
v 0.555188 0.337183 -1.783083
v 0.887984 0.888381 -1.783082
v 0.768223 0.990618 2.188260
v 0.768223 0.990618 2.281150
v 0.768223 0.914421 2.281150
v 0.768223 0.914421 2.188260
v 0.649939 0.721939 2.281150
v 0.450332 0.721939 2.281150
v 0.450332 0.721939 2.188260
v 0.649939 0.721939 2.188260
v 0.450332 0.990618 2.281150
v 0.610683 1.712737 0.844123
v 0.606823 1.654574 0.911731
v 0.634803 1.389919 0.893475
v 0.645627 1.313277 0.816766
v 0.577142 1.703675 1.317663
v 0.600360 1.388241 1.328997
v 0.607138 1.290017 1.418528
v 0.585615 1.661183 1.269175
v 0.633691 0.840792 1.400713
v 0.680595 1.248168 0.808517
v 0.679827 0.806658 0.808936
v 0.798383 0.705602 0.559201
v 0.785086 0.715168 0.602668
v -0.591532 1.087879 -0.890267
v -0.591532 0.922837 -0.890267
v 0.720079 0.652033 0.604170
v 0.746010 0.742691 0.585445
v 0.696152 0.668891 0.552222
v 0.762984 0.730632 0.538871
v 0.739488 0.638650 0.558598
v 0.811821 0.344382 0.168978
v 0.811821 0.676798 0.737594
v 0.808341 0.341331 0.737594
v 0.808341 0.679849 0.168978
v 0.323065 0.677695 0.168978
v 0.322164 0.342177 0.168978
v 0.323065 0.343485 0.737594
v 0.322164 0.679003 0.737594
v -0.834580 2.022169 -0.238276
v 0.000000 2.052503 -0.238276
v -0.834580 2.000941 -0.535853
v 0.000000 2.031275 -0.535853
v 0.834580 2.022169 -0.238276
v 0.834580 2.000941 -0.535854
v 0.000000 2.052503 -0.833430
v 0.834580 2.022169 -0.833430
v 0.000000 2.031275 -1.131006
v 0.834580 2.000942 -1.131007
v 0.000000 2.052503 -1.428583
v 0.834580 2.022169 -1.428583
v 0.000000 2.031275 -1.726159
v 0.834580 2.000942 -1.726161
v 0.953805 1.935973 -1.626968
v 0.953805 1.935973 -1.031815
v 0.953805 1.935973 -0.436662
v -0.834580 2.000941 0.059300
v 0.000000 2.031275 0.059300
v 0.834580 2.000941 0.059300
v 0.953805 1.928897 0.059300
v 0.834580 2.022169 0.356877
v 0.000000 2.052503 0.356877
v -0.834580 2.022169 0.356877
v 0.953805 1.950124 0.356877
v -0.953805 1.950124 0.356877
v -0.953805 1.943049 -0.139084
v -0.953805 1.943049 -0.734238
v -0.834580 2.022169 -0.833429
v -0.834580 2.000942 -1.726160
v -0.834580 2.022169 -1.428582
v -0.834580 2.000942 -1.131006
v -0.953805 1.254131 -1.726159
v -0.953805 1.943049 -1.329391
v -0.953805 1.227854 -1.428583
v -0.953805 1.254131 -1.131007
v -0.953805 1.227854 -0.833430
v -0.953805 1.254130 -0.535853
v -0.953805 1.227854 -0.238276
v -0.953805 1.254130 0.059300
v -0.953805 1.254130 0.356877
v -0.834579 1.226466 0.356877
v -0.625934 1.254130 0.356877
v 0.000000 1.231219 0.356877
v 0.625934 1.254130 0.356877
v 0.834579 1.226466 0.356877
v 0.953805 1.254130 0.356877
v 0.476927 0.701788 2.249477
v 0.476628 0.767824 2.263335
v 0.501165 0.721442 2.250723
v 0.433410 0.705477 2.373715
v 0.436790 0.767368 2.358764
v 0.730401 0.656899 2.507075
v 0.745251 0.679740 2.373614
v 0.748093 0.523570 2.373615
v 0.730401 0.523569 2.507076
v 0.428633 0.679751 2.373567
v 0.608662 0.705273 2.373604
v 0.796681 0.705269 2.373618
v 0.608662 0.679742 2.373604
v 0.608662 0.711375 2.250608
v -0.476927 0.701788 2.249477
v -0.501165 0.721442 2.250723
v -0.433379 0.705493 2.373791
v -0.428624 0.679747 2.373589
v -0.556204 0.922837 0.231598
v -0.748093 0.523570 2.373615
v -0.745251 0.679740 2.373614
v -0.730403 0.523571 2.507060
v -0.730402 0.656901 2.507066
v -0.556204 1.087879 0.231598
v -0.608662 0.679742 2.373604
v -0.608662 0.711375 2.250608
v -0.869211 1.079648 0.261923
v 0.869211 1.114441 0.261920
v -0.054618 0.384042 -0.358899
v 0.068538 0.531119 0.167210
v 0.197382 0.529390 1.558374
v 0.780243 0.705268 2.643772
v -0.780239 0.705271 2.643801
v -0.796681 0.705269 2.373618
v -0.608662 0.705273 2.373604
v -0.774582 0.523568 2.644013
v 0.774584 0.523572 2.643998
v -0.003858 0.416507 -0.359841
v 0.112724 0.558157 0.181575
v 0.308666 0.628291 1.704629
v 0.801912 0.523568 2.374885
v -0.801912 0.523568 2.374885
v -0.654056 1.754862 0.832644
v -0.656063 1.712746 0.801483
v -0.609387 1.754638 0.778971
v -0.621762 1.774496 0.820937
v -0.601029 1.774052 1.310564
v -0.629574 1.752698 1.329458
v -0.640696 1.712740 1.353338
v 0.601029 1.774052 1.310564
v 0.654056 1.754862 0.832644
v 0.621762 1.774496 0.820937
v 0.624890 1.752341 1.346207
v 0.640696 1.712740 1.353338
v 0.656063 1.712746 0.801483
v 0.609387 1.754638 0.778971
v 0.430167 1.789675 0.768426
v 0.477672 1.783656 1.392051
v -0.416437 1.791139 0.767643
v 0.000000 1.794157 1.443740
v -0.477672 1.783656 1.392051
v -0.660725 0.746011 0.842781
v 0.489428 1.712744 0.752014
v 0.481038 1.754391 0.751114
v -0.483715 1.712744 0.751159
v -0.493078 1.754035 0.753244
v -0.023004 1.757818 1.491578
v -0.533773 1.755484 1.412567
v 0.519593 1.712741 1.436317
v 0.517438 1.753980 1.420027
v 0.000000 1.712742 1.506749
v -0.522997 1.712741 1.434566
v 0.859587 0.579062 1.453276
v 0.859369 0.690081 1.575287
v 0.738387 0.709506 1.564912
v 0.617431 0.690116 1.575352
v 0.617187 0.579062 1.453276
v 0.592541 0.152206 1.582899
v 0.592969 0.328929 1.474175
v 0.618016 0.440156 1.560859
v 0.618016 0.198407 1.669511
v 0.617271 0.554094 1.764647
v 0.592541 0.526768 1.514659
v 0.617330 0.435973 1.904394
v 0.593229 0.649638 1.773927
v 0.592423 0.423708 2.007395
v 0.617374 0.267367 1.882288
v 0.593229 0.128037 1.867673
v 0.401178 0.304064 1.776453
v 0.401178 0.373709 1.816663
v 0.401178 0.443354 1.776453
v 0.401178 0.443354 1.696034
v 0.401178 0.373709 1.655824
v 0.401178 0.304064 1.696034
v -0.401178 0.443354 1.776453
v -0.401178 0.443354 1.696034
v -0.401178 0.373709 1.655824
v -0.401178 0.304064 1.696033
v 0.882447 0.373608 1.466066
v 0.851413 0.248280 1.617615
v 0.881903 0.155956 1.575650
v 0.851344 0.399458 1.572842
v 0.881736 0.557090 1.545466
v 0.899231 0.373607 1.736061
v 0.851413 0.529403 1.662140
v 0.851676 0.494951 1.857404
v 0.882172 0.644641 1.730334
v 0.851344 0.347757 1.899279
v 0.881036 0.499550 1.983237
v 0.851676 0.220706 1.813968
v 0.881564 0.111706 1.777541
v 0.882447 0.214908 1.954490
v 0.325843 1.279636 1.378927
v 0.325843 1.370565 1.314648
v 0.315890 1.293196 1.393501
v 0.315890 1.357005 1.300074
v 0.305937 1.279636 1.378927
v 0.305937 1.370565 1.314648
v 0.624707 1.371871 1.394388
v 0.650035 1.379907 1.400270
v 0.643609 1.361273 1.439293
v 0.617491 1.373425 1.432886
v 0.625698 1.339314 1.397247
v 0.619133 1.340161 1.431039
v -0.605183 0.346220 -1.389715
v 0.605183 0.405917 -1.389715
v 0.605183 0.346220 -1.389715
v -0.605183 0.405917 -1.389715
v -0.605183 0.346220 -1.317334
v 0.605183 0.346220 -1.317334
v -0.605183 0.346220 -0.517720
v 0.605183 0.405917 -0.517720
v 0.605183 0.346220 -0.517720
v -0.605183 0.405917 -0.517720
v -0.605183 0.346220 -0.445338
v 0.605183 0.346220 -0.445338
v -0.821768 1.195866 0.676264
v -0.730228 1.051623 0.698735
v -0.709822 1.263731 0.698295
v -0.725181 1.391772 0.676268
v -0.793436 0.989515 0.676262
v -0.645243 1.118662 0.667975
v -0.511471 1.414107 0.698817
v -0.528455 1.488392 0.676715
v -0.321873 1.459499 0.676515
v -0.569617 1.279208 0.668011
v -0.474230 1.140821 0.715793
v -0.391638 1.292198 0.667975
v -0.306206 1.136649 0.668011
v -0.396322 0.987920 0.668239
v -0.252484 1.297089 0.698154
v -0.191446 1.346276 0.676150
v -0.126660 1.195048 0.676715
v -0.158142 0.979289 0.675931
v -0.219135 1.057936 0.698441
v -0.347232 0.908265 0.698448
v -0.549253 0.993580 0.667906
v -0.547178 0.880797 0.698439
v -0.322925 0.821615 0.676262
v -0.679684 0.858037 0.676149
v -0.529277 0.793283 0.676264
v -0.207660 1.407391 0.554950
v -0.358522 1.496933 0.554950
v -0.098679 1.200304 0.554950
v -0.926378 0.375035 -1.331421
v -0.929320 0.374553 -1.372730
v -0.924065 0.399527 -1.356922
v -0.904514 0.374240 -1.413976
v -0.904644 0.433315 -1.372775
v -0.924346 0.348035 -1.356321
v -0.904335 0.326211 -1.389888
v -0.904483 0.319757 -1.328119
v -0.904239 0.391808 -1.295632
v -0.922984 0.370398 -0.447994
v -0.908553 0.374375 -0.414757
v -0.866422 0.374147 -0.341416
v -0.862873 0.341959 -0.345535
v -0.444097 1.265545 0.347144
v -0.230236 1.051106 0.345576
v -0.223051 1.061224 0.345576
v -0.436547 1.274775 0.347144
v -0.437107 1.274817 0.358170
v -0.427714 1.266527 0.359829
v -0.708044 1.062985 0.345576
v -0.707276 1.048607 0.345576
v -0.007278 1.257610 0.357804
v -0.000466 1.249731 0.358523
v -0.218574 1.062439 0.345576
v -0.209750 1.049906 0.345576
v -0.835881 1.034850 1.689618
v -0.821201 1.083152 1.666849
v -0.815930 1.083027 1.715438
v -0.816963 1.034537 1.723936
v -0.772611 1.083027 1.672120
v -0.764114 1.034537 1.671086
v -0.816963 1.034537 1.655301
v -0.777060 1.082916 1.710989
v -0.771803 1.034676 1.716247
v 0.764114 1.034537 1.671086
v 0.798431 1.083068 1.657807
v 0.767321 1.083027 1.691863
v 0.771803 1.034676 1.716247
v 0.809503 1.083233 1.720574
v 0.816963 1.034537 1.723936
v 0.835881 1.034850 1.689618
v 0.826926 1.082912 1.681983
v 0.816963 1.034537 1.655301
v 0.543975 1.388253 1.504870
v 0.525275 1.668836 1.429031
v 0.535065 1.391377 1.493395
v 0.541532 1.668226 1.422758
v 0.557285 1.390871 1.487835
v 0.650643 1.375137 1.222143
v 0.643044 1.677138 1.227347
v 0.661670 1.370154 1.233760
v 0.632374 1.671978 1.215990
v 0.650481 0.737318 1.320753
v 0.663111 0.737318 0.852827
v 0.601424 0.737318 1.320753
v 0.710061 0.806630 0.809097
v 0.680693 0.807572 1.378566
v 0.634424 1.672412 1.238507
v 0.710589 1.248168 0.808517
v 0.680693 0.943954 1.424173
v 0.655506 1.291835 1.417419
v 0.652298 1.654550 0.911523
v 0.655674 1.628784 0.899482
v 0.686056 1.313277 0.816766
v 0.625831 1.704875 1.319117
v 0.636422 1.628784 1.287544
v 0.648274 1.414090 1.332389
v 0.651311 1.375176 1.298512
v 0.678382 1.414446 0.884301
v 0.677199 1.389967 0.893919
v 0.650908 1.712722 0.844115
v 0.648674 1.712741 0.890375
v 0.635422 1.657938 1.268106
v -0.032020 0.758315 -0.152477
v -0.032020 0.814350 -0.152477
v -0.435230 0.501556 0.445424
v -0.219411 0.501864 0.424398
v -0.234573 0.548530 0.445424
v -0.435230 0.550623 0.445424
v -0.553123 0.570895 0.445424
v -0.509861 0.595789 0.445424
v -0.629300 0.767890 0.445424
v -0.830714 1.034043 0.445424
v -0.784429 1.050885 0.445424
v -0.851457 1.162336 0.445424
v -0.802389 1.162336 0.445424
v -0.435230 0.501556 0.403371
v -0.237931 0.556915 0.403371
v -0.057542 0.744093 0.354132
v 0.597373 1.033842 0.354132
v 0.597373 0.744093 0.354132
v -0.057542 1.033842 0.354132
v -0.057542 1.033842 0.728676
v -0.057542 0.744093 0.728676
v 0.597373 0.744093 0.728676
v 0.881877 0.585463 -1.187650
v 0.851448 0.541633 -1.350963
v 0.881875 0.632444 -1.439237
v 0.899231 0.373608 -1.355136
v 0.851413 0.217813 -1.429057
v 0.882255 0.410849 -1.628421
v 0.850940 0.428857 -1.525176
v 0.859952 0.221251 -1.673813
v 0.881591 0.151863 -1.511404
v 0.881878 0.118514 -1.272250
v 0.859587 0.090824 -1.560591
v 0.881857 0.317694 -1.083696
v 0.851690 0.269653 -1.212054
v 0.851448 0.468995 -1.216749
v -0.533712 1.516372 0.554950
v -0.435230 0.559539 0.403371
v -0.740800 1.407392 0.554950
v -0.830341 1.256529 0.554950
v -0.533712 0.765270 0.554950
v -0.740800 0.874251 0.554950
v -0.849781 1.081340 0.554950
v -0.541664 0.560338 0.403371
v -0.358522 0.784710 0.554950
v -0.207660 0.874251 0.554950
v -0.118118 1.025113 0.554950
v 0.713252 1.020124 0.355513
v 0.726013 1.039051 0.354746
v 0.728451 1.073374 0.354188
v 0.728083 1.065752 0.345261
v 0.698611 1.077451 0.354037
v 0.697604 1.064071 0.345297
v -0.506504 0.604174 0.403371
v 0.218757 1.020124 0.355513
v 0.231518 1.039051 0.354746
v 0.233956 1.073374 0.354188
v 0.233588 1.065752 0.345261
v 0.204116 1.077451 0.354037
v 0.203109 1.064071 0.345297
v -0.622914 0.774732 0.403371
v -0.728451 1.073374 0.354188
v -0.728083 1.065752 0.345261
v -0.726013 1.039051 0.354746
v -0.713252 1.020124 0.355513
v -0.698611 1.077451 0.354037
v -0.697604 1.064071 0.345297
v -0.233956 1.073374 0.354188
v -0.233588 1.065752 0.345261
v -0.231518 1.039051 0.354746
v -0.218757 1.020124 0.355513
v -0.204116 1.077451 0.354037
v -0.203109 1.064071 0.345297
v -0.435230 0.501556 0.712957
v -0.219411 0.501864 0.691930
v -0.234573 0.548530 0.712957
v -0.435230 0.550623 0.712957
v -0.553123 0.570895 0.712957
v -0.509861 0.595789 0.712957
v -0.629300 0.767890 0.712957
v -0.830714 1.034043 0.712957
v -0.784429 1.050885 0.712957
v -0.851457 1.162336 0.712957
v -0.802389 1.162336 0.712957
v -0.435230 0.501556 0.670903
v -0.237931 0.556915 0.670903
v 0.943356 1.020124 0.177933
v 0.942589 1.039051 0.165172
v 0.942032 1.073375 0.162734
v 0.933105 1.065752 0.163102
v 0.941882 1.077451 -0.126754
v 0.933141 1.064071 -0.125747
v 0.933105 1.065752 -0.156226
v 0.942032 1.073375 -0.156594
v -0.435230 0.559539 0.670903
v -0.881036 0.499551 -1.107960
v -0.882172 0.209667 -1.139231
v -0.851115 0.400709 -1.184028
v -0.851630 0.238136 -1.256709
v -0.899231 0.373608 -1.355136
v -0.882155 0.104525 -1.360442
v -0.881564 0.186108 -1.542637
v -0.851413 0.217813 -1.429057
v -0.850940 0.428857 -1.525176
v -0.851676 0.543101 -1.328291
v -0.882278 0.647518 -1.405457
v -0.882255 0.410848 -1.628421
v -0.541664 0.560338 0.670903
v 0.882595 1.029280 1.554531
v 0.882595 0.616539 1.236631
v 0.882595 0.458777 1.238963
v 0.882595 0.498440 1.213705
v -0.506504 0.604174 0.670903
v -0.622914 0.774732 0.670903
v 0.299753 1.094920 2.585950
v 0.297319 0.833253 2.594784
v -0.299752 0.835030 2.594739
v -0.300460 1.099029 2.585483
v 0.942589 1.039051 -0.154156
v 0.941999 1.040599 -0.128124
v 0.943356 1.020124 -0.141395
v 0.684684 0.616539 1.236631
v 0.640911 0.498440 1.213705
v 0.636108 1.009349 1.531337
v 0.636313 1.043453 1.604280
v -0.333651 1.065822 2.592618
v -0.339436 0.710395 2.594919
v 0.819905 0.726241 0.587173
v 0.774311 0.758005 0.606626
v 0.760039 0.767948 0.556952
v 0.798951 0.740839 0.534126
v -0.856273 0.371329 -0.450475
v -0.855580 0.378636 -0.421960
v -0.832316 0.381227 -0.348198
v -0.855580 0.358839 -0.423820
v -0.832316 0.342551 -0.351833
v 0.660725 0.746011 0.842781
v -0.387069 0.710280 2.558398
v 0.636108 0.955640 1.554028
v 0.684684 0.565857 1.286496
v 0.633249 0.456083 1.244673
v 0.941882 1.077451 0.192573
v 0.933141 1.064071 0.193580
v 0.941882 1.077451 -0.355285
v 0.933141 1.064071 -0.354278
v 0.941999 1.040599 -0.356655
v 0.941999 1.040599 0.191204
v -0.205486 1.040599 0.354156
v 0.941882 1.077452 -0.663071
v 0.933141 1.064071 -0.662064
v 0.941999 1.040599 -0.664441
v 0.943356 1.020124 -0.677712
v 0.941882 1.077451 -0.984707
v 0.933141 1.064071 -0.983700
v 0.941999 1.040599 -0.986076
v 0.943356 1.020124 -0.999348
v -0.699981 1.040599 0.354156
v 0.941882 1.077452 -1.292493
v 0.933141 1.064071 -1.291486
v 0.941999 1.040599 -1.293863
v 0.941882 1.077452 -1.547955
v 0.933141 1.064071 -1.546948
v 0.941999 1.040599 -1.549325
v 0.205486 1.040599 0.354156
v 0.699981 1.040599 0.354156
v 0.941882 1.077452 -1.858171
v 0.933141 1.064071 -1.857164
v 0.941999 1.040599 -1.859540
v 0.597373 1.033842 0.728676
v 0.650503 1.375625 1.245048
v 0.632233 1.672466 1.238896
v -0.863988 1.262820 0.354259
v -0.853466 1.268924 0.358431
v -0.719924 1.059112 0.345576
v -0.720206 1.039268 0.345576
v -0.875301 0.388703 -1.415648
v -0.875301 0.323994 -1.386670
v -0.875301 0.326012 -1.314993
v -0.875301 0.404758 -1.303308
v -0.875301 0.432465 -1.358846
v -0.605183 0.405917 -0.445338
v 0.605183 0.405917 -0.445338
v -0.605183 0.405917 -1.317334
v 0.605183 0.405917 -1.317334
v -0.633330 0.496662 0.842927
v -0.633374 0.456088 0.808009
v -0.633249 0.746379 0.808010
v -0.882595 0.498440 1.213705
v 0.953805 1.254130 0.059300
v 0.953805 1.227854 -0.238276
v 0.953805 1.254130 -0.535853
v 0.953805 1.227854 -0.833430
v 0.953805 1.254131 -1.131007
v 0.953805 1.227854 -1.428583
v 0.953805 1.254131 -1.726159
v -0.882595 0.616539 1.236631
v -0.443264 0.988816 2.306020
v -0.547010 0.988816 1.914439
v 0.941271 1.031723 -1.880106
v 0.955213 1.246744 -2.005592
v 0.941271 1.060578 -1.883111
v 0.956109 1.252164 -1.995700
v 0.941271 1.043052 -1.567918
v 0.941271 1.259383 -1.727408
v 0.941271 1.064211 -1.571529
v 0.941271 1.271270 -1.722897
v 0.941271 1.261981 -1.432982
v 0.941271 1.062401 -1.316728
v 0.941271 1.252768 -1.441989
v 0.941271 1.034757 -1.314329
v 0.941271 1.049740 -1.006287
v 0.941271 1.262293 -1.133766
v 0.941271 1.071925 -1.008687
v 0.941271 1.275402 -1.129089
v 0.450332 0.990618 2.188260
v 0.887984 0.888381 -0.225157
v 0.941271 1.252024 -0.832856
v 0.941271 1.062999 -0.685949
v 0.941271 1.249737 -0.842296
v 0.941271 1.045229 -0.684154
v 0.941271 1.045887 -0.377662
v 0.941271 1.261984 -0.537472
v 0.941271 1.065077 -0.379892
v 0.941271 1.278652 -0.538398
v 0.555188 0.888381 -0.225157
v 0.941271 1.040841 -0.150994
v 0.941271 1.249604 -0.243784
v 0.941271 1.062975 -0.151198
v 0.941271 1.254958 -0.234429
v 0.941271 1.041683 0.172844
v 0.941271 1.273110 0.057429
v 0.941271 1.056340 0.173122
v 0.941271 1.277888 0.067988
v 0.956928 1.247742 -0.833268
v 0.955489 1.254058 -0.840961
v 0.941271 1.068020 -0.991914
v 0.941271 1.049583 -0.992557
v 0.958084 1.269704 -0.532231
v 0.955533 1.274648 -0.541088
v 0.941271 1.061965 -0.670629
v 0.941271 1.042660 -0.671878
v 0.315858 0.519598 0.139069
v 0.797527 0.526377 0.132240
v 0.315858 0.552215 0.037326
v 0.797527 0.549690 0.028041
v 0.316100 0.499819 -0.030159
v 0.796858 0.499819 -0.030159
v 0.315858 0.425170 -0.044470
v 0.797527 0.415884 -0.041946
v 0.315858 0.346051 0.027334
v 0.797527 0.343594 0.036638
v 0.316100 0.357684 0.111976
v 0.796858 0.357684 0.111976
v 0.315858 0.415178 0.161694
v 0.797527 0.424482 0.164150
v 0.290075 0.447794 0.059950
v 0.956550 1.269181 0.319619
v 0.955455 1.275589 0.308887
v 0.941271 1.057774 0.184848
v 0.941271 1.041201 0.185458
v 0.866327 0.447794 0.059950
v -0.941271 1.030365 -1.867823
v -0.955714 1.270261 -1.721201
v -0.941271 1.062571 -1.862336
v -0.955382 1.276829 -1.730580
v -0.941271 1.034838 -1.559180
v -0.960636 1.246212 -1.423272
v -0.941271 1.062571 -1.552482
v -0.955485 1.252226 -1.434231
v -0.954961 1.246717 -2.005545
v -0.955996 1.252133 -1.995679
v -0.941271 1.060578 -1.883111
v -0.941271 1.031723 -1.880106
v -0.941271 1.259383 -1.727408
v -0.941271 1.064211 -1.571529
v -0.941271 1.271270 -1.722897
v 0.855579 0.317563 1.708722
v 0.832316 0.252773 1.673370
v -0.941271 1.043052 -1.567918
v -0.941271 1.262293 -1.133766
v -0.941271 1.071925 -1.008687
v -0.941271 1.275402 -1.129089
v 0.703391 1.214947 0.901196
v 0.736210 1.187255 0.886777
v 0.736194 1.201010 0.874911
v 0.736286 1.205746 0.897220
v -0.941271 1.049740 -1.006287
v -0.941271 1.065077 -0.379892
v -0.941271 1.278652 -0.538398
v -0.941271 1.261984 -0.537472
v -0.941271 1.045887 -0.377662
v -0.941271 1.249604 -0.243784
v -0.941271 1.040841 -0.150994
v -0.941271 1.062975 -0.151198
v -0.941271 1.254958 -0.234429
v -0.941271 1.273110 0.057429
v -0.941271 1.041683 0.172844
v -0.941271 1.056340 0.173122
v -0.941271 1.277888 0.067988
v -0.855579 0.430075 -1.328658
v -0.832316 0.497451 -1.298524
v -0.875301 0.357122 -0.544389
v -0.875301 0.433804 -0.500882
v -0.875301 0.313615 -0.467706
v -0.875301 0.390297 -0.424200
v -0.875301 0.315083 1.755293
v -0.875301 0.393203 1.796240
v -0.875301 0.389610 1.679559
v -0.875301 0.337197 1.690061
v -0.875301 0.432883 1.724054
v -0.855579 0.329251 1.692636
v -0.832316 0.275607 1.641942
v 0.856273 0.345493 -1.336341
v 0.855579 0.327396 -1.313125
v 0.832316 0.270613 -1.265974
v 0.197869 1.776761 1.427838
v -0.649939 0.721939 2.281150
v -0.450332 0.721939 2.281150
v -0.450332 0.990618 2.281150
v 0.922984 0.382853 -0.519611
v 0.866423 0.401739 -0.624397
v 0.856273 0.382777 -0.516962
v 0.855580 0.381296 -0.546360
v 0.832316 0.393448 -0.619161
v 0.738387 0.107038 -1.621706
v 0.738387 0.257900 -1.711247
v 0.738387 0.107039 -0.750865
v 0.738387 0.257900 -0.840405
v -0.896531 0.875589 -1.948355
v -0.614961 0.875589 -1.948355
v -0.896531 0.757437 -1.948355
v -0.614961 0.757437 -1.948355
v 0.882595 1.041654 1.914439
v 0.633249 0.746379 0.808010
v 0.702100 0.746379 0.808010
v 0.449401 1.274344 0.358396
v 0.458675 1.267498 0.359360
v 0.223051 1.061224 0.345576
v 0.230236 1.054067 0.345576
v -0.006406 1.250522 0.349191
v 0.218574 1.062439 0.345576
v -0.000791 1.260151 0.349191
v 0.633374 0.456088 0.808009
v 0.757375 0.569386 0.808010
v 0.209750 1.052867 0.345576
v -0.754205 0.990618 1.552467
v -0.668856 0.795098 1.419193
v -0.640659 0.795098 1.513710
v -0.754205 0.935639 1.610334
v -0.754205 0.990618 2.186313
v -0.754205 0.935639 2.186313
v -0.611826 0.795098 1.642470
v -0.630356 0.795098 2.186313
v -0.465746 0.795098 2.186313
v -0.878019 1.316832 -2.047164
v -0.915228 0.932300 0.223195
v -0.915228 0.932300 -0.258369
v -0.915228 0.932300 -0.744924
v -0.915228 0.932300 -0.949525
v -0.915228 0.932300 -1.434359
v -0.915228 0.932300 -1.921349
v 0.915228 0.932300 0.259328
v 0.915228 0.932300 0.223195
v 0.915228 0.932300 -0.222236
v 0.915228 0.932300 -0.258369
v 0.915228 0.932300 -0.708790
v 0.915228 0.932300 -0.744924
v 0.915228 0.932300 -0.913392
v 0.915228 0.932300 -0.949525
v 0.915228 0.932300 -1.398226
v 0.915228 0.932300 -1.434359
v 0.915228 0.932300 -1.885215
v 0.915228 0.932300 -1.921349
v -0.525275 1.668836 1.429031
v -0.543580 1.388713 1.505300
v -0.535065 1.391377 1.493395
v -0.555273 1.388447 1.502373
v -0.547495 1.668330 1.423470
v -0.557285 1.390871 1.487835
v -0.599923 1.420527 1.433308
v -0.576050 1.659860 1.398715
v 0.576050 1.659860 1.398715
v 0.599923 1.420527 1.433308
v 0.649790 1.387205 1.323128
v -0.634424 1.672412 1.238507
v -0.651306 1.375181 1.298358
v -0.394522 1.400998 0.754460
v 0.000000 1.676143 0.774092
vt 0.1091 0.1611
vt 0.1758 0.4565
vt 0.1412 0.4341
vt 0.1453 0.1230
vt 0.2025 0.0977
vt 0.1226 0.5427
vt 0.0704 0.8173
vt 0.1091 0.5732
vt 0.0714 0.8521
vt 0.1526 0.5347
vt 0.0890 0.8776
vt 0.7612 0.9781
vt 0.7603 0.6182
vt 0.8154 0.6479
vt 0.8486 0.6882
vt 0.7974 0.9581
vt 0.0723 0.5542
vt 0.1300 0.9355
vt 0.0578 0.5967
vt 0.1609 0.9813
vt 0.1113 0.5349
vt 0.2076 1.0040
vt 0.7236 0.9719
vt 0.7505 0.5527
vt 0.7427 0.9310
vt 0.7666 0.5911
vt 0.8765 0.3452
vt 0.8438 0.0674
vt 0.8550 0.0991
vt 0.8730 0.3799
vt 0.8145 0.0571
vt 0.8535 0.4038
vt 0.1321 0.5527
vt 0.1399 0.9310
vt 0.1160 0.5911
vt 0.1588 0.9719
vt 0.7715 0.5349
vt 0.7217 0.9813
vt 0.6748 1.0040
vt 0.8105 0.5542
vt 0.7524 0.9355
vt 0.8247 0.5967
vt 0.9434 0.3501
vt 0.9106 0.1177
vt 0.9414 0.1436
vt 0.9248 0.3765
vt 0.8828 0.3936
vt 0.8794 0.0918
vt 0.5156 0.3936
vt 0.5156 0.0918
vt 0.1515 0.0918
vt 0.1484 0.3936
vt 0.1088 0.1128
vt 0.1062 0.3765
vt 0.0896 0.1436
vt 0.0877 0.3501
vt 0.4363 0.6428
vt 0.4362 0.6659
vt 0.4399 0.6645
vt 0.4405 0.6428
vt 0.4382 0.6873
vt 0.4405 0.6846
vt 0.4405 0.6674
vt 0.4362 0.6940
vt 0.4395 0.6939
vt 0.4412 0.6938
vt 0.4350 0.6846
vt 0.4341 0.6658
vt 0.4329 0.6846
vt 0.4335 0.6938
vt 0.8861 0.7947
vt 0.8242 0.7947
vt 0.8462 0.7444
vt 0.9995 0.6941
vt 0.9995 0.7444
vt 0.9556 0.6941
vt 0.9338 0.7444
vt 0.9556 0.7947
vt 0.8861 0.6941
vt 0.8242 0.6941
vt 0.9995 0.7947
vt 0.4329 0.6675
vt 0.4329 0.6638
vt 0.4329 0.6428
vt -0.0457 0.7947
vt -0.0019 0.7444
vt -0.0019 0.7947
vt -0.0676 0.7444
vt -0.0457 0.6941
vt -0.0019 0.6941
vt -0.1551 0.7444
vt -0.1149 0.6941
vt -0.1976 0.6941
vt -0.2188 0.7444
vt -0.1975 0.7947
vt -0.1148 0.7947
vt 0.4515 0.6889
vt 0.4509 0.6785
vt 0.4431 0.6809
vt 0.4491 0.6647
vt -0.0457 0.7947
vt -0.0238 0.7444
vt -0.0019 0.7947
vt -0.1073 0.7444
vt -0.0019 0.6941
vt -0.0457 0.6941
vt -0.1979 0.7444
vt -0.1152 0.6941
vt -0.1976 0.6941
vt -0.1152 0.7947
vt -0.1975 0.7947
vt 0.4363 0.6428
vt 0.4362 0.6659
vt 0.4341 0.6658
vt 0.4329 0.6428
vt 0.4329 0.6638
vt 0.4329 0.6675
vt 0.4329 0.6846
vt 0.4350 0.6846
vt 0.4382 0.6873
vt 0.4362 0.6940
vt 0.4335 0.6938
vt 0.4771 0.6880
vt 0.4661 0.6648
vt 0.4643 0.6866
vt 0.4778 0.6552
vt 0.4395 0.6939
vt 0.4405 0.6846
vt 0.4412 0.6938
vt 0.4399 0.6645
vt 0.4405 0.6674
vt 0.4405 0.6428
vt 0.4453 0.6641
vt 0.4426 0.6809
vt 0.4458 0.6809
vt 0.4990 0.6809
vt 0.4959 0.6549
vt 0.4958 0.6892
vt 0.4643 0.6866
vt 0.4661 0.6648
vt 0.4771 0.6880
vt 0.4778 0.6552
vt 0.4426 0.6809
vt 0.4453 0.6641
vt 0.4458 0.6809
vt 0.4515 0.6889
vt 0.4431 0.6809
vt 0.4509 0.6785
vt 0.4491 0.6647
vt 0.4643 0.6547
vt 0.4515 0.6548
vt 0.4644 0.6892
vt 0.4515 0.6548
vt 0.4643 0.6547
vt 0.4644 0.6892
vt 0.7329 0.3125
vt 0.7329 0.2168
vt 0.6899 0.2168
vt 0.6899 0.3125
vt 0.6470 0.2168
vt 0.6470 0.3125
vt 0.6035 0.2168
vt 0.6035 0.3125
vt 0.5605 0.2168
vt 0.5605 0.3125
vt 0.5171 0.2168
vt 0.5171 0.3125
vt 0.7042 0.2031
vt 0.6180 0.2031
vt 0.5172 0.2031
vt 0.8193 0.2168
vt 0.8628 0.2168
vt 0.8628 0.2031
vt 0.7907 0.2031
vt 0.7764 0.2168
vt 0.8193 0.4077
vt 0.7764 0.3125
vt 0.7764 0.4077
vt 0.8193 0.3125
vt 0.7329 0.4077
vt 0.7474 0.4214
vt 0.8193 0.4214
vt 0.8628 0.4077
vt 0.8628 0.3125
vt 0.8628 0.4214
vt 0.7410 0.4341
vt 0.7280 0.5376
vt 0.7671 0.5376
vt 0.6890 0.5376
vt 0.6505 0.4341
vt 0.6504 0.5376
vt 0.9614 0.5376
vt 0.9614 0.4341
vt 0.9224 0.4341
vt 0.9224 0.5376
vt 0.8577 0.4341
vt 0.8838 0.5376
vt 0.8447 0.5376
vt 0.8057 0.4341
vt 0.8057 0.5376
vt 0.4990 0.6809
vt 0.4958 0.6892
vt 0.4959 0.6549
vt 0.5605 0.4077
vt 0.5171 0.4077
vt 0.5172 0.4214
vt 0.6180 0.4214
vt 0.6035 0.4077
vt 0.6470 0.4077
vt 0.6899 0.4214
vt 0.6899 0.4077
vt -0.2586 0.4341
vt -0.2327 0.5376
vt -0.2715 0.5376
vt -0.3103 0.5376
vt -0.3493 0.4341
vt -0.3494 0.5376
vt -0.0384 0.5376
vt -0.1031 0.4341
vt -0.0384 0.4341
vt -0.0772 0.5376
vt -0.1161 0.5376
vt -0.1549 0.5376
vt -0.1808 0.4341
vt -0.1938 0.5376
vt 0.8887 0.4307
vt 0.9888 0.4307
vt 0.9907 0.4160
vt 0.8804 0.4160
vt 0.9888 0.3901
vt 0.8730 0.3130
vt 0.9888 0.3130
vt 0.9888 0.2358
vt 0.8804 0.2100
vt 0.9907 0.2100
vt 0.8887 0.1953
vt 0.9888 0.1953
vt 0.9238 0.0674
vt 0.7842 0.0674
vt 0.7842 0.0596
vt 0.9238 0.0596
vt 0.9238 0.0674
vt 0.7842 0.0674
vt 0.7842 0.0596
vt 0.9238 0.0596
vt 0.9238 0.0674
vt 0.7842 0.0674
vt 0.7842 0.0596
vt 0.9238 0.0596
vt 0.9238 0.0674
vt 0.7842 0.0674
vt 0.7842 0.0596
vt 0.9238 0.0596
vt 0.9238 0.0674
vt 0.7842 0.0674
vt 0.7842 0.0596
vt 0.9238 0.0596
vt 0.9238 0.0674
vt 0.7842 0.0674
vt 0.7842 0.0596
vt 0.9238 0.0596
vt 0.9238 0.0674
vt 0.7842 0.0674
vt 0.7842 0.0596
vt 0.9238 0.0596
vt 0.9238 0.0674
vt 0.7842 0.0674
vt 0.7842 0.0596
vt 0.9238 0.0596
vt 0.9238 0.0674
vt 0.7842 0.0674
vt 0.7842 0.0596
vt 0.9238 0.0596
vt 0.9238 0.0674
vt 0.7842 0.0674
vt 0.7842 0.0596
vt 0.9238 0.0596
vt 0.9238 0.0767
vt 0.7842 0.0767
vt 0.7842 0.0693
vt 0.9238 0.0693
vt 0.9585 0.0698
vt 0.8193 0.0698
vt 0.8193 0.0625
vt 0.9585 0.0625
vt 0.9692 0.0625
vt 0.8301 0.0625
vt 0.8301 0.0552
vt 0.9692 0.0552
vt 0.9487 0.0791
vt 0.8091 0.0791
vt 0.8091 0.0718
vt 0.9487 0.0718
vt 0.2844 0.4292
vt 0.2638 0.4305
vt 0.2651 0.4556
vt 0.2876 0.4521
vt 0.2258 0.5308
vt 0.2257 0.5605
vt 0.1617 0.5605
vt 0.1615 0.5308
vt 0.2206 0.5598
vt 0.1614 0.5308
vt 0.2207 0.5308
vt 0.1615 0.5598
vt 0.1617 0.5605
vt 0.1615 0.5308
vt 0.2256 0.5308
vt 0.2273 0.5605
vt 0.2257 0.5605
vt 0.1585 0.5308
vt 0.2258 0.5308
vt 0.1567 0.5605
vt 0.1503 0.5427
vt 0.2166 0.5463
vt 0.1517 0.5462
vt 0.2174 0.5417
vt 0.2167 0.5276
vt 0.2012 0.5425
vt 0.2002 0.5276
vt 0.1499 0.5276
vt 0.0968 0.4579
vt 0.0968 0.4969
vt 0.1154 0.4810
vt 0.1351 0.4577
vt 0.1352 0.4968
vt 0.1516 0.5276
vt 0.2175 0.5425
vt 0.2167 0.5276
vt 0.1509 0.5417
vt 0.1670 0.5424
vt 0.1672 0.5276
vt 0.2844 0.4292
vt 0.2651 0.4556
vt 0.2651 0.4292
vt 0.2206 0.5598
vt 0.1614 0.5308
vt 0.1615 0.5598
vt 0.2207 0.5308
vt 0.2257 0.5605
vt 0.1585 0.5308
vt 0.1567 0.5605
vt 0.2258 0.5308
vt 0.6773 0.9786
vt 0.6881 0.9912
vt 0.6743 0.9976
vt 0.6880 0.8981
vt 0.6929 0.9907
vt 0.6753 0.8983
vt 0.7020 0.8973
vt 0.7202 0.9971
vt 0.5303 0.1079
vt 0.5234 0.1416
vt 0.5303 0.1079
vt 0.5234 0.1416
vt 0.5225 0.1577
vt 0.5034 0.1416
vt 0.5098 0.1079
vt 0.5225 0.1577
vt 0.5020 0.1577
vt 0.4534 0.1577
vt 0.4539 0.1490
vt 0.4543 0.1416
vt 0.5303 0.1079
vt 0.5234 0.1416
vt 0.5234 0.1416
vt 0.5303 0.1079
vt 0.5034 0.1416
vt 0.5225 0.1577
vt 0.5098 0.1079
vt 0.1671 0.5461
vt 0.1670 0.5424
vt 0.5225 0.1577
vt 0.5020 0.1577
vt 0.4543 0.1416
vt 0.4534 0.1577
vt 0.4468 0.1343
vt 0.4685 0.1377
vt 0.4685 0.1343
vt 0.4468 0.1377
vt 0.4707 0.1377
vt 0.4707 0.1343
vt 0.9111 0.1431
vt 0.9111 0.1343
vt 0.9067 0.1343
vt 0.9067 0.1431
vt 0.8374 0.1343
vt 0.8428 0.1431
vt 0.8428 0.1343
vt 0.8374 0.1431
vt 0.8447 0.1479
vt 0.9028 0.1431
vt 0.8486 0.1431
vt 0.9063 0.1479
vt 0.8721 0.1616
vt 0.8794 0.1616
vt 0.8799 0.1626
vt 0.9189 0.1763
vt 0.9189 0.1626
vt 0.8799 0.1763
vt 0.8706 0.1763
vt 0.8706 0.1626
vt 0.4142 0.6890
vt 0.4141 0.6829
vt 0.4081 0.6904
vt 0.4155 0.6829
vt 0.4221 0.6829
vt 0.4221 0.6785
vt 0.4222 0.6904
vt 0.4154 0.6869
vt 0.4155 0.6946
vt 0.4221 0.6946
vt -0.9760 0.3424
vt -0.9736 0.3529
vt -0.9780 0.3528
vt -0.9780 0.3453
vt -0.9780 0.3114
vt -0.9758 0.3143
vt -0.9736 0.3449
vt -0.9736 0.3027
vt -0.9780 0.3029
vt -0.9736 0.3119
vt -0.9736 0.3529
vt -0.9760 0.3424
vt -0.9780 0.3528
vt -0.9780 0.3453
vt -0.9780 0.3114
vt -0.9758 0.3143
vt -0.9736 0.3449
vt 0.5317 0.1270
vt 0.5840 0.1367
vt 0.5840 0.1270
vt 0.5317 0.1367
vt 0.5200 0.1270
vt 0.5200 0.1367
vt 0.4592 0.1367
vt 0.4592 0.1270
vt 0.5200 0.1270
vt 0.4592 0.1270
vt 0.5200 0.1270
vt 0.5317 0.1270
vt 0.5317 0.1270
vt 0.5840 0.1270
vt 0.5317 0.1270
vt 0.5200 0.1270
vt 0.4592 0.1367
vt 0.5200 0.1367
vt 0.5317 0.1367
vt 0.2010 0.5462
vt 0.5840 0.1367
vt 0.5317 0.1270
vt 0.5317 0.1367
vt 0.5840 0.1270
vt 0.5200 0.1270
vt 0.4592 0.1270
vt 0.5200 0.1270
vt 0.5317 0.1270
vt 0.5317 0.1270
vt 0.5840 0.1270
vt 0.5317 0.1270
vt 0.5200 0.1270
vt 0.5200 0.1270
vt 0.5200 0.1367
vt 0.4592 0.1367
vt 0.4592 0.1270
vt 0.4592 0.1367
vt 0.5200 0.1367
vt 0.5317 0.1367
vt 0.1672 0.5276
vt 0.5317 0.1270
vt 0.5840 0.1367
vt 0.5840 0.1270
vt 0.5317 0.1367
vt 0.5200 0.1270
vt 0.5200 0.1367
vt 0.4592 0.1367
vt 0.4592 0.1270
vt 0.5200 0.1270
vt 0.4592 0.1270
vt 0.5200 0.1270
vt 0.5317 0.1270
vt 0.5317 0.1270
vt 0.5840 0.1270
vt 0.5317 0.1270
vt 0.5200 0.1270
vt 0.4592 0.1367
vt 0.5200 0.1367
vt 0.5317 0.1367
vt 0.1552 0.8771
vt 0.0130 0.8771
vt 0.0130 0.8851
vt 0.1552 0.8851
vt 0.4319 0.1118
vt 0.4070 0.1147
vt 0.4319 0.1172
vt 0.4414 0.1250
vt 0.4414 0.1172
vt 0.4612 0.1172
vt 0.4612 0.1250
vt 0.4736 0.1118
vt 0.4736 0.1172
vt 0.4612 0.0938
vt 0.4736 0.1055
vt 0.4612 0.1016
vt 0.4414 0.0938
vt 0.4414 0.1016
vt 0.4319 0.1055
vt 0.4414 0.1172
vt 0.4612 0.1172
vt 0.4319 0.1016
vt 0.4736 0.1016
vt 0.4070 0.1030
vt 0.4070 0.1105
vt 0.4319 0.1118
vt 0.4736 0.1118
vt 0.5840 0.1367
vt 0.5317 0.1270
vt 0.5317 0.1367
vt 0.5840 0.1270
vt 0.5200 0.1270
vt 0.4592 0.1270
vt 0.5200 0.1270
vt 0.5317 0.1270
vt 0.5317 0.1270
vt 0.5840 0.1270
vt 0.5317 0.1270
vt 0.5200 0.1270
vt 0.5200 0.1270
vt 0.5200 0.1367
vt 0.4592 0.1367
vt 0.4592 0.1270
vt 0.4592 0.1367
vt 0.5200 0.1367
vt 0.5317 0.1367
vt -0.8940 0.7161
vt -0.8940 0.7234
vt -0.9082 0.7234
vt -0.9082 0.7161
vt -0.8940 0.7234
vt -0.8940 0.7161
vt -0.8940 0.7161
vt -0.8940 0.7234
vt -0.9082 0.7234
vt -0.9082 0.7161
vt -0.9082 0.7161
vt -0.9082 0.7234
vt -0.8940 0.7161
vt -0.8940 0.7234
vt -0.9082 0.7234
vt -0.9082 0.7161
vt -0.8940 0.7234
vt -0.8940 0.7161
vt 0.2256 0.1616
vt 0.2502 0.1592
vt 0.2502 0.1616
vt 0.2539 0.1592
vt 0.2527 0.1616
vt 0.2551 0.1616
vt 0.2703 0.1616
vt 0.2703 0.1592
vt -0.8091 0.0581
vt -0.7695 0.0645
vt -0.7617 0.0566
vt -0.8091 0.0659
vt -0.7658 0.0713
vt -0.8091 0.0723
vt -0.8091 0.0337
vt -0.7632 0.0303
vt -0.8091 0.0303
vt -0.7612 0.0337
vt -0.7617 0.0439
vt -0.8091 0.0439
vt 0.1353 0.4968
vt 0.0968 0.4969
vt 0.1154 0.4810
vt -0.7700 0.0806
vt -0.8091 0.0806
vt -0.7573 0.0786
vt -0.7603 0.0635
vt 0.2151 0.1436
vt 0.1882 0.1479
vt 0.1882 0.1450
vt 0.2343 0.1479
vt 0.2160 0.1286
vt 0.2392 0.1190
vt 0.2129 0.1260
vt 0.2391 0.0898
vt 0.1882 0.0898
vt 0.2369 0.0864
vt 0.1882 0.0864
vt 0.2708 0.1592
vt 0.2532 0.1592
vt 0.2708 0.1621
vt 0.2554 0.1621
vt 0.2529 0.1621
vt 0.2505 0.1621
vt 0.2253 0.1621
vt 0.2402 0.1567
vt 0.2403 0.1543
vt 0.2380 0.1567
vt 0.2423 0.1567
vt 0.2681 0.1567
vt 0.2268 0.0654
vt 0.1882 0.0591
vt 0.2346 0.0581
vt 0.1882 0.0669
vt 0.1882 0.0454
vt 0.2346 0.0454
vt 0.1882 0.0356
vt 0.2351 0.0356
vt 0.2330 0.0322
vt 0.1882 0.0322
vt 0.0968 0.4579
vt -0.8091 0.0894
vt -0.7593 0.0859
vt -0.8091 0.0859
vt -0.7573 0.0894
vt -0.7816 0.1279
vt -0.7572 0.1186
vt -0.7622 0.1484
vt -0.7818 0.1441
vt -0.8091 0.1484
vt 0.1351 0.4577
vt -0.9082 0.7234
vt -0.8940 0.7161
vt -0.9082 0.7161
vt -0.8940 0.7234
vt -0.9082 0.7234
vt -0.8940 0.7161
vt -0.9082 0.7161
vt -0.8940 0.7234
vt -0.9082 0.7234
vt -0.8940 0.7161
vt -0.9082 0.7161
vt -0.8940 0.7234
vt -0.6782 0.8840
vt -0.9912 0.8290
vt -0.6782 0.8290
vt -0.9912 0.8840
vt 0.3081 0.8890
vt 0.0260 0.8841
vt 0.3081 0.8792
vt 0.1676 0.8890
vt 0.0266 0.8777
vt 0.3086 0.8777
vt 0.0260 0.8841
vt 0.3081 0.8890
vt 0.3081 0.8792
vt 0.1676 0.8779
vt 0.3086 0.8891
vt 0.0266 0.8891
vt -0.9912 0.8840
vt -0.6782 0.8840
vt -0.6782 0.8290
vt -0.9912 0.8290
vt 0.3439 0.1066
vt 0.3509 0.1084
vt 0.3393 0.1094
vt 0.3332 0.1108
vt 0.3453 0.1108
vt 0.3572 0.1060
vt 0.3684 0.1094
vt 0.3578 0.1103
vt 0.3626 0.1074
vt 0.3684 0.1060
vt 0.3713 0.1074
vt 0.3684 0.1115
vt 0.2771 0.1094
vt 0.2800 0.1074
vt 0.2864 0.1092
vt 0.2856 0.1108
vt 0.2771 0.1115
vt 0.2857 0.1060
vt 0.2771 0.1060
vt 0.2980 0.1060
vt 0.2981 0.1074
vt 0.2947 0.1101
vt 0.3277 0.1094
vt 0.3327 0.1074
vt 0.3213 0.1074
vt 0.3154 0.1094
vt 0.3095 0.1074
vt 0.3101 0.1060
vt 0.3213 0.1060
vt 0.3328 0.1060
vt 0.3037 0.1101
vt 0.3213 0.1115
vt 0.3112 0.1116
vt 0.2980 0.1123
vt 0.3452 0.1123
vt 0.3328 0.1123
vt 0.3572 0.1123
vt 0.2857 0.1123
vt 0.3423 0.1201
vt 0.3220 0.1187
vt 0.3423 0.1187
vt 0.3220 0.1201
vt 0.3594 0.0938
vt 0.3478 0.1021
vt 0.3479 0.0986
vt 0.3594 0.0957
vt 0.3364 0.0938
vt 0.3486 0.1157
vt 0.3469 0.1157
vt 0.3364 0.0957
vt 0.3499 0.1025
vt 0.3604 0.0928
vt 0.3604 0.0952
vt 0.3477 0.0986
vt 0.3469 0.1172
vt 0.3486 0.1172
vt 0.3457 0.1025
vt 0.3352 0.0928
vt 0.3352 0.0952
vt 0.3433 0.1235
vt 0.3239 0.1231
vt 0.3428 0.1226
vt 0.4250 0.2490
vt 0.4773 0.2534
vt 0.4250 0.2534
vt 0.4773 0.2490
vt 0.4773 0.2446
vt 0.4250 0.2446
vt 0.4773 0.2754
vt 0.4250 0.2754
vt 0.4773 0.2710
vt 0.4250 0.2710
vt 0.4773 0.2666
vt 0.4250 0.2666
vt 0.4773 0.2622
vt 0.4250 0.2622
vt 0.4773 0.2578
vt 0.4250 0.2578
vt 0.5366 0.1711
vt 0.4277 0.1660
vt 0.5366 0.1660
vt 0.4277 0.1715
vt 0.6460 0.1700
vt 0.6460 0.1660
vt 0.6460 0.1783
vt 0.5366 0.1777
vt 0.4277 0.1805
vt 0.4277 0.1758
vt 0.2166 0.5463
vt 0.1517 0.5462
vt 0.2827 0.1660
vt 0.2659 0.1826
vt 0.2659 0.1660
vt 0.2827 0.1826
vt 0.2151 0.1997
vt 0.2151 0.1826
vt 0.2321 0.1826
vt 0.2321 0.1997
vt 0.2489 0.1826
vt 0.2489 0.1997
vt 0.9116 0.1484
vt 0.8428 0.1431
vt 0.9067 0.1431
vt 0.8384 0.1484
vt 0.8799 0.1626
vt 0.8706 0.1626
vt 0.8706 0.1763
vt 0.8296 0.1763
vt 0.8296 0.1626
vt 0.9067 0.1431
vt 0.8428 0.1431
vt 0.8428 0.1343
vt 0.9067 0.1343
vt 0.9189 0.1763
vt 0.8799 0.1763
vt 0.9189 0.1626
vt -0.8594 0.0313
vt -0.8179 0.0625
vt -0.8770 0.0625
vt -0.8179 0.0313
vt 0.3909 0.1123
vt 0.3960 0.1235
vt 0.3909 0.1235
vt 0.3960 0.1123
vt 0.4116 0.1055
vt 0.4170 0.1089
vt 0.4116 0.1089
vt 0.4065 0.1069
vt 0.4011 0.1041
vt 0.4065 0.1021
vt 0.4116 0.1021
vt 0.4170 0.1039
vt 0.4221 0.1071
vt 0.4221 0.1021
vt 0.4170 0.0986
vt 0.4116 0.0986
vt 0.4065 0.0986
vt 0.4011 0.0986
vt 0.4221 0.0986
vt 0.4170 0.1123
vt 0.4221 0.1123
vt 0.3960 0.1021
vt 0.3960 0.0986
vt 0.3960 0.1055
vt 0.4011 0.1089
vt 0.4065 0.1123
vt 0.4116 0.1123
vt 0.4011 0.1123
vt 0.3960 0.1089
vt 0.1671 0.5461
vt 0.4319 0.1118
vt 0.4070 0.1133
vt 0.4319 0.1055
vt 0.4414 0.1016
vt 0.4414 0.1172
vt 0.4612 0.1016
vt 0.4612 0.1172
vt 0.4736 0.1055
vt 0.4736 0.1118
vt 0.4736 0.1016
vt 0.4612 0.0938
vt 0.4414 0.0938
vt 0.4319 0.1016
vt 0.4070 0.1030
vt 0.2010 0.5462
vt 0.2012 0.5425
vt 0.4612 0.1250
vt 0.4736 0.1172
vt 0.4414 0.1250
vt 0.4319 0.1172
vt 0.4070 0.1152
vt 0.4612 0.1016
vt 0.4736 0.1055
vt 0.4414 0.1016
vt 0.4319 0.1055
vt 0.4414 0.1172
vt 0.4319 0.1118
vt 0.4070 0.1055
vt 0.4612 0.1172
vt 0.4736 0.1118
vt 0.2002 0.5276
vt 0.4290 0.3872
vt 0.4475 0.3706
vt 0.4475 0.3872
vt 0.4290 0.3706
vt 0.4121 0.3774
vt 0.4290 0.2954
vt 0.4290 0.2773
vt 0.4475 0.2773
vt 0.4475 0.2954
vt 0.4290 0.2954
vt 0.4290 0.2954
vt 0.4475 0.3706
vt 0.4290 0.3706
vt 0.4475 0.2954
vt 0.2852 0.0566
vt 0.4001 0.0522
vt 0.4001 0.0566
vt 0.2852 0.0522
vt 0.4043 0.0522
vt 0.4001 0.0522
vt 0.4001 0.0479
vt 0.4043 0.0479
vt 0.4255 0.1450
vt 0.4053 0.1450
vt 0.4053 0.1431
vt 0.4255 0.1431
vt 0.5942 0.1592
vt 0.5518 0.1592
vt 0.5518 0.1558
vt 0.5942 0.1558
vt 0.5255 0.1602
vt 0.5425 0.1641
vt 0.5265 0.1641
vt 0.5425 0.1602
vt 0.5513 0.1558
vt 0.5938 0.1558
vt 0.5938 0.1592
vt 0.5513 0.1592
vt 0.5255 0.1602
vt 0.5425 0.1641
vt 0.5265 0.1641
vt 0.5425 0.1602
vt -0.8594 0.0313
vt -0.8179 0.0625
vt -0.8179 0.0313
vt -0.8770 0.0625
vt 0.6885 0.1675
vt 0.6504 0.1582
vt 0.6885 0.1494
vt 0.6504 0.1675
vt 0.6504 0.1494
vt 0.6885 0.1138
vt 0.7153 0.1494
vt 0.7329 0.1494
vt 0.7505 0.1138
vt 0.7505 0.1494
vt 0.7505 0.1880
vt 0.7153 0.1792
vt 0.7505 0.1528
vt 0.7153 0.1528
vt -0.3496 0.1582
vt -0.3113 0.1675
vt -0.3113 0.1494
vt -0.3496 0.1675
vt -0.2666 0.1494
vt -0.2491 0.1494
vt -0.2666 0.1147
vt -0.2842 0.1494
vt -0.2842 0.1147
vt -0.3496 0.1494
vt -0.3496 0.1147
vt -0.3555 0.1494
vt -0.3555 0.1147
vt -0.2842 0.1528
vt -0.2842 0.1792
vt -0.2491 0.1528
vt -0.2491 0.1880
vt 0.5854 0.0703
vt 0.2571 0.0859
vt 0.2571 0.0703
vt 0.5854 0.0859
vt 0.0691 0.1118
vt 0.0691 0.0356
vt 0.0803 0.0356
vt 0.0803 0.1118
vt -0.4146 0.0859
vt -0.7578 0.1343
vt -0.7578 0.0859
vt -0.4146 0.1343
vt 0.2416 0.1323
vt 0.2416 0.0859
vt 0.2571 0.1323
vt 0.5854 0.1323
vt -0.0902 0.8300
vt -0.0231 0.8425
vt -0.0589 0.8113
vt -0.1407 0.8716
vt -0.1585 0.8531
vt -0.1677 0.8246
vt -0.1140 0.8006
vt -0.0825 0.8613
vt -0.0367 0.8799
vt -0.0657 0.9172
vt -0.0602 0.9462
vt -0.0199 0.9402
vt -0.0092 0.8851
vt -0.1043 0.9403
vt -0.1192 0.9640
vt -0.1232 0.9885
vt -0.0648 0.9821
vt -0.1643 0.9703
vt -0.1659 0.9210
vt -0.1917 0.9320
vt -0.1415 0.9197
vt -0.1972 0.8760
vt 0.8848 0.6859
vt 0.8875 0.6746
vt 0.8874 0.6834
vt 0.8848 0.6859
vt 0.8875 0.6746
vt 0.8874 0.6834
vt 0.8848 0.6859
vt 0.8875 0.6746
vt 0.8874 0.6834
vt 0.8848 0.6859
vt 0.8875 0.6746
vt 0.8874 0.6834
vt 0.8848 0.6859
vt 0.8875 0.6746
vt 0.8874 0.6834
vt 0.8848 0.6859
vt 0.8875 0.6746
vt 0.8874 0.6834
vt 0.8874 0.6834
vt 0.8876 0.6746
vt 0.8848 0.6859
vt 0.8977 0.6746
vt 0.8979 0.6827
vt 0.9009 0.6861
vt 0.8874 0.6834
vt 0.8876 0.6746
vt 0.8848 0.6859
vt 0.2022 0.5457
vt 0.1781 0.5457
vt 0.2002 0.5417
vt 0.8977 0.6746
vt 0.8979 0.6827
vt 0.9009 0.6861
vt 0.8874 0.6834
vt 0.8876 0.6746
vt 0.8848 0.6859
vt 0.1617 0.5605
vt 0.2258 0.5308
vt 0.1615 0.5308
vt 0.2257 0.5605
vt 0.8977 0.6746
vt 0.8979 0.6827
vt 0.9009 0.6861
vt 0.8874 0.6834
vt 0.8876 0.6746
vt 0.8848 0.6859
vt 0.2273 0.5605
vt 0.2256 0.5308
vt 0.1617 0.5605
vt 0.1615 0.5308
vt 0.6641 0.9795
vt 0.5592 0.9782
vt 0.6648 0.9297
vt 0.5587 0.9296
vt 0.8977 0.6746
vt 0.8979 0.6827
vt 0.9009 0.6861
vt 0.8874 0.6834
vt 0.8876 0.6746
vt 0.8848 0.6859
vt 0.5396 0.6903
vt 0.5443 0.7495
vt 0.5020 0.8179
vt 0.5562 0.6992
vt 0.5573 0.6791
vt 0.7060 0.6879
vt 0.7215 0.7289
vt 0.6933 0.6995
vt 0.6915 0.6780
vt 0.7225 0.8077
vt 0.5206 0.8219
vt 0.7285 0.8444
vt 0.7461 0.8195
vt 0.8977 0.6746
vt 0.8979 0.6827
vt 0.9009 0.6861
vt 0.8874 0.6834
vt 0.8876 0.6746
vt 0.8848 0.6859
vt 0.3975 0.2095
vt 0.4709 0.2349
vt 0.3975 0.2349
vt 0.5103 0.2095
vt 0.4824 0.2349
vt 0.5000 0.1943
vt 0.3975 0.1943
vt 0.4700 0.3896
vt 0.3975 0.4155
vt 0.3975 0.3896
vt 0.5103 0.4155
vt 0.4824 0.3896
vt 0.4829 0.3813
vt 0.5161 0.3125
vt 0.4868 0.3125
vt 0.4829 0.2441
vt 0.5000 0.4302
vt 0.3975 0.4302
vt 0.2480 0.6702
vt 0.2542 0.7239
vt 0.2480 0.7239
vt 0.2542 0.6702
vt 0.0112 0.6636
vt 0.2480 0.6636
vt 0.0112 0.6702
vt 0.0024 0.6702
vt 0.0024 0.7239
vt 0.0112 0.7239
vt 0.0112 0.7300
vt 0.2480 0.7300
vt 0.8977 0.6746
vt 0.8979 0.6827
vt 0.9009 0.6861
vt 0.8874 0.6834
vt 0.8876 0.6746
vt 0.8848 0.6859
vt 0.8977 0.6746
vt 0.8979 0.6827
vt 0.9009 0.6861
vt 0.8874 0.6834
vt 0.8876 0.6746
vt 0.8848 0.6859
vt 0.5098 0.1079
vt 0.8977 0.6746
vt 0.8979 0.6827
vt 0.9009 0.6861
vt 0.6084 0.6060
vt 0.6057 0.6664
vt 0.6500 0.6624
vt 0.6539 0.6060
vt 0.5942 0.6008
vt 0.5942 0.5564
vt 0.5894 0.6008
vt 0.6108 0.4452
vt 0.6109 0.4390
vt 0.6060 0.4452
vt 0.5996 0.6008
vt 0.6045 0.6008
vt 0.6040 0.5964
vt 0.6025 0.5571
vt 0.5974 0.5572
vt 0.6021 0.5405
vt 0.5952 0.5188
vt 0.5952 0.5435
vt 0.6108 0.4995
vt 0.6060 0.4995
vt 0.6226 0.4499
vt 0.6289 0.4624
vt 0.6289 0.4453
vt 0.6021 0.5437
vt 0.6021 0.5466
vt 0.6021 0.4580
vt 0.5952 0.4597
vt 0.6021 0.4600
vt 0.6021 0.4619
vt 0.6021 0.4897
vt 0.5952 0.4897
vt 0.6021 0.4917
vt 0.6021 0.5120
vt 0.5952 0.5154
vt 0.3517 0.9060
vt 0.4695 0.9117
vt 0.4695 0.8997
vt 0.3499 0.8370
vt 0.4695 0.8081
vt 0.3633 0.8083
vt 0.3708 0.7977
vt 0.4695 0.7977
vt 0.4551 0.9774
vt 0.4648 0.9910
vt 0.4570 0.9723
vt 0.4602 0.9286
vt 0.4587 0.9246
vt 0.3765 0.9222
vt 0.3721 0.9242
vt 0.3689 0.9278
vt 0.3721 0.9881
vt 0.3787 0.9723
vt 0.3821 0.9776
vt 0.3887 0.9809
vt 0.4592 0.9910
vt -0.7842 0.7980
vt -0.8159 0.7980
vt -0.8223 0.8109
vt -0.7949 0.8109
vt -0.7207 0.7980
vt -0.7256 0.8109
vt 0.5034 0.1416
vt 0.0528 0.0020
vt 0.0363 0.0020
vt 0.0363 0.0063
vt 0.0528 0.0063
vt 0.0724 0.0063
vt 0.0724 0.0020
vt 0.3660 0.7972
vt 0.3555 0.7972
vt 0.3564 0.8087
vt 0.2048 0.8984
vt 0.1654 0.8984
vt 0.1654 0.9236
vt 0.2048 0.9236
vt 0.1543 0.8985
vt 0.1103 0.9236
vt 0.1127 0.8987
vt 0.1036 0.8987
vt 0.0780 0.8087
vt 0.1578 0.8087
vt 0.1589 0.7972
vt 0.0780 0.7972
vt 0.0076 0.8087
vt 0.0012 0.7972
vt 0.3350 0.9560
vt 0.3350 0.8864
vt 0.2527 0.9935
vt 0.1852 0.9334
vt 0.1852 0.9935
vt 0.0141 0.1294
vt 0.1689 0.1294
vt 0.1689 0.1450
vt 0.0141 0.1450
vt 0.0142 0.1294
vt 0.1689 0.1294
vt 0.1689 0.1450
vt 0.0141 0.1450
vt 0.0141 0.1294
vt 0.1689 0.1294
vt 0.1689 0.1450
vt 0.0141 0.1450
vt 0.0141 0.1294
vt 0.1689 0.1294
vt 0.1689 0.1450
vt 0.0141 0.1450
vt 0.0141 0.1294
vt 0.1689 0.1294
vt 0.1689 0.1450
vt 0.0141 0.1450
vt 0.0141 0.1450
vt 0.1689 0.1450
vt 0.1689 0.1294
vt 0.0141 0.1294
vt 0.0141 0.1450
vt 0.1689 0.1294
vt 0.0141 0.1294
vt 0.1689 0.1450
vt 0.1689 0.1294
vt 0.0141 0.1294
vt 0.1689 0.1450
vt 0.0141 0.1450
vt 0.1689 0.1294
vt 0.0141 0.1294
vt 0.1689 0.1450
vt 0.0141 0.1450
vt 0.1689 0.1294
vt 0.0141 0.1294
vt 0.1689 0.1450
vt 0.0141 0.1450
vt 0.1689 0.1294
vt 0.0141 0.1294
vt 0.1689 0.1450
vt 0.0141 0.1450
vt 0.1689 0.1294
vt 0.0141 0.1294
vt 0.1689 0.1450
vt 0.0141 0.1450
vt 0.1685 0.1294
vt 0.0136 0.1294
vt 0.1685 0.1450
vt 0.0136 0.1450
vt 0.7380 0.7606
vt 0.7402 0.7354
vt 0.7334 0.7354
vt 0.7547 0.7587
vt 0.7354 0.7732
vt 0.7570 0.7702
vt 0.7510 0.7354
vt 0.7613 0.7354
vt 0.4238 0.9422
vt 0.4109 0.9296
vt 0.4143 0.9533
vt 0.4402 0.9353
vt 0.4291 0.9588
vt 0.3984 0.9590
vt 0.4460 0.9614
vt 0.4245 0.9773
vt 0.3959 0.9516
vt 0.4173 0.9597
vt 0.4190 0.9440
vt 0.4109 0.9296
vt 0.4342 0.9291
vt 0.4322 0.9520
vt 0.4468 0.9487
vt 0.4056 0.9727
vt 0.4329 0.9747
vt 0.7547 0.7587
vt 0.7613 0.7354
vt 0.7510 0.7354
vt 0.7571 0.7702
vt 0.4468 0.1343
vt 0.4707 0.1343
vt 0.4685 0.1343
vt 0.7354 0.7732
vt 0.7519 0.7722
vt 0.7380 0.7606
vt 0.7402 0.7354
vt 0.7334 0.7354
vt 0.7759 0.7711
vt 0.7519 0.7722
vt 0.7742 0.7606
vt 0.7710 0.7354
vt 0.7803 0.7354
vt 0.7547 0.7587
vt 0.7613 0.7354
vt 0.7510 0.7354
vt 0.4468 0.1343
vt 0.4074 0.9310
vt 0.4307 0.9280
vt 0.4188 0.9454
vt 0.4324 0.9515
vt 0.4178 0.9606
vt 0.4459 0.9538
vt 0.4244 0.9774
vt 0.3983 0.9591
vt 0.3596 0.6155
vt 0.3884 0.6155
vt 0.3796 0.6277
vt 0.3562 0.6277
vt 0.4120 0.6277
vt 0.4141 0.6155
vt 0.4355 0.6155
vt 0.4645 0.6155
vt 0.4628 0.6277
vt 0.4412 0.6277
vt 0.4468 0.1377
vt 0.4707 0.1377
vt 0.4468 0.1377
vt 0.4935 0.6155
vt 0.4896 0.6277
vt 0.7595 0.7588
vt 0.7759 0.7711
vt 0.7567 0.7702
vt 0.7742 0.7606
vt 0.7710 0.7354
vt 0.7803 0.7354
vt 0.4120 0.9459
vt 0.3989 0.9441
vt 0.4224 0.9265
vt 0.4234 0.9453
vt 0.4025 0.9706
vt 0.4190 0.9612
vt 0.4245 0.9773
vt 0.4321 0.9533
vt 0.4460 0.9614
vt 0.4427 0.9375
vt 0.4685 0.1377
vt 0.4553 0.6277
vt 0.4645 0.6155
vt 0.4766 0.6277
vt 0.4935 0.6155
vt 0.4948 0.6277
vt 0.4137 0.6155
vt 0.4392 0.6155
vt 0.4265 0.6277
vt 0.3847 0.6155
vt 0.4007 0.6277
vt 0.3795 0.6277
vt 0.3562 0.6277
vt 0.3596 0.6155
vt -0.1551 0.7444
vt -0.0676 0.6941
vt -0.1551 0.6941
vt -0.0676 0.7444
vt -0.0676 0.7947
vt -0.1551 0.7947
vt 0.5098 0.1079
vt 0.5034 0.1416
vt -0.0940 0.9899
vt -0.0401 0.9659
vt -0.0736 0.9550
vt -0.0138 0.9296
vt -0.0350 0.8972
vt -0.0092 0.8854
vt -0.0761 0.9291
vt -0.0641 0.8775
vt -0.1317 0.9269
vt -0.0508 0.8489
vt -0.1077 0.8283
vt -0.0585 0.8115
vt -0.0231 0.8425
vt -0.1419 0.8733
vt -0.1034 0.8503
vt -0.1138 0.8006
vt -0.1644 0.8595
vt -0.1678 0.8247
vt -0.1971 0.8757
vt -0.1702 0.9134
vt -0.1918 0.9319
vt -0.1382 0.9567
vt -0.1512 0.9778
vt 0.8901 0.7947
vt 0.9735 0.7444
vt 0.8902 0.7444
vt 0.9812 0.7947
vt 0.8242 0.7444
vt 0.8242 0.7947
vt 0.8901 0.6941
vt 0.9813 0.6941
vt 0.8242 0.6941
vt -0.0019 0.7444
vt -0.0457 0.7947
vt -0.0019 0.7947
vt -0.0676 0.7444
vt -0.0457 0.6941
vt -0.1149 0.6941
vt -0.1332 0.7444
vt -0.1979 0.7444
vt -0.1976 0.6941
vt -0.1975 0.7947
vt -0.1148 0.7947
vt -0.0019 0.7444
vt -0.0674 0.7947
vt -0.0019 0.7947
vt -0.0676 0.7444
vt -0.0674 0.6941
vt -0.1332 0.7444
vt -0.1332 0.7947
vt -0.1979 0.7444
vt -0.1975 0.7947
vt -0.0019 0.6941
vt -0.1332 0.6941
vt -0.1976 0.6941
vt -0.1551 0.7444
vt -0.1113 0.6941
vt -0.1770 0.6941
vt -0.0676 0.7444
vt -0.0895 0.7947
vt -0.1555 0.7947
vt -0.1307 0.9314
vt -0.1616 0.9327
vt -0.1184 0.9642
vt -0.0803 0.9307
vt -0.0940 0.9899
vt -0.1490 0.9791
vt -0.1907 0.9343
vt -0.0512 0.9760
vt -0.0661 0.9528
vt -0.0200 0.9405
vt -0.0376 0.8865
vt -0.0092 0.8851
vt -0.0333 0.8313
vt -0.0630 0.8794
vt -0.0806 0.8302
vt -0.1439 0.8820
vt -0.1015 0.8504
vt -0.1413 0.8375
vt -0.0846 0.8020
vt -0.1406 0.8074
vt -0.1790 0.8347
vt -0.1727 0.8808
vt -0.1972 0.8760
vt 0.9383 0.8379
vt 0.9390 0.8750
vt 0.9668 0.8941
vt 0.9903 0.9091
vt 0.9809 0.8510
vt 0.9370 0.8081
vt 0.8983 0.8476
vt 0.8846 0.8237
vt 0.8813 0.8000
vt 0.8960 0.8943
vt 0.8282 0.8267
vt 0.8390 0.8541
vt 0.8599 0.8670
vt 0.8348 0.9234
vt 0.8579 0.9162
vt 0.8901 0.9416
vt 0.8094 0.9355
vt 0.8015 0.8794
vt 0.8949 0.9644
vt 0.9300 0.9266
vt 0.8389 0.9726
vt 0.8813 0.9888
vt 0.9476 0.9451
vt 0.9368 0.9807
vt 0.9741 0.9512
vt 0.9773 0.7947
vt 0.9776 0.7444
vt 0.8942 0.7444
vt 0.8863 0.7947
vt 0.8242 0.7444
vt 0.8863 0.6941
vt 0.8242 0.6941
vt 0.9556 0.6941
vt 0.9995 0.6941
vt 0.8242 0.7947
vt -0.0019 0.7444
vt -0.0676 0.7947
vt -0.0019 0.7947
vt -0.0676 0.7444
vt -0.0676 0.6941
vt -0.1551 0.7444
vt -0.1554 0.6941
vt -0.2188 0.6941
vt -0.2188 0.7444
vt -0.2188 0.7947
vt -0.1555 0.7947
vt 0.4539 0.1490
vt -0.1150 0.7947
vt -0.1979 0.7444
vt -0.1979 0.7947
vt -0.1073 0.7444
vt -0.0457 0.7947
vt -0.0238 0.7444
vt -0.0019 0.7947
vt -0.0457 0.6941
vt -0.1151 0.6941
vt -0.1979 0.6941
vt -0.0019 0.6941
vt -0.1770 0.7444
vt -0.1115 0.6941
vt -0.1770 0.6941
vt -0.1113 0.7444
vt -0.1115 0.7947
vt -0.1770 0.7947
vt 0.9667 0.8926
vt 0.9741 0.9512
vt 0.9903 0.9093
vt 0.9810 0.8511
vt 0.9300 0.9266
vt 0.9276 0.9550
vt 0.9390 0.8749
vt 0.8960 0.8943
vt 0.9368 0.8367
vt 0.9526 0.8160
vt 0.8572 0.9151
vt 0.8646 0.8632
vt 0.9043 0.8471
vt 0.8856 0.8235
vt 0.8404 0.8526
vt 0.8548 0.8081
vt 0.8174 0.8375
vt 0.9107 0.8000
vt 0.8093 0.9354
vt 0.8389 0.9726
vt 0.8557 0.9512
vt 0.8259 0.9055
vt 0.8015 0.8796
vt 0.8809 0.9887
vt 0.9367 0.9808
vt 0.8894 0.9415
vt -0.1195 0.9606
vt -0.1846 0.9479
vt -0.1488 0.9792
vt -0.0934 0.9899
vt -0.1684 0.9232
vt -0.1986 0.9054
vt -0.1303 0.9285
vt -0.0792 0.9328
vt -0.1429 0.8754
vt -0.1673 0.8681
vt -0.1565 0.8146
vt -0.1315 0.8305
vt -0.1866 0.8480
vt -0.1034 0.8503
vt -0.0376 0.8866
vt -0.0573 0.9480
vt -0.0637 0.8824
vt -0.0512 0.9760
vt -0.0200 0.9404
vt -0.0092 0.8854
vt -0.0806 0.8302
vt -0.0585 0.8115
vt -0.0231 0.8425
vt -0.1138 0.8006
vt 0.9556 0.7947
vt 0.9338 0.7444
vt 0.8861 0.7947
vt 0.8242 0.7444
vt 0.8861 0.6941
vt 0.8242 0.6941
vt 0.8682 0.7444
vt 0.9556 0.6941
vt 0.9995 0.7444
vt 0.9995 0.7947
vt 0.9995 0.6941
vt 0.8242 0.7947
vt -0.0019 0.7444
vt -0.0457 0.7947
vt -0.0019 0.7947
vt -0.0676 0.7444
vt -0.0457 0.6941
vt -0.1149 0.6941
vt -0.1551 0.7444
vt -0.1976 0.6941
vt -0.2188 0.7444
vt -0.1975 0.7947
vt -0.1148 0.7947
vt -0.1152 0.7947
vt -0.1979 0.7444
vt -0.1975 0.7947
vt -0.1332 0.7444
vt -0.0676 0.7444
vt -0.0457 0.7947
vt -0.0019 0.7444
vt -0.0019 0.7947
vt -0.0457 0.6941
vt -0.1152 0.6941
vt -0.1976 0.6941
vt -0.0019 0.6941
vt -0.0516 0.8480
vt -0.0820 0.8571
vt -0.1092 0.8283
vt -0.1676 0.8246
vt -0.1138 0.8006
vt -0.0585 0.8115
vt -0.1648 0.8602
vt -0.1970 0.8754
vt -0.1364 0.8692
vt -0.1220 0.9310
vt -0.1643 0.9243
vt -0.1234 0.9884
vt -0.1088 0.9640
vt -0.1745 0.9590
vt -0.1969 0.9204
vt -0.0566 0.9474
vt -0.0639 0.9083
vt -0.0092 0.8854
vt -0.0214 0.9428
vt -0.0350 0.8972
vt -0.0674 0.9832
vt -0.0231 0.8425
vt 0.4468 0.1343
vt 0.9340 0.7947
vt 0.9776 0.7444
vt 0.9995 0.7947
vt 0.8942 0.7444
vt 0.9340 0.6941
vt 0.8462 0.6941
vt 0.8242 0.7444
vt 0.9995 0.6941
vt 0.8462 0.7947
vt 0.4468 0.1377
vt -0.0674 0.7947
vt -0.1547 0.7947
vt -0.1551 0.7444
vt -0.0676 0.7444
vt -0.0674 0.6941
vt -0.1548 0.6941
vt -0.0019 0.7444
vt -0.0019 0.7947
vt -0.0019 0.6941
vt 0.8428 0.1431
vt 0.9116 0.1484
vt 0.9067 0.1431
vt 0.8384 0.1484
vt 0.8296 0.1763
vt 0.8296 0.1626
vt 0.4221 0.6829
vt -0.1112 0.7947
vt -0.0676 0.7444
vt -0.0199 0.7947
vt -0.0019 0.7444
vt -0.0199 0.6941
vt -0.1112 0.6941
vt -0.1332 0.7444
vt -0.1979 0.7444
vt -0.1975 0.7947
vt -0.1976 0.6941
vt -0.1459 0.9498
vt -0.1436 0.9131
vt -0.1043 0.9403
vt -0.1181 0.8577
vt -0.0657 0.9172
vt -0.0861 0.9617
vt -0.1232 0.9885
vt -0.1745 0.9591
vt -0.0429 0.9304
vt -0.0649 0.9821
vt -0.0586 0.8114
vt -0.0379 0.8759
vt -0.0791 0.8308
vt -0.0652 0.8722
vt -0.1413 0.8375
vt -0.1940 0.8610
vt -0.1676 0.8246
vt -0.1140 0.8006
vt -0.1728 0.8945
vt -0.1986 0.9051
vt 0.4237 0.6893
vt 0.4300 0.6869
vt 0.4241 0.6829
vt 0.9191 0.9608
vt 0.9809 0.9378
vt 0.9526 0.9726
vt 0.9107 0.9888
vt 0.8174 0.9512
vt 0.8485 0.9426
vt 0.8525 0.9795
vt 0.9640 0.9143
vt 0.9244 0.9328
vt 0.8755 0.9342
vt 0.8960 0.8943
vt 0.9425 0.8870
vt 0.8963 0.8506
vt 0.9534 0.8529
vt 0.8875 0.8266
vt 0.9633 0.8267
vt 0.9902 0.8792
vt 0.9109 0.8000
vt 0.8549 0.8080
vt 0.8305 0.8715
vt 0.8105 0.8511
vt 0.8528 0.8872
vt 0.8015 0.9095
vt 0.9339 0.7947
vt 0.9776 0.7444
vt 0.9995 0.7947
vt 0.8942 0.7444
vt 0.9775 0.6941
vt 0.9121 0.6941
vt 0.8459 0.6941
vt 0.8242 0.7444
vt 0.8458 0.7947
vt -0.9780 0.3029
vt -0.9736 0.3027
vt -0.9736 0.3119
vt -0.0674 0.7947
vt -0.1332 0.7947
vt -0.1551 0.7444
vt -0.0676 0.7444
vt -0.0674 0.6941
vt -0.1548 0.6941
vt -0.1770 0.7947
vt -0.0019 0.7444
vt -0.0019 0.7947
vt -0.0019 0.6941
vt -0.2188 0.7947
vt -0.1979 0.7444
vt -0.1547 0.7947
vt -0.1073 0.7444
vt -0.0895 0.7947
vt -0.0238 0.7947
vt -0.0238 0.7444
vt -0.0238 0.6941
vt -0.0895 0.6941
vt -0.1548 0.6941
vt -0.2188 0.6941
vt 0.2223 0.0575
vt 0.2145 0.0577
vt 0.2145 0.0545
vt 0.2123 0.0562
vt 0.2117 0.0762
vt 0.2143 0.0771
vt 0.2240 0.0362
vt 0.2223 0.0545
vt 0.2227 0.0366
vt 0.2240 0.0562
vt 0.2117 0.0361
vt 0.2143 0.0352
vt 0.0130 0.8771
vt 0.1552 0.8771
vt 0.0050 0.8889
vt 0.1552 0.8851
vt 0.2108 0.0791
vt 0.2236 0.0781
vt 0.2230 0.0786
vt 0.2111 0.0796
vt 0.2214 0.0775
vt 0.2240 0.0562
vt 0.2240 0.0757
vt 0.2240 0.0758
vt 0.2240 0.0366
vt 0.2227 0.0757
vt 0.2223 0.0767
vt 0.2108 0.0332
vt 0.2236 0.0342
vt 0.2214 0.0348
vt 0.2223 0.0356
vt 0.2230 0.0333
vt 0.2111 0.0327
vt 0.2090 0.0801
vt 0.2095 0.0811
vt 0.4968 0.6301
vt 0.5020 0.6423
vt 0.4968 0.6406
vt 0.5193 0.6272
vt 0.5054 0.6470
vt 0.5182 0.7049
vt 0.5068 0.6892
vt 0.5024 0.6946
vt 0.4968 0.7056
vt 0.3938 0.7056
vt 0.4043 0.6960
vt 0.4011 0.6924
vt 0.4004 0.6858
vt 0.4016 0.6489
vt 0.3938 0.6301
vt 0.4026 0.6445
vt 0.4055 0.6426
vt 0.2910 0.7056
vt 0.3835 0.6960
vt 0.3867 0.6924
vt 0.3875 0.6858
vt 0.3862 0.6489
vt 0.3853 0.6445
vt 0.3823 0.6426
vt 0.2910 0.6301
vt 0.2910 0.6406
vt 0.2090 0.0322
vt 0.2095 0.0313
vt 0.2859 0.6423
vt 0.2683 0.6272
vt 0.2822 0.6470
vt 0.2696 0.7049
vt 0.2810 0.6892
vt 0.2854 0.6946
vt 0.7183 0.8906
vt 0.7133 0.8488
vt 0.7285 0.8942
vt 0.7319 0.8488
vt 0.7373 0.8979
vt 0.4988 0.8488
vt 0.5034 0.8943
vt 0.4932 0.8979
vt 0.5174 0.8488
vt 0.5142 0.8906
vt 0.6162 0.8760
vt 0.7787 0.8180
vt 0.7742 0.8376
vt 0.7817 0.8289
vt 0.3093 0.7965
vt 0.4266 0.7676
vt 0.4242 0.7963
vt 0.5044 0.7963
vt 0.5044 0.7509
vt 0.0130 0.8771
vt 0.1552 0.8771
vt 0.0050 0.8889
vt 0.1552 0.8851
vt 0.4736 0.1055
vt 0.4319 0.1055
vt 0.4414 0.1016
vt 0.4612 0.1016
vt 0.5317 0.1270
vt 0.5317 0.1270
vt 0.5317 0.1270
vt 0.5317 0.1270
vt 0.5317 0.1367
vt 0.5317 0.1367
vt -0.6032 0.7962
vt -0.4951 0.7963
vt -0.4949 0.7509
vt 0.7095 0.0454
vt 0.7476 0.0454
vt 0.7476 0.0835
vt 0.7300 0.1050
vt 0.6924 0.1050
vt 0.6978 0.1006
vt 0.7275 0.1001
vt 0.5889 0.0835
vt 0.6377 0.0862
vt 0.5982 0.0933
vt 0.6335 0.0960
vt 0.6680 0.1055
vt 0.6743 0.0913
vt 0.5958 0.1118
vt 0.5889 0.0532
vt 0.6355 0.0511
vt 0.6772 0.0845
vt 0.7065 0.0425
vt 0.7065 0.0820
vt 0.6758 0.0474
vt 0.6777 0.0864
vt -0.2883 0.0820
vt -0.2500 0.0479
vt -0.2903 0.0479
vt -0.3653 0.0511
vt -0.4104 0.0845
vt -0.3632 0.0870
vt -0.4104 0.0527
vt -0.2932 0.0430
vt -0.3215 0.0830
vt -0.2932 0.0815
vt -0.3230 0.0474
vt -0.3242 0.0913
vt -0.3206 0.0874
vt -0.3913 0.0933
vt -0.3311 0.1045
vt -0.3601 0.1108
vt -0.4042 0.1108
vt -0.7002 0.5671
vt -0.7104 0.5630
vt -0.7134 0.5671
vt -0.6982 0.5630
vt -0.5806 0.5676
vt -0.5439 0.5244
vt -0.5806 0.5244
vt -0.5439 0.5676
vt -0.5439 0.6135
vt -0.5439 0.5701
vt -0.5850 0.5701
vt -0.5850 0.6135
vt -0.6025 0.5676
vt -0.5996 0.5244
vt -0.6025 0.5244
vt -0.5996 0.5676
vt -0.4473 0.5674
vt -0.4473 0.5239
vt -0.5391 0.5239
vt -0.5391 0.5674
vt -0.6782 0.5261
vt -0.7388 0.5261
vt -0.7388 0.5310
vt -0.6753 0.5310
vt 0.4653 0.5691
vt 0.4612 0.6123
vt 0.4653 0.6123
vt 0.4612 0.5691
vt -0.7349 0.5193
vt -0.6738 0.5242
vt -0.6738 0.5193
vt -0.7373 0.5242
vt 0.1689 0.1294
vt 0.0141 0.1450
vt 0.0146 0.1294
vt 0.1689 0.1450
vt 0.1689 0.1450
vt 0.0141 0.1294
vt 0.1689 0.1294
vt 0.0141 0.1450
vt 0.7609 0.7026
vt 0.7659 0.7197
vt 0.7738 0.7026
vt 0.7524 0.7026
vt 0.7564 0.7197
vt 0.7786 0.7197
vt 0.7695 0.7026
vt 0.7776 0.7197
vt 0.7795 0.7026
vt 0.7691 0.7197
vt 0.7618 0.7026
vt 0.7592 0.7197
vt 0.7523 0.7026
vt 0.7467 0.7197
vt 0.7456 0.7026
vt 0.7520 0.7026
vt 0.7564 0.7197
vt 0.7609 0.7026
vt 0.7657 0.7197
vt 0.7780 0.7197
vt 0.7636 0.7206
vt 0.7698 0.7026
vt 0.7792 0.7026
vt 0.7555 0.7197
vt 0.7473 0.7197
vt 0.7476 0.7026
vt 0.7659 0.7197
vt 0.7588 0.7026
vt 0.7614 0.7207
vt 0.7707 0.7026
vt 0.7776 0.7197
vt 0.7795 0.7026
vt 0.1491 0.1855
vt 0.1237 0.1729
vt 0.1237 0.1948
vt 0.1653 0.2100
vt 0.2050 0.1953
vt 0.1610 0.1953
vt 0.2050 0.2100
vt 0.1240 0.2100
vt 0.1240 0.1953
vt -0.8101 0.1772
vt -0.8320 0.1563
vt -0.8066 0.1563
vt -0.8291 0.1772
vt 0.1686 0.1563
vt 0.1903 0.1772
vt 0.1936 0.1563
vt 0.1713 0.1843
vt 0.1903 0.1914
vt 0.2074 0.1843
vt 0.1544 0.1914
vt 0.1544 0.1772
vt 0.1237 0.1948
vt 0.1491 0.1855
vt 0.1237 0.1729
vt 0.1653 0.2100
vt 0.2050 0.1953
vt 0.1610 0.1953
vt 0.2050 0.2100
vt 0.1240 0.2100
vt -0.8101 0.1772
vt -0.8320 0.1563
vt -0.8066 0.1563
vt -0.8291 0.1772
vt 0.1686 0.1563
vt 0.1903 0.1772
vt 0.1936 0.1563
vt 0.1713 0.1843
vt 0.1903 0.1914
vt 0.2074 0.1843
vt 0.1544 0.1914
vt 0.1544 0.1772
vt 0.1237 0.1948
vt 0.1491 0.1855
vt 0.1237 0.1729
vt 0.1653 0.2100
vt 0.2050 0.1953
vt 0.1610 0.1953
vt 0.2050 0.2100
vt 0.1240 0.2100
vt -0.8101 0.1772
vt -0.8320 0.1563
vt -0.8066 0.1563
vt -0.8291 0.1772
vt 0.1686 0.1563
vt 0.1903 0.1772
vt 0.1936 0.1563
vt 0.1713 0.1843
vt 0.1903 0.1914
vt 0.2074 0.1843
vt 0.1544 0.1914
vt 0.1544 0.1772
vt 0.1237 0.1948
vt 0.1491 0.1855
vt 0.1237 0.1729
vt 0.2050 0.1953
vt 0.1610 0.1953
vt 0.1653 0.2100
vt 0.2050 0.2100
vt -0.8101 0.1772
vt -0.8320 0.1563
vt -0.8066 0.1563
vt -0.8291 0.1772
vt 0.1686 0.1563
vt 0.1903 0.1772
vt 0.1936 0.1563
vt 0.1713 0.1843
vt 0.2074 0.1843
vt 0.1903 0.1914
vt 0.1237 0.1948
vt 0.1491 0.1855
vt 0.1237 0.1729
vt 0.2050 0.1953
vt 0.1610 0.1953
vt 0.1653 0.2100
vt 0.2050 0.2100
vt -0.8101 0.1772
vt -0.8320 0.1563
vt -0.8066 0.1563
vt -0.8291 0.1772
vt 0.1686 0.1563
vt 0.1903 0.1772
vt 0.1936 0.1563
vt 0.1713 0.1843
vt 0.2074 0.1843
vt 0.1903 0.1914
vt 0.1237 0.1948
vt 0.1491 0.1855
vt 0.1237 0.1729
vt 0.2050 0.1953
vt 0.1610 0.1953
vt 0.1653 0.2100
vt 0.2050 0.2100
vt -0.8101 0.1772
vt -0.8320 0.1563
vt -0.8066 0.1563
vt -0.8291 0.1772
vt 0.1686 0.1563
vt 0.1903 0.1772
vt 0.1936 0.1563
vt 0.1713 0.1843
vt 0.2074 0.1843
vt 0.1903 0.1914
vt 0.1237 0.1948
vt 0.1491 0.1855
vt 0.1237 0.1729
vt 0.2050 0.1953
vt 0.1610 0.1953
vt 0.1653 0.2100
vt 0.2050 0.2100
vt -0.8101 0.1772
vt -0.8320 0.1563
vt -0.8066 0.1563
vt -0.8291 0.1772
vt 0.1686 0.1563
vt 0.1903 0.1772
vt 0.1936 0.1563
vt 0.1713 0.1843
vt 0.2074 0.1843
vt 0.1903 0.1914
vt 0.1237 0.1948
vt 0.1491 0.1855
vt 0.1237 0.1729
vt 0.2050 0.1953
vt 0.1610 0.1953
vt 0.1653 0.2100
vt 0.2050 0.2100
vt -0.8101 0.1772
vt -0.8320 0.1563
vt -0.8066 0.1563
vt -0.8291 0.1772
vt 0.1686 0.1563
vt 0.1903 0.1772
vt 0.1936 0.1563
vt 0.1713 0.1843
vt 0.2074 0.1843
vt 0.1903 0.1914
vt 0.1491 0.1855
vt 0.1237 0.1729
vt 0.1237 0.1948
vt 0.2050 0.1953
vt 0.1610 0.1953
vt 0.1653 0.2100
vt 0.2050 0.2100
vt -0.8101 0.1772
vt -0.8320 0.1563
vt -0.8066 0.1563
vt -0.8291 0.1772
vt 0.1686 0.1563
vt 0.1903 0.1772
vt 0.1936 0.1563
vt 0.1713 0.1843
vt 0.2074 0.1843
vt 0.1903 0.1914
vt 0.1544 0.1914
vt 0.1544 0.1772
vt 0.1653 0.2100
vt 0.2050 0.1953
vt 0.2050 0.2100
vt 0.1610 0.1953
vt -0.8101 0.1772
vt -0.8320 0.1563
vt -0.8291 0.1772
vt -0.8066 0.1563
vt 0.1903 0.1772
vt 0.1713 0.1843
vt 0.1686 0.1563
vt 0.1936 0.1563
vt 0.2074 0.1843
vt 0.1903 0.1914
vt 0.1653 0.2100
vt 0.2050 0.1953
vt 0.2050 0.2100
vt 0.1610 0.1953
vt -0.8101 0.1772
vt -0.8320 0.1563
vt -0.8291 0.1772
vt -0.8066 0.1563
vt 0.1903 0.1772
vt 0.1713 0.1843
vt 0.1686 0.1563
vt 0.1936 0.1563
vt 0.2074 0.1843
vt 0.1903 0.1914
vt 0.1653 0.2100
vt 0.2050 0.1953
vt 0.2050 0.2100
vt 0.1610 0.1953
vt -0.8101 0.1772
vt -0.8320 0.1563
vt -0.8291 0.1772
vt -0.8066 0.1563
vt 0.1903 0.1772
vt 0.1713 0.1843
vt 0.1686 0.1563
vt 0.1936 0.1563
vt 0.2074 0.1843
vt 0.1903 0.1914
vt 0.1653 0.2100
vt 0.2050 0.1953
vt 0.2050 0.2100
vt 0.1610 0.1953
vt -0.8101 0.1772
vt -0.8320 0.1563
vt -0.8291 0.1772
vt -0.8066 0.1563
vt 0.1903 0.1772
vt 0.1713 0.1843
vt 0.1686 0.1563
vt 0.1936 0.1563
vt 0.2074 0.1843
vt 0.1903 0.1914
vt 0.1653 0.2100
vt 0.2050 0.1953
vt 0.2050 0.2100
vt 0.1610 0.1953
vt -0.8101 0.1772
vt -0.8320 0.1563
vt -0.8291 0.1772
vt -0.8066 0.1563
vt 0.1903 0.1772
vt 0.1713 0.1843
vt 0.1686 0.1563
vt 0.1936 0.1563
vt 0.2074 0.1843
vt 0.1903 0.1914
vt 0.1653 0.2100
vt 0.2050 0.1953
vt 0.2050 0.2100
vt 0.1610 0.1953
vt -0.8101 0.1772
vt -0.8320 0.1563
vt -0.8291 0.1772
vt -0.8066 0.1563
vt 0.1903 0.1772
vt 0.1713 0.1843
vt 0.1686 0.1563
vt 0.1936 0.1563
vt 0.2074 0.1843
vt 0.1903 0.1914
vt 0.2698 0.9312
vt 0.3054 0.9314
vt 0.3042 0.9274
vt 0.2695 0.9274
vt 0.3042 0.9275
vt 0.2698 0.9275
vt 0.3228 0.6895
vt 0.2987 0.6831
vt 0.2960 0.6877
vt 0.3228 0.6814
vt 0.3271 0.6855
vt 0.2959 0.6716
vt 0.2959 0.6804
vt 0.3376 0.6716
vt 0.3376 0.6880
vt 0.3257 0.6660
vt 0.2839 0.6616
vt 0.2944 0.6729
vt 0.2839 0.6780
vt 0.3532 0.6577
vt 0.3566 0.6477
vt 0.3398 0.6477
vt 0.3398 0.6577
vt 0.3599 0.6775
vt 0.3566 0.6677
vt 0.3499 0.6775
vt -0.9863 0.8313
vt -0.6924 0.8560
vt -0.9863 0.8313
vt -0.8691 0.6711
vt -0.8242 0.6711
vt -0.8311 0.6782
vt -0.8691 0.6782
vt -0.6748 0.8842
vt -0.9897 0.8842
vt -0.9897 0.8176
vt -0.6748 0.8176
vt 0.3174 0.8182
vt 0.0064 0.8853
vt 0.0064 0.8182
vt 0.3174 0.8853
vt -0.7480 0.7249
vt -0.9932 0.7249
vt -0.9932 0.6638
vt -0.7480 0.6638
vt -0.7617 0.6709
vt -0.9668 0.6777
vt -0.9702 0.6709
vt -0.7646 0.6777
vt -0.6924 0.8313
vt -0.7480 0.6636
vt -0.9932 0.7249
vt -0.9932 0.6636
vt -0.7480 0.7249
vt -0.6802 0.8268
vt -0.9800 0.8358
vt -0.9897 0.8268
vt -0.6899 0.8358
vt -0.9922 0.8182
vt -0.6807 0.8853
vt -0.9922 0.8853
vt -0.6807 0.8182
vt 0.1543 0.0796
vt 0.0869 0.0796
vt 0.0869 0.0620
vt 0.0869 0.0991
vt 0.1577 0.0991
vt 0.0869 0.1064
vt 0.1643 0.1064
vt 0.1720 0.0825
vt 0.1805 0.0825
vt 0.1986 0.6157
vt 0.0032 0.6621
vt 0.0032 0.6157
vt 0.1986 0.6621
vt 0.3660 0.7972
vt 0.3564 0.8087
vt 0.3555 0.7972
vt 0.0502 0.2021
vt 0.0502 0.1821
vt 0.0565 0.2021
vt 0.0616 0.1880
vt 0.0732 0.1830
vt 0.0643 0.9236
vt 0.1036 0.8987
vt 0.1103 0.9236
vt 0.0643 0.8950
vt 0.0205 0.9249
vt 0.0205 0.8960
vt 0.3350 0.9560
vt 0.3350 0.8864
vt 0.3469 0.8864
vt 0.3469 0.9560
vt 0.2600 0.4292
vt 0.3284 0.4619
vt 0.3284 0.4292
vt 0.2600 0.4619
vt 0.0421 0.1240
vt 0.0261 0.1133
vt 0.0306 0.1240
vt 0.0466 0.1133
vt 0.0666 0.0342
vt 0.0814 0.1133
vt 0.0814 0.0342
vt 0.0666 0.1133
vt 0.0304 0.0278
vt 0.0463 0.0430
vt 0.0420 0.0278
vt 0.0261 0.0430
vt 0.0991 0.0138
vt 0.1071 0.0132
vt 0.0994 0.0122
vt 0.1102 0.0176
vt 0.0353 0.0107
vt 0.0403 0.0200
vt 0.0412 0.0135
vt 0.0371 0.0239
vt 0.1068 0.0068
vt 0.1069 0.0068
vt 0.1070 0.0132
vt 0.0914 0.0181
vt 0.0866 0.0292
vt 0.0901 0.0303
vt 0.0444 0.0083
vt 0.0586 0.0122
vt 0.0586 0.0083
vt 0.0980 0.0015
vt 0.0975 0.0054
vt 0.1030 0.0015
vt 0.0950 0.0015
vt 0.0887 0.0015
vt 0.1585 0.3809
vt 0.1486 0.3979
vt 0.1434 0.3809
vt 0.1605 0.3979
vt 0.1158 0.3809
vt 0.1295 0.3809
vt 0.1204 0.3979
vt 0.1345 0.3979
vt 0.1042 0.3809
vt 0.1004 0.3979
vt 0.0958 0.3809
vt -0.4546 0.0552
vt -0.4392 0.0669
vt -0.4392 0.0552
vt -0.4563 0.0664
vt -0.5249 0.0664
vt -0.5249 0.0078
vt -0.5562 0.0078
vt -0.5938 0.0664
vt -0.5938 0.0498
vt 0.1158 0.3809
vt 0.1204 0.3979
vt 0.1295 0.3809
vt 0.1345 0.3979
vt 0.1434 0.3809
vt 0.1486 0.3979
vt 0.1585 0.3809
vt 0.1605 0.3979
vt 0.0993 0.0128
vt 0.1071 0.0132
vt 0.1102 0.0176
vt 0.0403 0.0200
vt 0.0353 0.0107
vt 0.0412 0.0135
vt 0.0375 0.0238
vt 0.1119 0.0044
vt 0.1069 0.0068
vt 0.0866 0.0292
vt 0.0914 0.0181
vt 0.0901 0.0303
vt 0.0586 0.0122
vt 0.0444 0.0083
vt 0.0586 0.0083
vt 0.0975 0.0054
vt 0.0887 0.0015
vt 0.0950 0.0015
vt 0.0980 0.0015
vt 0.1030 0.0015
vt 0.3398 0.6477
vt 0.3532 0.6577
vt 0.3398 0.6577
vt 0.3499 0.6477
vt 0.2987 0.6831
vt 0.3228 0.6814
vt 0.3228 0.6895
vt 0.2960 0.6877
vt 0.2402 0.1543
vt 0.2402 0.1567
vt 0.2382 0.1567
vt 0.2423 0.1567
vt 0.2678 0.1567
vt 0.2305 0.0722
vt 0.1882 0.0732
vt -0.8091 0.1260
vt 0.3376 0.6716
vt 0.3376 0.6880
vt 0.3271 0.6855
vt 0.2959 0.6716
vt 0.2959 0.6804
vt 0.2944 0.6729
vt 0.2839 0.6780
vt 0.2839 0.6616
vt 0.3257 0.6660
vt 0.2267 0.0815
vt 0.1882 0.0811
vt 0.2391 0.0791
vt 0.2361 0.0645
vt -0.9082 0.7234
vt -0.9082 0.7161
vt 0.3044 0.6552
vt 0.3330 0.6516
vt 0.3330 0.6599
vt 0.7613 0.7354
vt 0.7571 0.7702
vt 0.7547 0.7587
vt 0.7510 0.7354
vt 0.7759 0.7711
vt 0.7742 0.7606
vt 0.7710 0.7354
vt 0.7803 0.7354
vt 0.4322 0.9520
vt 0.4230 0.9629
vt 0.4143 0.9517
vt 0.4329 0.9747
vt 0.4468 0.9487
vt 0.4342 0.9291
vt 0.4230 0.9407
vt 0.4109 0.9296
vt 0.3959 0.9516
vt 0.3714 0.6277
vt 0.3884 0.6155
vt 0.3975 0.6277
vt 0.3611 0.6155
vt 0.3533 0.6277
vt 0.4174 0.6155
vt 0.4191 0.6277
vt 0.4445 0.6277
vt 0.4499 0.6155
vt 0.4661 0.6277
vt 0.4756 0.6155
vt 0.4946 0.6155
vt 0.4876 0.6277
vt 0.7783 0.1250
vt 0.7788 0.1846
vt 0.7632 0.1846
vt 0.7637 0.1260
vt 0.9351 0.1367
vt 0.9302 0.1328
vt 0.9736 0.1250
vt 0.8750 0.1328
vt 0.8218 0.1328
vt 0.8169 0.1367
vt 0.8125 0.1406
vt 0.7871 0.1846
vt 0.8120 0.1709
vt 0.8164 0.1743
vt 0.9731 0.1846
vt 0.9888 0.1846
vt 0.9883 0.1260
vt 0.8213 0.1777
vt 0.9648 0.1846
vt 0.8750 0.1777
vt 0.9307 0.1777
vt 0.9355 0.1743
vt 0.9399 0.1709
vt 0.9395 0.1406
vt 0.7666 0.0396
vt 0.7549 0.0503
vt 0.7510 0.0396
vt 0.7744 0.0503
vt 0.7549 0.0820
vt 0.7734 0.1161
vt 0.9785 0.1160
vt 0.7549 0.1160
vt 0.7705 0.1250
vt 0.8750 0.0303
vt 0.7817 0.0396
vt 0.7720 0.0303
vt 0.9701 0.0396
vt 0.9775 0.0503
vt 0.9971 0.1160
vt 0.9814 0.1250
vt 0.9971 0.0503
vt 0.9854 0.0396
vt 1.0000 0.0396
vt 0.9971 0.0820
vt 0.2324 0.3745
vt 0.2600 0.3896
vt 0.2324 0.3896
vt 0.2600 0.3745
vt 0.3560 0.3896
vt 0.3284 0.3896
vt 0.3284 0.3745
vt 0.3560 0.3745
vt 0.3284 0.4619
vt 0.2600 0.4619
vt 0.2600 0.4292
vt 0.3284 0.4292
vt 0.2600 0.4150
vt 0.3284 0.4150
vt 0.0421 0.1240
vt 0.0261 0.1133
vt 0.0466 0.1133
vt 0.0306 0.1240
vt 0.0666 0.0342
vt 0.0814 0.1133
vt 0.0666 0.1133
vt 0.0814 0.0342
vt 0.0304 0.0278
vt 0.0463 0.0430
vt 0.0261 0.0430
vt 0.0420 0.0278
vt 0.2747 0.6089
vt 0.1066 0.6023
vt 0.2235 0.6023
vt 0.0554 0.6089
vt 0.2222 0.5913
vt 0.0540 0.5981
vt 0.1052 0.5913
vt 0.2732 0.5981
vt 0.2345 0.5852
vt 0.2883 0.5720
vt 0.2883 0.5852
vt 0.2345 0.5720
vt 0.1018 0.5852
vt 0.1018 0.5720
vt 0.0480 0.5852
vt 0.0480 0.5720
vt 0.2747 0.6089
vt 0.1066 0.6023
vt 0.2235 0.6023
vt 0.0554 0.6089
vt 0.2222 0.5913
vt 0.0540 0.5981
vt 0.1052 0.5913
vt 0.2732 0.5981
vt 0.2345 0.5852
vt 0.2883 0.5720
vt 0.2883 0.5852
vt 0.2345 0.5720
vt 0.1018 0.5852
vt 0.1018 0.5720
vt 0.0480 0.5852
vt 0.0480 0.5720
vt 0.0422 0.5002
vt 0.0728 0.5154
vt 0.0422 0.5154
vt 0.0728 0.5002
vt 0.2869 0.5154
vt 0.2561 0.5154
vt 0.2561 0.5002
vt 0.2869 0.5002
vt 0.2561 0.5603
vt 0.0728 0.5603
vt 0.0728 0.5452
vt 0.2561 0.5452
vt 0.0728 0.5303
vt 0.2561 0.5303
vt 0.4197 0.5244
vt 0.4197 0.5676
vt 0.4004 0.5676
vt 0.4004 0.5244
vt 0.4150 0.5701
vt 0.3977 0.6135
vt 0.3977 0.5701
vt 0.4150 0.6135
vt 0.3000 0.5671
vt 0.2898 0.5630
vt 0.3020 0.5630
vt 0.2866 0.5671
vt 0.4563 0.6135
vt 0.4563 0.5701
vt 0.5527 0.5691
vt 0.4653 0.6123
vt 0.4653 0.5691
vt 0.5527 0.6123
vt 0.4612 0.5239
vt 0.5527 0.5674
vt 0.4612 0.5674
vt 0.5527 0.5239
vt 0.4612 0.5691
vt 0.4612 0.6123
vt 0.2654 0.5193
vt 0.3262 0.5242
vt 0.2627 0.5242
vt 0.3262 0.5193
vt 0.5625 0.0669
vt 0.5474 0.0669
vt 0.5474 0.0552
vt 0.5625 0.0552
vt 0.5474 0.0259
vt 0.5474 0.0044
vt 0.5625 0.0044
vt 0.5625 0.0259
vt 0.5439 0.0664
vt 0.4795 0.0664
vt 0.4795 0.0078
vt 0.5181 0.0078
vt 0.5439 0.0498
vt 0.5635 0.6089
vt 0.5962 0.6138
vt 0.5698 0.6161
vt 0.6025 0.6062
vt 0.5652 0.6563
vt 0.5963 0.6569
vt 0.6057 0.6664
vt 0.5705 0.6508
vt 0.6500 0.6624
vt 0.6084 0.6060
vt 0.6539 0.6060
vt -0.9082 0.7234
vt -0.9082 0.7161
vt 0.1416 0.2568
vt 0.1473 0.2363
vt 0.1488 0.2570
vt 0.1370 0.2363
vt 0.1345 0.2562
vt 0.1293 0.2363
vt 0.1293 0.2574
vt 0.1061 0.2680
vt 0.0241 0.3060
vt 0.0241 0.2671
vt 0.1061 0.3067
vt 0.1095 0.3120
vt 0.1498 0.3120
vt 0.1102 0.3687
vt 0.1503 0.3687
vt 0.1061 0.2119
vt 0.0241 0.2119
vt 0.0241 0.3687
vt 0.0241 0.3120
vt 0.7764 0.2168
vt 0.7764 0.3125
vt 0.7329 0.2168
vt 0.7329 0.3125
vt 0.7764 0.4077
vt 0.7329 0.4077
vt 0.6899 0.3125
vt 0.6899 0.4077
vt 0.6470 0.3125
vt 0.6470 0.4077
vt 0.6035 0.3125
vt 0.6035 0.4077
vt 0.5605 0.3125
vt 0.5605 0.4077
vt 0.5171 0.3125
vt 0.5171 0.4077
vt 0.5171 0.2168
vt 0.5748 0.4214
vt 0.5171 0.4214
vt 0.6613 0.4214
vt 0.7474 0.4214
vt 0.8193 0.2168
vt 0.8193 0.3125
vt 0.8193 0.4077
vt 0.8193 0.4214
vt 0.8628 0.4077
vt 0.8628 0.3125
vt 0.8628 0.2168
vt 0.8628 0.4214
vt 0.8628 0.2031
vt 0.7907 0.2031
vt 0.7042 0.2031
vt 0.6899 0.2168
vt 0.5605 0.2168
vt 0.6470 0.2168
vt 0.6035 0.2168
vt -0.3103 0.5376
vt -0.3491 0.4341
vt -0.3494 0.5376
vt -0.2586 0.4341
vt -0.2715 0.5376
vt -0.2327 0.5376
vt -0.1808 0.4341
vt -0.1938 0.5376
vt -0.1549 0.5376
vt -0.1031 0.4341
vt -0.1161 0.5376
vt -0.0772 0.5376
vt -0.0384 0.5376
vt -0.0384 0.4341
vt 0.6180 0.2031
vt 0.5174 0.2031
vt 0.9907 0.2100
vt 0.8887 0.1953
vt 0.9888 0.1953
vt 0.8804 0.2100
vt 0.9888 0.2358
vt 0.8730 0.3130
vt 0.9888 0.3130
vt 0.9888 0.3901
vt 0.8804 0.4160
vt 0.9907 0.4160
vt 0.8887 0.4307
vt 0.9888 0.4307
vt -0.5693 0.0868
vt -0.5694 0.0811
vt -0.5679 0.0850
vt -0.5728 0.0864
vt -0.5728 0.0811
vt -0.5459 0.0898
vt -0.5371 0.0879
vt -0.5356 0.1001
vt -0.5459 0.1001
vt -0.5728 0.0889
vt -0.5591 0.0864
vt -0.5469 0.0864
vt -0.5503 0.0889
vt -0.5591 0.0889
vt -0.5591 0.0859
vt -0.6359 0.0811
vt -0.6357 0.0868
vt -0.6377 0.0850
vt -0.6328 0.0811
vt -0.6328 0.0864
vt -0.6328 0.0889
vt -0.8940 0.7161
vt -0.6699 0.1001
vt -0.6597 0.0898
vt -0.6597 0.1001
vt -0.6685 0.0879
vt -0.6543 0.1006
vt -0.5513 0.0903
vt -0.5513 0.1006
vt -0.6543 0.0903
vt -0.8940 0.7234
vt -0.6543 0.1191
vt -0.6460 0.1099
vt -0.6313 0.1099
vt -0.6553 0.1099
vt -0.6348 0.1016
vt -0.6460 0.1016
vt -0.5513 0.1191
vt -0.5596 0.1099
vt -0.5503 0.1099
vt -0.5742 0.1099
vt -0.5708 0.1016
vt -0.5596 0.1016
vt -0.6465 0.0859
vt -0.9912 0.8290
vt -0.6782 0.8290
vt -0.9912 0.8840
vt -0.6782 0.8840
vt -0.9912 0.8840
vt -0.6782 0.8290
vt -0.9912 0.8290
vt 0.3420 0.1175
vt 0.3218 0.1182
vt 0.3218 0.1167
vt 0.3240 0.1211
vt 0.3426 0.1216
vt 0.3232 0.1221
vt 0.6460 0.1924
vt 0.5366 0.1924
vt 0.6460 0.1882
vt 0.5366 0.1875
vt 0.4277 0.1860
vt 0.4277 0.1908
vt 0.6816 0.6088
vt 0.9927 0.6088
vt 0.9199 0.6624
vt 0.7544 0.6624
vt 0.6772 0.6624
vt 0.7144 0.6624
vt 0.9600 0.6624
vt 0.9971 0.6624
vt 0.9575 0.5720
vt 0.6473 0.6025
vt 0.6475 0.5720
vt 0.9577 0.6025
vt 0.6460 0.1826
vt 0.5366 0.1826
vt 0.2659 0.1997
vt 0.2827 0.1997
vt 0.2659 0.2163
vt 0.2827 0.2163
vt 0.9111 0.1431
vt 0.9111 0.1343
vt 0.8374 0.1343
vt 0.8374 0.1431
vt 0.9028 0.1431
vt 0.8447 0.1479
vt 0.8486 0.1431
vt 0.9063 0.1479
vt 0.8721 0.1616
vt 0.8794 0.1616
vt 0.6455 0.5396
vt 0.9658 0.5396
vt 0.9756 0.5669
vt 0.9800 0.5132
vt 0.9697 0.5129
vt -0.6582 0.1030
vt -0.6582 0.0864
vt -0.6553 0.0889
vt -0.6553 0.1030
vt 0.1593 0.3522
vt 0.1638 0.3496
vt 0.1638 0.3550
vt 0.1704 0.3479
vt 0.1689 0.2614
vt 0.1638 0.2586
vt 0.1593 0.2563
vt 0.3894 0.2614
vt 0.3921 0.3477
vt 0.3878 0.3476
vt 0.3921 0.2559
vt 0.3972 0.2544
vt 0.3972 0.3503
vt 0.3921 0.3530
vt 0.3527 0.3541
vt 0.3615 0.3652
vt 0.2076 0.3542
vt 0.3602 0.2480
vt 0.3800 0.2614
vt 0.2791 0.2371
vt 0.1978 0.2480
vt 0.1781 0.2614
vt 0.3627 0.3730
vt 0.3922 0.3652
vt 0.3950 0.3730
vt 0.3867 0.3599
vt 0.3534 0.3566
vt 0.1964 0.3730
vt 0.1951 0.3652
vt 0.1660 0.3652
vt 0.1633 0.3730
vt 0.1717 0.3599
vt 0.2071 0.3564
vt 0.1986 0.2344
vt 0.2751 0.2290
vt 0.1902 0.2290
vt 0.1724 0.2344
vt 0.1688 0.2290
vt 0.1708 0.2207
vt 0.3874 0.2290
vt 0.3693 0.2207
vt 0.3873 0.2207
vt 0.3699 0.2290
vt 0.2791 0.2207
vt 0.1944 0.2207
vt 0.3856 0.2344
vt 0.3655 0.2344
vt -0.8701 0.0820
vt -0.8701 0.0749
vt -0.8701 0.0679
vt 0.3625 0.2036
vt 0.3005 0.2036
vt 0.2986 0.1528
vt 0.3721 0.1589
vt 0.3753 0.2013
vt 0.3649 0.1528
vt 0.3318 0.1523
vt 0.2912 0.1589
vt 0.2881 0.2013
vt -0.0278 0.7444
vt -0.0457 0.6941
vt -0.0019 0.6941
vt -0.1115 0.6941
vt -0.1114 0.7444
vt -0.1115 0.7947
vt -0.0457 0.7947
vt -0.0019 0.7947
vt 0.1194 0.0654
vt 0.1837 0.0654
vt 0.1384 0.0317
vt 0.1837 0.0317
vt -0.1770 0.7444
vt -0.1770 0.6941
vt -0.1770 0.7947
vt -0.8232 0.0750
vt -0.0452 0.8588
vt -0.0231 0.8425
vt -0.0092 0.8854
vt -0.0585 0.8115
vt -0.0637 0.8824
vt -0.0885 0.8265
vt -0.1167 0.8551
vt -0.0467 0.9298
vt -0.1476 0.8999
vt -0.1399 0.8366
vt -0.1704 0.9010
vt -0.1216 0.9366
vt -0.1846 0.9479
vt -0.1986 0.9054
vt -0.1195 0.9606
vt -0.0792 0.9328
vt -0.1488 0.9792
vt -0.0934 0.9899
vt -0.0512 0.9760
vt -0.0200 0.9404
vt 0.3909 0.0986
vt 0.3909 0.0874
vt 0.3960 0.0874
vt 0.4011 0.0874
vt 0.4065 0.0874
vt 0.4116 0.0874
vt 0.4170 0.0874
vt 0.4221 0.0874
vt 0.4011 0.1235
vt 0.4065 0.1235
vt 0.4116 0.1235
vt 0.4170 0.1235
vt 0.4221 0.1235
vt 0.9526 0.8160
vt 0.8965 0.8243
vt 0.9107 0.8000
vt 0.8646 0.8632
vt 0.8404 0.8526
vt 0.8548 0.8081
vt 0.9043 0.8471
vt 0.9466 0.8427
vt 0.8960 0.8943
vt 0.8174 0.8375
vt 0.9390 0.8749
vt 0.9276 0.9550
vt 0.9300 0.9266
vt 0.9667 0.8926
vt 0.9810 0.8511
vt 0.9741 0.9512
vt 0.9902 0.9093
vt 0.8894 0.9415
vt 0.8572 0.9151
vt 0.9367 0.9808
vt 0.8259 0.9055
vt 0.8015 0.8796
vt 0.8093 0.9354
vt 0.8557 0.9512
vt 0.8389 0.9726
vt 0.8809 0.9887
vt 0.3229 0.1265
vt 0.3450 0.1265
vt 0.3447 0.1274
vt 0.3446 0.1250
vt 0.3228 0.1250
vt 0.3225 0.1240
vt 0.1020 0.1655
vt 0.1049 0.1504
vt 0.1064 0.1655
vt 0.1005 0.1504
vt 0.0990 0.1655
vt 0.1078 0.1504
vt 0.4142 0.6890
vt 0.4081 0.6904
vt 0.4141 0.6829
vt 0.4221 0.6829
vt 0.4155 0.6829
vt 0.4221 0.6785
vt 0.4019 0.0317
vt 0.3533 0.0347
vt 0.3533 0.0317
vt 0.4019 0.0347
vt 0.2983 0.0400
vt 0.3467 0.0366
vt 0.3467 0.0400
vt 0.2983 0.0366
vt 0.4019 0.0317
vt 0.3533 0.0347
vt 0.3533 0.0317
vt 0.4019 0.0347
vt 0.2983 0.0400
vt 0.3467 0.0366
vt 0.3467 0.0400
vt 0.2983 0.0366
vt 0.9109 0.8000
vt 0.8736 0.8282
vt 0.9301 0.8308
vt 0.9633 0.8267
vt 0.8551 0.8079
vt 0.8915 0.8493
vt 0.9645 0.8852
vt 0.9903 0.8796
vt 0.9821 0.9356
vt 0.9363 0.8678
vt 0.8960 0.8943
vt 0.9377 0.9162
vt 0.8961 0.9410
vt 0.9373 0.9515
vt 0.8572 0.9151
vt 0.9526 0.9726
vt 0.9107 0.9888
vt 0.8524 0.9794
vt 0.8750 0.9612
vt 0.8337 0.9287
vt 0.8553 0.8727
vt 0.8292 0.8753
vt 0.8093 0.9353
vt 0.8174 0.8375
vt 0.8015 0.8794
vt 0.9338 0.7444
vt 0.9121 0.7947
vt 0.9811 0.7947
vt 0.9995 0.7444
vt 0.9811 0.6941
vt 0.9121 0.6941
vt 0.8462 0.7444
vt 0.8458 0.7947
vt 0.8459 0.6941
vt 0.4184 0.9632
vt 0.4288 0.9544
vt 0.4126 0.9487
vt 0.4461 0.9611
vt 0.4202 0.9765
vt 0.4431 0.9378
vt 0.4259 0.9413
vt 0.3974 0.9512
vt 0.4185 0.9274
vt 0.3850 0.1289
vt 0.3872 0.1255
vt 0.3872 0.1328
vt 0.3916 0.1255
vt 0.3938 0.1289
vt 0.3916 0.1328
vt 0.7530 0.7354
vt 0.7547 0.7587
vt 0.7571 0.7702
vt 0.7637 0.7354
vt 0.3965 0.1255
vt 0.4009 0.1255
vt 0.3965 0.1328
vt 0.4031 0.1289
vt 0.4009 0.1328
vt 0.3943 0.1289
vt 0.0141 0.1450
vt 0.1689 0.1450
vt 0.1689 0.1294
vt 0.0141 0.1294
vt 0.1689 0.1450
vt 0.0140 0.1294
vt 0.0141 0.1450
vt 0.1689 0.1294
vt 0.1689 0.1450
vt 0.0141 0.1294
vt 0.0141 0.1450
vt 0.1689 0.1294
vt 0.1549 0.3809
vt 0.1464 0.3979
vt 0.1434 0.3809
vt 0.1605 0.3979
vt 0.1605 0.3809
vt 0.1274 0.3979
vt 0.1265 0.3809
vt 0.0979 0.3979
vt 0.0988 0.3809
vt 0.1127 0.3979
vt 0.1127 0.3809
vt 0.1381 0.3979
vt 0.1265 0.3809
vt 0.1204 0.3979
vt 0.1127 0.3809
vt 0.1004 0.3979
vt 0.0988 0.3809
vt 0.3909 0.1071
vt 0.3909 0.1021
vt 0.1549 0.3809
vt 0.1605 0.3979
vt 0.1605 0.3809
vt 0.1521 0.3979
vt 0.1434 0.3809
vt 0.4121 0.2900
vt 0.3025 0.9255
vt 0.2698 0.9251
vt 0.3018 0.9229
vt 0.2710 0.9319
vt 0.3025 0.9256
vt 0.3027 0.9297
vt 0.4631 0.3774
vt 0.4475 0.2954
vt 0.4631 0.2900
vt 0.3042 0.9275
vt 0.2698 0.9312
vt 0.3054 0.9314
vt 0.2698 0.9275
vt 0.5942 0.5564
vt 0.5942 0.6008
vt 0.5894 0.6008
vt 0.6109 0.4390
vt 0.6108 0.4452
vt 0.6060 0.4452
vt 0.6265 0.4390
vt 0.6226 0.4499
vt 0.6201 0.4390
vt 0.6289 0.4453
vt 0.5952 0.5188
vt 0.6021 0.5405
vt 0.5952 0.5435
vt 0.6108 0.4995
vt 0.6060 0.4995
vt 0.6289 0.4624
vt 0.6207 0.5029
vt 0.6269 0.5031
vt 0.6021 0.5154
vt 0.5952 0.5154
vt 0.6021 0.5120
vt 0.6138 0.5066
vt 0.6079 0.5066
vt 0.6245 0.5524
vt 0.6182 0.5524
vt 0.5952 0.4597
vt 0.5952 0.4385
vt 0.6021 0.4385
vt 0.6021 0.4580
vt 0.6021 0.4619
vt 0.5952 0.4878
vt 0.5952 0.4897
vt 0.6021 0.4917
vt 0.4695 0.8081
vt 0.3708 0.7977
vt 0.4695 0.7977
vt 0.3633 0.8083
vt 0.3499 0.8370
vt 0.4695 0.8997
vt 0.3517 0.9060
vt 0.4695 0.9117
vt 0.3721 0.9881
vt 0.3689 0.9278
vt 0.3765 0.9222
vt 0.4602 0.9286
vt 0.4587 0.9246
vt 0.4648 0.9910
vt 0.4570 0.9723
vt 0.4551 0.9774
vt 0.4592 0.9910
vt 0.3887 0.9809
vt 0.3821 0.9776
vt 0.3787 0.9723
vt 0.4795 0.2900
vt 0.4795 0.3774
vt 0.2852 0.0435
vt 0.4001 0.0435
vt 0.2852 0.0479
vt 0.4001 0.0479
vt 0.4553 0.1553
vt 0.4324 0.1577
vt 0.4324 0.1519
vt 0.4553 0.1519
vt 0.4688 0.1553
vt 0.4653 0.1519
vt 0.4878 0.1519
vt 0.5263 0.1553
vt 0.5264 0.1519
vt 0.5425 0.1553
vt 0.5425 0.1519
vt 0.4553 0.1602
vt 0.4324 0.1641
vt 0.3308 0.5864
vt 0.3958 0.5217
vt 0.3958 0.5864
vt 0.3308 0.5217
vt 0.5903 0.4570
vt 0.5903 0.5217
vt 0.5254 0.5217
vt 0.5254 0.4570
vt 0.4604 0.5217
vt 0.4604 0.4570
vt 0.9109 0.9888
vt 0.9520 0.9379
vt 0.9634 0.9618
vt 0.8826 0.9612
vt 0.9878 0.9243
vt 0.9633 0.8725
vt 0.9446 0.8954
vt 0.9112 0.8532
vt 0.8960 0.8943
vt 0.9902 0.8792
vt 0.9633 0.8267
vt 0.9059 0.8266
vt 0.8567 0.8750
vt 0.8394 0.8538
vt 0.9107 0.8000
vt 0.8548 0.8081
vt 0.8298 0.9159
vt 0.8015 0.8796
vt 0.8174 0.8375
vt 0.8106 0.9379
vt 0.8715 0.9297
vt 0.9244 0.9328
vt 0.8550 0.9807
vt 0.8242 0.7444
vt 0.7827 0.7947
vt 0.8242 0.7947
vt 0.7827 0.7444
vt 0.7827 0.6941
vt 0.8242 0.6941
vt 0.4553 0.1641
vt -0.1555 0.7947
vt -0.0676 0.7947
vt -0.1551 0.7444
vt -0.0676 0.7444
vt -0.0019 0.7444
vt -0.0019 0.7947
vt -0.0676 0.6941
vt -0.1554 0.6941
vt -0.0019 0.6941
vt -0.0019 0.7444
vt -0.0457 0.7947
vt -0.0019 0.7947
vt -0.0676 0.7444
vt -0.0457 0.6941
vt -0.1154 0.6941
vt -0.1551 0.7444
vt -0.1979 0.6941
vt -0.2188 0.7444
vt -0.1979 0.7947
vt -0.1154 0.7947
vt 0.4672 0.1602
vt -0.1154 0.7947
vt -0.1979 0.7444
vt -0.1979 0.7947
vt -0.1332 0.7444
vt -0.0676 0.7444
vt -0.0240 0.7947
vt -0.0019 0.7444
vt -0.0240 0.6941
vt -0.1154 0.6941
vt -0.1979 0.6941
vt 0.8848 0.6859
vt 0.8875 0.6746
vt 0.8874 0.6834
vt 0.8979 0.6827
vt 0.8877 0.6862
vt 0.8872 0.6904
vt 0.4653 0.1641
vt 0.8848 0.6859
vt 0.8875 0.6746
vt 0.8874 0.6834
vt 0.8979 0.6827
vt 0.8877 0.6862
vt 0.8872 0.6904
vt 0.4878 0.1641
vt 0.8874 0.6834
vt 0.8875 0.6746
vt 0.8848 0.6859
vt 0.8872 0.6904
vt 0.8877 0.6862
vt 0.8979 0.6827
vt 0.8874 0.6834
vt 0.8875 0.6746
vt 0.8848 0.6859
vt 0.8872 0.6904
vt 0.8877 0.6862
vt 0.8979 0.6827
vt 0.4553 0.1553
vt 0.4324 0.1578
vt 0.4324 0.1519
vt 0.4553 0.1519
vt 0.4688 0.1553
vt 0.4653 0.1519
vt 0.4878 0.1519
vt 0.5263 0.1553
vt 0.5264 0.1519
vt 0.5425 0.1553
vt 0.5425 0.1519
vt 0.4553 0.1602
vt 0.4324 0.1641
vt 0.8848 0.6859
vt 0.8875 0.6746
vt 0.8874 0.6834
vt 0.8874 0.6834
vt 0.8979 0.6827
vt 0.8877 0.6862
vt 0.8872 0.6904
vt 0.4553 0.1641
vt 0.9821 0.9355
vt 0.9276 0.9550
vt 0.9392 0.9795
vt 0.8813 0.9888
vt 0.8544 0.9503
vt 0.8037 0.9243
vt 0.8282 0.9620
vt 0.9045 0.9391
vt 0.8598 0.9218
vt 0.8960 0.8943
vt 0.8567 0.8750
vt 0.8265 0.8930
vt 0.8015 0.8796
vt 0.8459 0.8437
vt 0.8174 0.8375
vt 0.8548 0.8081
vt 0.9105 0.8528
vt 0.9429 0.9014
vt 0.9637 0.8819
vt 0.9058 0.8266
vt 0.9634 0.8268
vt 0.9107 0.8000
vt 0.4672 0.1602
vt 0.1589 0.7972
vt 0.2629 0.8087
vt 0.1578 0.8087
vt 0.2814 0.7972
vt 0.2874 0.8087
vt 0.4653 0.1641
vt -0.1565 0.8146
vt -0.1866 0.8480
vt -0.1138 0.8006
vt 0.4878 0.1641
vt 0.5560 0.9828
vt 0.6676 0.9837
vt 0.6686 0.9245
vt 0.5548 0.9246
vt 0.8975 0.6746
vt 0.8979 0.6858
vt 0.8877 0.6746
vt 0.8925 0.6672
vt 0.8848 0.6859
vt 0.8875 0.6746
vt 0.0921 0.9329
vt 0.0793 0.9935
vt 0.0793 0.9327
vt 0.0921 0.9935
vt 0.1705 0.9935
vt 0.1658 0.9334
vt 0.1787 0.9334
vt 0.5488 0.9941
vt 0.5468 0.9786
vt 0.5454 0.8980
vt 0.5488 0.8983
vt 0.9902 0.8794
vt 0.4056 0.9727
vt 0.1504 0.2744
vt 0.1447 0.2686
vt 0.1381 0.2686
vt 0.1315 0.2686
vt 0.7519 0.7722
vt 0.7354 0.7732
vt 0.7380 0.7606
vt 0.7402 0.7354
vt 0.7334 0.7354
vt 0.7759 0.7711
vt 0.7742 0.7606
vt 0.7710 0.7354
vt 0.7803 0.7354
vt 0.8975 0.6746
vt 0.9009 0.6861
vt 0.5469 0.9976
vt 0.5360 0.9912
vt 0.5039 0.9243
vt 0.5312 0.9907
vt 0.5039 0.9971
vt 0.5220 0.8975
vt 0.5039 0.8974
vt 0.5361 0.8981
vt -0.8701 0.0679
vt -0.8701 0.0749
vt -0.8701 0.0820
vt -0.1770 0.7444
vt -0.1983 0.7947
vt -0.2188 0.7444
vt -0.1982 0.6941
vt 0.1194 0.0654
vt 0.1384 0.0317
vt 0.1837 0.0654
vt 0.1837 0.0317
vt -0.8232 0.0750
vt 0.1522 0.2686
vt 0.1557 0.2564
vt 0.1575 0.2686
vt -0.7256 0.8109
vt -0.7949 0.8109
vt -0.7207 0.7980
vt -0.7842 0.7980
vt -0.8223 0.8109
vt -0.8159 0.7980
vt 0.5854 0.1479
vt 0.2571 0.1479
vt -0.0019 0.6941
vt 0.1654 0.9236
vt 0.1543 0.8985
vt 0.1654 0.8984
vt 0.1127 0.8987
vt 0.8872 0.6904
vt 0.8877 0.6862
vt 0.8979 0.6827
vt 0.8979 0.6827
vt 0.8975 0.6746
vt 0.9009 0.6861
vt 0.8877 0.6746
vt 0.8925 0.6672
vt 0.8975 0.6746
vt 0.8877 0.6862
vt 0.8979 0.6858
vt 0.8872 0.6904
vt 0.8974 0.6904
vt 0.8877 0.6746
vt 0.8925 0.6672
vt 0.8975 0.6746
vt 0.8979 0.6858
vt 0.8975 0.6746
vt 0.9009 0.6861
vt 0.8925 0.6672
vt 0.8877 0.6746
vt 0.8975 0.6746
vt 0.8979 0.6858
vt 0.8979 0.6827
vt 0.8975 0.6746
vt 0.9009 0.6861
vt 0.8877 0.6746
vt 0.8926 0.6672
vt 0.8975 0.6746
vt 0.8877 0.6862
vt 0.8979 0.6858
vt 0.8872 0.6904
vt 0.8974 0.6904
vt 0.8975 0.6746
vt 0.9009 0.6861
vt 0.8979 0.6827
vt 0.8975 0.6746
vt 0.9009 0.6861
vt 0.8877 0.6746
vt 0.8925 0.6672
vt 0.8975 0.6746
vt 0.8877 0.6862
vt 0.8979 0.6858
vt 0.8872 0.6904
vt 0.8974 0.6904
vt 0.8925 0.6672
vt 0.8877 0.6746
vt 0.8975 0.6746
vt 0.8979 0.6858
vt 0.8979 0.6827
vt 0.8975 0.6746
vt 0.9009 0.6861
vt 0.8877 0.6746
vt 0.8926 0.6672
vt 0.8975 0.6746
vt 0.8877 0.6862
vt 0.8979 0.6858
vt 0.8872 0.6904
vt 0.8974 0.6904
vt 0.8975 0.6746
vt 0.9009 0.6861
vt 0.8979 0.6827
vt 0.8975 0.6746
vt 0.9009 0.6861
vt 0.8877 0.6746
vt 0.8925 0.6672
vt 0.8975 0.6746
vt 0.8877 0.6862
vt 0.8979 0.6858
vt 0.8872 0.6904
vt 0.8974 0.6904
vt 0.8877 0.6746
vt 0.8925 0.6672
vt 0.8975 0.6746
vt 0.8979 0.6858
vt 0.8975 0.6746
vt 0.9009 0.6861
vt 0.8877 0.6746
vt 0.8926 0.6672
vt 0.8975 0.6746
vt 0.8979 0.6858
vt 0.8975 0.6746
vt 0.9009 0.6861
vt 0.8979 0.6827
vt 0.8975 0.6746
vt 0.9009 0.6861
vt 0.8877 0.6746
vt 0.8925 0.6672
vt 0.8975 0.6746
vt 0.8877 0.6862
vt 0.8979 0.6858
vt 0.8872 0.6904
vt 0.8974 0.6904
vt 0.8979 0.6858
vt 0.8975 0.6746
vt 0.8877 0.6746
vt 0.8925 0.6672
vt 0.8877 0.6862
vt 0.3308 0.4570
vt 0.3958 0.4570
vt 0.3308 0.3921
vt 0.3958 0.3921
vt 0.6021 0.4897
vt 0.6108 0.5535
vt 0.6167 0.5535
vt 0.6021 0.5437
vt 0.6021 0.5466
vt 0.6025 0.5571
vt 0.5996 0.6008
vt 0.5974 0.5572
vt 0.6040 0.5964
vt 0.6045 0.6008
vt 0.8872 0.6904
vt 0.8974 0.6904
vt 0.8979 0.6858
vt 0.8975 0.6746
vt 0.8877 0.6746
vt 0.8925 0.6672
vt 0.8877 0.6862
vt 0.3042 0.9274
vt 0.2695 0.9274
vt 0.1180 0.4215
vt 0.1259 0.4084
vt 0.1030 0.4124
vt 0.1144 0.4005
vt 0.1049 0.4053
vt 0.1218 0.4041
vt 0.1058 0.4202
vt 0.1206 0.4211
vt 0.8872 0.6904
vt 0.8974 0.6904
vt 0.8979 0.6858
vt 0.8975 0.6746
vt 0.8877 0.6746
vt 0.8925 0.6672
vt 0.8877 0.6862
vt 0.0144 0.1450
vt 0.1689 0.1294
vt 0.0141 0.1294
vt 0.1689 0.1450
vt 0.8872 0.6904
vt 0.8974 0.6904
vt 0.8979 0.6858
vt 0.8975 0.6746
vt 0.8877 0.6746
vt 0.8926 0.6672
vt 0.8877 0.6862
vt 0.4947 0.6155
vt 0.4771 0.6277
vt 0.4946 0.6277
vt 0.4756 0.6155
vt 0.4518 0.6277
vt 0.4464 0.6155
vt 0.4195 0.6277
vt 0.4137 0.6155
vt 0.3835 0.6277
vt 0.3884 0.6155
vt 0.3611 0.6155
vt 0.3561 0.6277
vt 0.8872 0.6904
vt 0.8974 0.6904
vt 0.8979 0.6858
vt 0.8975 0.6746
vt 0.8877 0.6746
vt 0.8925 0.6672
vt 0.8877 0.6862
vt -0.1770 0.6941
vt -0.2188 0.6941
vt -0.1770 0.7444
vt -0.2188 0.7444
vt -0.2188 0.7947
vt -0.1770 0.7947
vt 0.8872 0.6904
vt 0.8974 0.6904
vt 0.8979 0.6858
vt 0.8975 0.6746
vt 0.8877 0.6746
vt 0.8926 0.6672
vt 0.8877 0.6862
vt 0.4773 0.2402
vt 0.4250 0.2402
vt 0.4050 0.2490
vt 0.4075 0.2432
vt 0.4187 0.2544
vt 0.4131 0.2407
vt 0.4187 0.2432
vt 0.4211 0.2490
vt 0.4131 0.2568
vt 0.4075 0.2544
vt 0.8872 0.6904
vt 0.8974 0.6904
vt 0.8979 0.6858
vt 0.8975 0.6746
vt 0.8877 0.6746
vt 0.8925 0.6672
vt 0.8877 0.6862
vt 0.4199 0.2632
vt 0.4224 0.2690
vt 0.4087 0.2632
vt 0.4199 0.2749
vt 0.4143 0.2769
vt 0.4087 0.2749
vt 0.4063 0.2690
vt 0.4143 0.2612
vt 0.8872 0.6904
vt 0.8974 0.6904
vt 0.8979 0.6858
vt 0.8975 0.6746
vt 0.8877 0.6746
vt 0.8925 0.6672
vt 0.8877 0.6862
vt 0.4019 0.0410
vt 0.3533 0.0410
vt 0.4019 0.0376
vt 0.3533 0.0376
vt 0.4019 0.0410
vt 0.3533 0.0410
vt 0.4019 0.0376
vt 0.3533 0.0376
vt 0.4221 0.6946
vt 0.4155 0.6946
vt 0.4222 0.6904
vt 0.4154 0.6869
vt 0.4237 0.6893
vt 0.4241 0.6829
vt 0.4300 0.6869
vt 0.4221 0.6829
vt 0.8872 0.6904
vt 0.8974 0.6904
vt 0.5963 0.6569
vt 0.6025 0.6062
vt 0.5962 0.6138
vt 0.1107 0.1655
vt 0.1107 0.1504
vt 0.6076 0.5720
vt 0.6074 0.6040
vt 0.6313 0.5132
vt 0.6416 0.5129
vt 0.6362 0.5669
vt 0.5698 0.6161
vt 0.5635 0.6089
vt 0.5652 0.6563
vt 0.5705 0.6508
vt -0.6465 0.0864
vt -0.6465 0.0889
vt 0.7144 0.6870
vt 0.7407 0.6870
vt 0.7607 0.6687
vt 0.7546 0.6880
vt 0.6587 0.6570
vt 0.6587 0.6089
vt -0.5469 0.1030
vt -0.5503 0.1030
vt 0.9969 0.5728
vt 0.9971 0.6030
vt 0.6265 0.4390
vt 0.6201 0.4390
vt 0.6269 0.5031
vt 0.6207 0.5029
vt 0.6021 0.5154
vt 0.6138 0.5066
vt 0.6108 0.5535
vt 0.6167 0.5535
vt 0.6079 0.5066
vt 0.6245 0.5524
vt 0.6182 0.5524
vt 0.5952 0.4385
vt 0.6021 0.4385
vt 0.5952 0.4878
vt 0.0732 0.1830
vt 0.0502 0.1821
vt 0.0616 0.1880
vt 0.0565 0.2021
vt 0.0502 0.2021
vt -0.9868 0.8109
vt -0.8989 0.7980
vt -0.9868 0.7980
vt -0.8911 0.8109
vt 0.9600 0.6870
vt 0.9331 0.6870
vt 0.0808 0.0088
vt 0.0651 0.0088
vt 0.0651 0.0132
vt 0.0750 0.0166
vt 0.0793 0.0283
vt 0.0808 0.0283
vt 0.9131 0.6687
vt 0.2814 0.7972
vt 0.9197 0.6880
vt 0.2874 0.8087
vt 0.9614 0.4341
vt 0.9614 0.5376
vt 0.9224 0.4341
vt 0.9224 0.5376
vt 0.8577 0.4341
vt 0.8838 0.5376
vt 0.8447 0.5376
vt 0.7800 0.4341
vt 0.8057 0.5376
vt 0.7671 0.5376
vt 0.7020 0.4341
vt 0.7280 0.5376
vt 0.6890 0.5376
vt 0.6504 0.4341
vt 0.6504 0.5376
vt 0.0793 0.9327
vt 0.0046 0.9935
vt 0.0793 0.9935
vt 0.0241 0.1724
vt 0.1061 0.1724
vt 0.0702 0.4478
vt 0.0315 0.4478
vt 0.0696 0.3862
vt 0.0309 0.3862
vt 0.0046 0.9327
vt 0.1560 0.2363
vt 0.1456 0.2844
vt 0.1365 0.2803
vt 0.1398 0.2705
vt 0.6587 0.6570
vt 0.6587 0.6089
vt 0.2629 0.8087
vt 0.1705 0.9935
vt 0.1787 0.9334
vt 0.1658 0.9334
vt 0.0921 0.9329
vt 0.0921 0.9935
vt 0.0858 0.0020
vt 0.0858 0.0063
vt 0.0205 0.8960
vt 0.0205 0.9249
vt 0.0643 0.8950
vt 0.0643 0.9236
vt 0.3469 0.9560
vt 0.3469 0.8864
vt 0.1689 0.1450
vt 0.0141 0.1450
vt 0.1689 0.1294
vt 0.0141 0.1294
vt 0.1689 0.1450
vt 0.0141 0.1450
vt 0.1689 0.1294
vt 0.0141 0.1294
vt 0.0141 0.1294
vt 0.1689 0.1294
vt 0.0141 0.1450
vt 0.1689 0.1450
vt 0.1689 0.1450
vt 0.0141 0.1450
vt 0.1689 0.1294
vt 0.0141 0.1294
vt 0.4458 0.0078
vt 0.4082 0.0664
vt 0.4082 0.0498
vt 0.4768 0.0664
vt 0.4768 0.0078
vt 0.3247 0.5310
vt 0.2612 0.5310
vt 0.3218 0.5261
vt 0.2612 0.5261
vt 0.3977 0.5676
vt 0.3977 0.5244
vt 0.3003 0.5559
vt 0.3286 0.5376
vt 0.3032 0.5601
vt 0.0141 0.1294
vt 0.1689 0.1294
vt 0.0141 0.1450
vt 0.1689 0.1450
vt 0.1689 0.1450
vt 0.0141 0.1450
vt 0.1689 0.1294
vt 0.3286 0.5303
vt 0.0141 0.1294
vt 0.2620 0.5361
vt 0.2620 0.5437
vt 0.1689 0.1450
vt 0.0141 0.1450
vt 0.1689 0.1294
vt 0.0141 0.1294
vt 0.4563 0.5244
vt 0.4563 0.5676
vt 0.3035 0.5601
vt 0.2900 0.5601
vt 0.2881 0.5559
vt 0.0666 0.1133
vt 0.1689 0.1450
vt 0.0141 0.1450
vt 0.1689 0.1294
vt 0.0666 0.0347
vt 0.0141 0.1294
vt 0.0058 0.1133
vt 0.0141 0.1294
vt 0.1689 0.1450
vt 0.0141 0.1450
vt 0.1689 0.1294
vt 0.0058 0.0347
vt 0.0141 0.1294
vt 0.1689 0.1450
vt 0.0141 0.1450
vt 0.1689 0.1294
vt 0.2263 0.4492
vt 0.1622 0.4478
vt 0.2263 0.4346
vt 0.1622 0.4332
vt 0.2263 0.4229
vt 0.1622 0.4229
vt 0.2263 0.4126
vt 0.1622 0.4112
vt 0.2263 0.3980
vt 0.1622 0.3966
vt 0.2263 0.3862
vt 0.1622 0.3862
vt 0.2263 0.3789
vt 0.1622 0.3789
vt 0.2263 0.4639
vt 0.1622 0.4625
vt 0.2573 0.4307
vt 0.2486 0.4368
vt 0.2448 0.4229
vt 0.2343 0.4339
vt 0.2297 0.4197
vt 0.2365 0.4097
vt 0.2472 0.4085
vt 0.2581 0.4182
vt 0.0136 0.1294
vt 0.1685 0.1450
vt 0.0136 0.1450
vt 0.1685 0.1294
vt 0.1413 0.4367
vt 0.1316 0.4302
vt 0.1448 0.4229
vt 0.1304 0.4198
vt 0.1400 0.4094
vt 0.1516 0.4102
vt 0.1578 0.4186
vt 0.1547 0.4324
vt 0.1689 0.1294
vt 0.0141 0.1294
vt 0.1689 0.1450
vt 0.0141 0.1450
vt 0.9800 0.0303
vt 0.1689 0.1294
vt 0.0142 0.1294
vt 0.1689 0.1450
vt 0.0141 0.1450
vt 0.1689 0.1294
vt 0.0141 0.1294
vt 0.0141 0.1450
vt 0.1689 0.1450
vt 0.0141 0.1450
vt 0.1689 0.1294
vt 0.0141 0.1294
vt 0.7402 0.7354
vt 0.7380 0.7606
vt 0.7334 0.7354
vt 0.7354 0.7732
vt 0.7519 0.7722
vt 0.2856 0.6840
vt 0.1689 0.1450
vt 0.0141 0.1450
vt 0.1689 0.1294
vt 0.0141 0.1294
vt 0.3599 0.6477
vt 0.3696 0.6577
vt 0.3696 0.6477
vt 0.3678 0.6769
vt 0.3631 0.6681
vt 0.3717 0.6645
vt 0.1689 0.1450
vt 0.0860 0.0068
vt 0.0930 0.0068
vt 0.1689 0.1294
vt 0.0141 0.1294
vt 0.0141 0.1450
vt 0.1689 0.1450
vt 0.0141 0.1450
vt 0.1689 0.1450
vt 0.1689 0.1294
vt 0.0141 0.1294
vt 0.0141 0.1450
vt 0.1689 0.1450
vt 0.1689 0.1294
vt 0.0141 0.1294
vt 0.7759 0.7711
vt 0.7742 0.7606
vt 0.7710 0.7354
vt 0.7803 0.7354
vt 0.4737 0.6277
vt 0.4935 0.6155
vt 0.4610 0.6155
vt 0.4948 0.6277
vt 0.4121 0.6277
vt 0.4445 0.6277
vt 0.4247 0.6155
vt 0.3795 0.6277
vt 0.3884 0.6155
vt 0.3562 0.6277
vt 0.3596 0.6155
vt 0.3714 0.6277
vt 0.3975 0.6277
vt 0.3748 0.6155
vt 0.3533 0.6155
vt 0.3533 0.6277
vt 0.4191 0.6277
vt 0.4248 0.6155
vt 0.4030 0.6155
vt 0.4445 0.6277
vt 0.4661 0.6277
vt 0.4499 0.6155
vt 0.4876 0.6277
vt 0.4836 0.6155
vt 0.1070 0.0132
vt 0.1068 0.0068
vt 0.7710 0.7354
vt 0.7742 0.7606
vt 0.7803 0.7354
vt 0.7759 0.7711
vt 0.7354 0.7732
vt 0.7380 0.7606
vt 0.7402 0.7354
vt 0.7334 0.7354
vt 0.0938 0.0200
vt 0.0969 0.0200
vt 0.0948 0.0302
vt 0.0480 0.0193
vt 0.1004 0.3979
vt 0.1042 0.3809
vt 0.0958 0.3809
vt 0.1180 0.4215
vt 0.1237 0.4053
vt 0.1030 0.4124
vt 0.1106 0.4003
vt -0.4822 0.0078
vt -0.4563 0.0498
vt -0.5205 0.0078
vt -0.5205 0.0664
vt 0.7530 0.7354
vt 0.7637 0.7354
vt 0.7354 0.7732
vt 0.7380 0.7606
vt 0.7402 0.7354
vt 0.7334 0.7354
vt -0.4546 0.0259
vt -0.4392 0.0259
vt -0.4392 0.0044
vt -0.4546 0.0044
vt -0.0019 0.6941
vt 0.1030 0.4124
vt 0.1106 0.4003
vt 0.1180 0.4215
vt 0.1237 0.4053
vt 0.0930 0.0068
vt 0.0860 0.0068
vt 0.8242 0.6941
vt 0.7827 0.6941
vt 0.8242 0.7444
vt 0.7827 0.7444
vt 0.7827 0.7947
vt 0.8242 0.7947
vt -0.0019 0.7444
vt -0.0019 0.7947
vt -0.0019 0.6941
vt -0.0019 0.6941
vt -0.1770 0.7444
vt -0.1976 0.6941
vt -0.2188 0.7444
vt -0.1975 0.7947
vt 0.1119 0.0044
vt 0.8242 0.7444
vt 0.8038 0.6941
vt 0.7827 0.7444
vt 0.7827 0.7947
vt 0.8242 0.7947
vt -0.0203 0.7947
vt -0.0019 0.7444
vt -0.0202 0.6941
vt -0.0019 0.6941
vt 0.0938 0.0200
vt 0.0949 0.0302
vt 0.0969 0.0200
vt 0.0479 0.0207
vt 0.0479 0.0190
vt 0.0666 0.1133
vt -0.0278 0.7444
vt -0.0457 0.7947
vt -0.0019 0.7947
vt -0.0457 0.6941
vt -0.0019 0.6941
vt 0.0666 0.0347
vt -0.0019 0.6941
vt -0.0019 0.7444
vt -0.0457 0.6941
vt -0.0457 0.7947
vt -0.0019 0.7947
vt -0.0676 0.7444
vt -0.1149 0.6941
vt -0.1332 0.7444
vt -0.1979 0.7444
vt -0.1976 0.6941
vt -0.1148 0.7947
vt -0.1975 0.7947
vt -0.2188 0.7947
vt -0.1979 0.7444
vt -0.1770 0.7947
vt -0.1770 0.6941
vt -0.2188 0.6941
vt 0.0058 0.0347
vt 0.0058 0.1133
vt 0.7827 0.7947
vt 0.8242 0.7444
vt 0.8242 0.7947
vt 0.7827 0.7444
vt 0.7827 0.6941
vt 0.8242 0.6941
vt -0.0019 0.7444
vt -0.0236 0.7947
vt -0.0676 0.7444
vt -0.0236 0.6941
vt -0.1151 0.6941
vt -0.1332 0.7444
vt -0.1979 0.7444
vt -0.1979 0.6941
vt -0.1150 0.7947
vt -0.1979 0.7947
vt -0.0288 0.9557
vt -0.0108 0.9151
vt -0.0169 0.8564
vt 0.2600 0.3896
vt 0.3284 0.3896
vt 0.2600 0.3745
vt 0.3284 0.3745
vt 0.2600 0.4150
vt 0.3284 0.4150
vt 0.3560 0.3896
vt 0.3560 0.3745
vt 0.2324 0.3745
vt 0.2324 0.3896
vt 0.2527 0.9935
vt 0.1852 0.9334
vt 0.1852 0.9935
vt -0.2188 0.7947
vt -0.1770 0.7444
vt -0.1770 0.7947
vt -0.2188 0.7444
vt -0.2188 0.6941
vt -0.1770 0.6941
vt 0.0858 0.0020
vt 0.0724 0.0063
vt 0.0724 0.0020
vt 0.8242 0.7444
vt 0.8038 0.7947
vt 0.7827 0.7444
vt 0.7827 0.6941
vt 0.8242 0.6941
vt 0.0858 0.0063
vt 0.2153 0.0571
vt 0.2145 0.0576
vt 0.2141 0.0586
vt 0.2137 0.0762
vt 0.2140 0.0776
vt 0.2228 0.0581
vt 0.2223 0.0571
vt 0.2214 0.0571
vt 0.2153 0.0547
vt 0.2145 0.0547
vt 0.2141 0.0537
vt 0.2137 0.0361
vt 0.2140 0.0347
vt 0.2228 0.0542
vt 0.2223 0.0547
vt 0.2214 0.0552
vt 0.0780 0.8087
vt 0.0780 0.7972
vt 0.0076 0.8087
vt 0.0012 0.7972
vt 0.7746 0.8342
vt 0.7783 0.8180
vt 0.7817 0.8289
vt 0.7819 0.8434
vt 0.2048 0.8984
vt 0.2048 0.9236
vt -0.8911 0.8109
vt -0.8989 0.7980
vt -0.3093 0.1045
vt -0.2693 0.1045
vt -0.3037 0.1006
vt -0.2722 0.1001
vt -0.6968 0.5601
vt -0.7002 0.5559
vt -0.7100 0.5601
vt -0.7119 0.5559
vt -0.6025 0.5701
vt -0.6025 0.6135
vt -0.7383 0.5437
vt -0.7383 0.5361
vt 0.0046 0.9935
vt 0.0046 0.9327
vt -0.6714 0.5376
vt -0.6714 0.5303
vt -0.4473 0.6123
vt -0.4473 0.5691
vt -0.5352 0.6123
vt -0.5352 0.5691
vt 0.1689 0.1294
vt 0.0141 0.1450
vt 0.0141 0.1294
vt 0.1689 0.1450
vt 0.0141 0.1294
vt 0.1689 0.1450
vt 0.0141 0.1450
vt 0.0793 0.0283
vt 0.0808 0.0088
vt 0.0808 0.0283
vt 0.0750 0.0166
vt 0.0651 0.0132
vt 0.0651 0.0088
vt 0.1689 0.1294
vt -0.9868 0.8109
vt -0.9868 0.7980
vt 0.7456 0.7026
vt 0.7473 0.7197
vt 0.7569 0.7294
vt 0.7675 0.7304
vt 0.7678 0.6976
vt 0.7601 0.6894
vt 0.7569 0.6982
vt 0.7473 0.7197
vt 0.7456 0.7026
vt 0.7569 0.7261
vt 0.7684 0.7290
vt 0.7601 0.6893
vt 0.7656 0.7014
vt 0.7684 0.6913
vt 0.7573 0.6993
vt 0.7569 0.7294
vt 0.7685 0.7294
vt 0.0528 0.0020
vt 0.0528 0.0063
vt 0.0363 0.0063
vt 0.0363 0.0020
vt 0.7686 0.6916
vt 0.7660 0.7012
vt 0.7605 0.6892
vt 0.7569 0.6982
vt 0.1643 0.1064
vt 0.1805 0.0825
vt 0.1720 0.0825
vt 0.1577 0.0991
vt 0.0869 0.1064
vt 0.0869 0.0991
vt 0.1543 0.0796
vt 0.0869 0.0796
vt 0.0869 0.0620
vt 0.7573 0.7305
vt 0.7684 0.7290
vt -0.9897 0.8884
vt -0.9800 0.8884
vt 0.7570 0.6957
vt 0.7658 0.6899
vt 0.7672 0.7008
vt 0.1240 0.2100
vt 0.1544 0.1914
vt 0.1544 0.1772
vt 0.1240 0.2100
vt 0.1544 0.1914
vt 0.1544 0.1772
vt 0.1240 0.2100
vt 0.1544 0.1914
vt 0.1544 0.1772
vt 0.1240 0.2100
vt 0.1544 0.1914
vt 0.1544 0.1772
vt 0.1240 0.2100
vt 0.1544 0.1914
vt 0.1544 0.1772
vt 0.1240 0.2100
vt 0.1240 0.1953
vt 0.1491 0.1855
vt 0.1237 0.1948
vt 0.1237 0.1729
vt -0.6748 0.8176
vt -0.9897 0.8176
vt -0.6748 0.8842
vt -0.9897 0.8842
vt -0.8691 0.6707
vt -0.8311 0.6707
vt -0.8691 0.6777
vt -0.8242 0.6777
vt 0.1240 0.2100
vt 0.1544 0.1914
vt 0.1544 0.1772
vt 0.1491 0.1855
vt 0.1237 0.1948
vt 0.1237 0.1729
vt -0.6802 0.8884
vt 0.1240 0.2100
vt 0.1544 0.1914
vt 0.1544 0.1772
vt 0.1491 0.1855
vt 0.1237 0.1948
vt 0.1237 0.1729
vt -0.6899 0.8884
vt 0.1240 0.2100
vt 0.1544 0.1914
vt 0.1544 0.1772
vt 0.1491 0.1855
vt 0.1237 0.1948
vt 0.1237 0.1729
vt -0.9785 0.8819
vt -0.6870 0.8819
vt -0.6870 0.8819
vt -0.9785 0.8819
vt 0.1240 0.2100
vt 0.1544 0.1914
vt 0.1544 0.1772
vt 0.1491 0.1855
vt 0.1237 0.1948
vt 0.1237 0.1729
vt 0.3741 0.6655
vt 0.3631 0.6681
vt 0.3732 0.6759
vt 0.3696 0.6577
vt 0.3696 0.6477
vt 0.3330 0.6516
vt 0.3044 0.6552
vt 0.3330 0.6599
vt 0.1240 0.2100
vt 0.1544 0.1914
vt 0.1544 0.1772
vt 0.1237 0.1729
vt 0.1491 0.1855
vt 0.1237 0.1948
vt 0.2856 0.6840
vt 0.1240 0.2100
vt 0.1240 0.1953
vt 0.1544 0.1914
vt 0.1544 0.1772
vt 0.2698 0.9251
vt 0.3025 0.9255
vt 0.3018 0.9229
vt 0.2710 0.9319
vt 0.3027 0.9297
vt 0.3030 0.9291
vn -0.9915 0.1091 0.0712
vn -0.9469 0.1478 0.2854
vn -0.9891 0.1124 0.0949
vn -0.7909 0.1775 0.5857
vn -0.9055 0.1478 0.3977
vn -0.7299 0.2081 0.6511
vn -0.6428 0.2227 0.7330
vn 0.2490 0.2555 0.9342
vn 0.0558 0.2569 0.9648
vn 0.4602 0.2493 0.8521
vn 0.1633 0.2525 0.9537
vn 0.1554 0.2505 0.9556
vn 0.1272 0.2516 0.9594
vn 0.7909 0.1775 0.5857
vn 0.6428 0.2227 0.7330
vn 0.7299 0.2081 0.6511
vn 0.9055 0.1478 0.3977
vn 0.9469 0.1478 0.2854
vn 0.9915 0.1091 0.0712
vn 0.9891 0.1124 0.0949
vn 0.9979 0.0587 0.0263
vn 0.9974 0.0610 0.0396
vn 0.9985 0.0556 0.0021
vn 0.9984 0.0564 0.0018
vn 0.9973 0.0610 0.0398
vn 0.9968 0.0646 0.0478
vn 0.9984 0.0565 0.0022
vn 0.9979 0.0588 0.0267
vn 0.9968 0.0645 0.0474
vn 0.9969 0.0698 0.0356
vn 0.9932 0.0861 0.0778
vn 0.9864 0.0851 0.1404
vn 0.9916 0.0872 0.0954
vn 0.9460 0.0779 0.3147
vn -0.0558 0.2569 0.9648
vn -0.2490 0.2555 0.9342
vn -0.4601 0.2493 0.8521
vn -0.1633 0.2525 0.9537
vn -0.1554 0.2505 0.9556
vn -0.1272 0.2516 0.9594
vn -0.9864 0.0851 0.1404
vn -0.9916 0.0872 0.0954
vn -0.9460 0.0779 0.3147
vn -0.9932 0.0861 0.0778
vn -0.9968 0.0645 0.0474
vn -0.9984 0.0564 0.0018
vn -0.9969 0.0698 0.0356
vn -0.9979 0.0587 0.0263
vn -0.9973 0.0610 0.0398
vn -0.9974 0.0610 0.0396
vn -0.9985 0.0556 0.0021
vn -0.0018 0.0701 -0.9975
vn 0.0267 0.0707 -0.9971
vn 0.0316 0.0748 -0.9967
vn 0.0090 0.0706 -0.9975
vn -0.0019 0.0701 -0.9975
vn 0.0059 0.0698 -0.9975
vn 0.0086 0.0699 -0.9975
vn -0.0000 0.0704 -0.9975
vn -0.0000 0.0713 -0.9975
vn -0.0040 0.0698 -0.9976
vn -0.0056 0.0691 -0.9976
vn -0.0225 0.0693 -0.9973
vn -0.0105 0.0701 -0.9975
vn -0.0584 0.0695 -0.9959
vn 0.0102 0.0744 -0.9972
vn 0.2297 0.5535 -0.8005
vn 0.9533 0.1543 -0.2597
vn 0.1860 0.2334 -0.9544
vn 0.7639 0.5107 -0.3945
vn 0.5045 0.0489 -0.8620
vn -0.0024 0.7425 -0.6699
vn 0.0503 0.0485 -0.9976
vn 0.3108 0.2190 -0.9249
vn -0.4763 -0.4142 -0.7757
vn 0.3829 0.7989 -0.4638
vn 0.1474 0.7114 -0.6871
vn 0.5267 0.8308 0.1800
vn -0.1999 -0.5916 -0.7810
vn -0.1323 -0.6655 -0.7346
vn 0.0082 0.2123 -0.9772
vn 0.5470 0.1851 -0.8164
vn 0.9996 0.0279 0.0049
vn 0.7847 0.0067 -0.6198
vn -0.6169 0.1657 -0.7694
vn -0.7585 -0.5154 -0.3987
vn -0.4800 0.0654 -0.8748
vn -0.2642 -0.5452 -0.7956
vn -0.0851 0.4033 -0.9111
vn -0.6666 -0.1863 -0.7218
vn -0.1713 -0.0637 0.9832
vn 0.3289 0.6235 0.7092
vn -0.2732 -0.1506 0.9501
vn -0.3442 -0.0996 0.9336
vn -0.2508 -0.2773 0.9275
vn -0.7628 -0.6310 -0.1411
vn -0.7023 -0.4260 0.5704
vn -0.7705 0.1769 0.6124
vn 0.2878 0.2694 0.9190
vn 0.3272 0.6842 -0.6518
vn 0.3931 0.7888 0.4725
vn 0.6846 0.6108 -0.3979
vn 0.4009 0.2296 0.8869
vn 0.6902 -0.1479 0.7083
vn 0.6762 0.7360 -0.0325
vn -0.6437 0.2237 0.7318
vn -0.5876 -0.1242 0.7995
vn -0.0959 0.0786 0.9923
vn 0.5507 0.8084 0.2079
vn 0.0391 0.9730 0.2275
vn 0.6978 0.5851 0.4133
vn -0.0688 0.9501 0.3044
vn 0.0083 0.8178 0.5754
vn 0.6358 0.6517 0.4135
vn 0.0688 0.9501 0.3044
vn -0.4702 0.7130 0.5202
vn 0.1289 0.7981 0.5886
vn -0.6854 0.2423 0.6866
vn -0.0326 0.6395 0.7681
vn -0.6023 0.5611 0.5677
vn 0.0706 0.6449 0.7610
vn -0.5786 0.3011 0.7580
vn 0.1406 0.3182 0.9376
vn 0.7880 0.1799 0.5888
vn 0.0957 0.0787 0.9923
vn 0.5924 -0.1256 0.7958
vn 0.7577 0.4650 0.4578
vn 0.0326 0.6395 0.7681
vn 0.6931 0.2360 0.6812
vn -0.1406 0.3182 0.9376
vn 0.5866 0.2945 0.7544
vn -0.0706 0.6449 0.7610
vn -0.5288 0.6796 0.5084
vn -0.0391 0.9730 0.2275
vn -0.5455 0.8117 0.2087
vn -0.2194 -0.4178 0.8816
vn -0.6595 -0.7433 -0.1119
vn -0.2276 -0.2712 0.9352
vn -0.6531 -0.7100 -0.2633
vn -0.3793 -0.5172 0.7672
vn -0.3224 -0.9414 -0.0995
vn -0.7109 -0.2504 -0.6572
vn -0.5050 -0.6945 -0.5125
vn -0.9069 -0.3199 0.2741
vn -0.6956 -0.2026 0.6893
vn -0.8345 0.4596 -0.3040
vn -0.8999 -0.1533 -0.4082
vn -0.7463 0.5294 0.4034
vn 0.1023 0.0263 0.9944
vn 0.0207 0.7327 0.6803
vn 0.6560 0.1309 0.7433
vn -0.1425 0.7334 0.6647
vn -0.1390 -0.0126 0.9902
vn -0.6908 -0.5910 -0.4165
vn -0.0402 -0.9731 -0.2269
vn -0.5469 -0.8113 -0.2068
vn 0.0688 -0.9501 -0.3044
vn -0.6273 -0.6570 -0.4182
vn 0.0472 -0.7772 -0.6275
vn -0.0688 -0.9501 -0.3044
vn -0.0472 -0.7772 -0.6275
vn 0.6358 -0.6517 -0.4135
vn 0.5519 -0.8080 -0.2063
vn 0.0400 -0.9731 -0.2271
vn 0.6987 -0.5842 -0.4130
vn -0.1406 -0.3178 -0.9377
vn 0.5868 -0.2970 -0.7533
vn -0.0715 -0.6447 -0.7611
vn 0.7571 -0.4669 -0.4569
vn 0.0318 -0.6404 -0.7674
vn 0.6933 -0.2388 -0.6799
vn 0.7876 -0.1826 -0.5885
vn 0.0956 -0.0807 -0.9921
vn 0.7366 0.1656 -0.6557
vn 0.4329 0.1526 -0.8884
vn -0.1360 0.0176 -0.9906
vn -0.0683 0.3858 -0.9201
vn 0.1359 0.0177 -0.9906
vn -0.4278 0.1551 -0.8904
vn 0.0681 0.3858 -0.9201
vn -0.0957 -0.0809 -0.9921
vn -0.7807 -0.1856 -0.5967
vn -0.7296 0.1629 -0.6641
vn -0.5788 -0.3039 -0.7567
vn 0.1406 -0.3177 -0.9377
vn 0.0716 -0.6446 -0.7611
vn -0.0317 -0.6406 -0.7672
vn -0.7498 -0.4741 -0.4616
vn -0.6857 -0.2455 -0.6852
vn 0.8061 0.1463 0.5734
vn 0.9513 -0.0196 0.3076
vn 0.9964 -0.0629 0.0570
vn 0.9189 0.1777 0.3521
vn 0.9346 -0.1048 0.3399
vn 0.9838 0.1561 0.0885
vn -0.7480 -0.3137 0.5849
vn -0.0295 -0.3726 0.9275
vn -0.5381 -0.1091 0.8358
vn 0.0436 -0.5392 0.8410
vn -0.6312 -0.4954 0.5968
vn 0.0380 -0.8161 0.5767
vn 0.5432 -0.1063 0.8329
vn 0.0296 -0.3725 0.9275
vn 0.6132 -0.4241 0.6664
vn -0.0528 -0.9982 -0.0276
vn 0.6419 -0.7114 0.2861
vn -0.0366 -0.9380 0.3447
vn 0.5547 -0.5483 0.6259
vn 0.2354 -0.7345 0.6365
vn 0.5534 -0.7191 0.4203
vn -0.0921 -0.8155 0.5713
vn 0.4680 -0.5722 0.6734
vn -0.0436 -0.5392 0.8410
vn 0.6887 -0.6755 0.2636
vn 0.2164 -0.9670 0.1345
vn 0.7048 -0.7093 -0.0059
vn -0.6803 -0.6832 0.2654
vn -0.6968 -0.7173 -0.0056
vn -0.0730 -0.9953 -0.0641
vn 0.0365 -0.9380 0.3447
vn -0.6335 -0.7183 0.2877
vn -0.0020 -0.9998 -0.0215
vn -0.7017 -0.6211 0.3490
vn -0.0616 -0.8571 0.5115
vn -0.7019 -0.4342 0.5646
vn 0.1425 0.7334 0.6647
vn -0.6560 0.1309 0.7433
vn 0.2787 -0.1775 0.9438
vn 0.0597 -0.1152 0.9915
vn 0.7463 0.5294 0.4034
vn -0.0207 0.7327 0.6803
vn 0.8345 0.4596 -0.3040
vn 0.7890 -0.3360 0.5144
vn 0.8999 -0.1533 -0.4082
vn 0.7109 -0.2504 -0.6572
vn 0.9069 -0.3199 0.2741
vn 0.5050 -0.6945 -0.5125
vn 0.3793 -0.5172 0.7672
vn 0.5939 -0.8007 -0.0788
vn 0.3224 -0.9414 -0.0994
vn 0.5856 -0.8068 0.0786
vn 0.2194 -0.4178 0.8816
vn 0.2276 -0.2712 0.9352
vn -0.3289 0.6235 0.7092
vn 0.1713 -0.0637 0.9832
vn 0.2732 -0.1506 0.9501
vn -0.3931 0.7888 0.4725
vn -0.3843 0.7763 -0.4997
vn -0.6846 0.6108 -0.3979
vn -0.4009 0.2296 0.8869
vn -0.7997 0.5993 0.0360
vn -0.6902 -0.1479 0.7083
vn 0.2508 -0.2773 0.9275
vn 0.3442 -0.0996 0.9336
vn 0.7035 -0.7093 0.0441
vn 0.5405 -0.4484 0.7119
vn -0.2878 0.2694 0.9190
vn 0.7705 0.1769 0.6124
vn -0.9631 0.2271 0.1442
vn -0.9652 -0.1221 0.2311
vn -0.9183 0.2283 0.3233
vn -0.9882 0.1003 -0.1161
vn -0.9910 -0.1320 -0.0230
vn -0.9808 -0.0490 0.1890
vn -0.9996 0.0279 0.0049
vn -0.5470 0.1851 -0.8164
vn -0.5082 -0.0027 -0.8613
vn 0.0851 0.4033 -0.9111
vn 0.3359 -0.6830 -0.6486
vn 0.6666 -0.1863 -0.7218
vn 0.7585 -0.5154 -0.3987
vn 0.6169 0.1657 -0.7694
vn 0.4800 0.0654 -0.8748
vn -0.3590 0.0535 -0.9318
vn -0.1142 0.1341 -0.9844
vn 0.4335 -0.5063 -0.7455
vn -0.2230 0.7528 -0.6194
vn -0.4671 0.6960 -0.5453
vn -0.5501 0.7585 0.3493
vn 0.3024 -0.4810 -0.8229
vn -0.0491 0.3088 -0.9499
vn 0.1323 -0.6655 -0.7346
vn -0.9533 0.1543 -0.2597
vn -0.2019 0.7489 -0.6312
vn -0.1798 0.2329 -0.9557
vn 0.0024 0.7425 -0.6699
vn -0.8303 0.1113 -0.5461
vn -0.6271 0.7176 -0.3030
vn 0.9961 0.0452 -0.0762
vn 0.9868 -0.0855 0.1378
vn 0.9830 -0.1817 0.0269
vn 0.0251 -0.0445 -0.9987
vn -0.0005 -0.0271 -0.9996
vn 0.1060 0.2845 -0.9528
vn 0.9183 0.2283 0.3233
vn 0.9652 -0.1221 0.2311
vn 0.9631 0.2271 0.1442
vn 0.9882 0.1003 -0.1161
vn 0.9808 -0.0490 0.1890
vn 0.9910 -0.1320 -0.0230
vn -0.9868 -0.0855 0.1378
vn -0.9961 0.0452 -0.0762
vn -0.9830 -0.1817 0.0269
vn -0.8061 0.1463 0.5734
vn -0.9964 -0.0629 0.0570
vn -0.9513 -0.0196 0.3076
vn -0.9838 0.1561 0.0885
vn -0.9346 -0.1048 0.3399
vn -0.9189 0.1777 0.3521
vn -0.0215 -0.4999 0.8658
vn 0.0028 -0.3320 0.9433
vn 0.0160 -0.2664 0.9637
vn 0.0301 -0.2664 0.9634
vn 0.0219 -0.4406 0.8974
vn 0.0233 0.0635 0.9977
vn 0.0271 -0.2473 0.9686
vn 0.0307 -0.2472 0.9685
vn -0.0744 0.2381 0.9684
vn -0.0753 0.2384 0.9682
vn -0.1311 -0.0642 0.9893
vn 0.0747 0.4555 0.8871
vn 0.0567 0.2837 0.9572
vn 0.0037 0.7632 0.6461
vn -0.0191 0.7599 0.6498
vn -0.0935 0.9519 0.2917
vn -0.0028 -0.3320 0.9433
vn 0.0215 -0.4999 0.8658
vn -0.0219 -0.4406 0.8974
vn -0.0301 -0.2664 0.9634
vn -0.0160 -0.2664 0.9637
vn -0.0271 -0.2473 0.9686
vn -0.0233 0.0635 0.9977
vn -0.0307 -0.2472 0.9685
vn 0.0744 0.2381 0.9684
vn 0.1311 -0.0642 0.9893
vn 0.0753 0.2384 0.9682
vn -0.0567 0.2837 0.9572
vn -0.0747 0.4555 0.8871
vn 0.0935 0.9519 0.2917
vn 0.0062 0.7148 0.6993
vn -0.0200 0.7187 0.6950
vn 0.0014 -1.0000 0.0007
vn 0.0363 -0.9993 0.0000
vn 0.0051 -1.0000 0.0024
vn 0.0421 -0.9991 -0.0002
vn -0.0000 -1.0000 0.0000
vn -0.0063 -1.0000 0.0035
vn 0.0361 -0.9993 -0.0000
vn 0.0319 -0.9995 0.0001
vn -0.0030 -1.0000 0.0016
vn 0.0344 -0.9994 0.0000
vn 0.0362 -0.9968 -0.0711
vn -0.0000 -0.9975 -0.0712
vn 0.3635 -0.9315 0.0140
vn 0.3596 -0.9240 0.1301
vn 0.8335 -0.4901 -0.2551
vn 0.8179 -0.5692 -0.0835
vn 0.6722 -0.6400 0.3723
vn 0.3324 -0.9136 -0.2341
vn 0.2778 -0.9544 -0.1091
vn 0.3276 -0.9182 -0.2229
vn 0.6611 -0.6454 0.3826
vn 0.8246 -0.5599 -0.0803
vn 0.6211 -0.6595 0.4234
vn 0.3778 -0.8934 -0.2432
vn 0.4161 -0.8716 -0.2593
vn 0.4047 -0.8798 -0.2494
vn 0.6330 -0.6512 0.4186
vn 0.2891 -0.9573 0.0000
vn 0.2822 -0.9569 0.0683
vn 0.8707 -0.4906 0.0350
vn 0.8114 -0.5845 -0.0023
vn 0.6576 -0.6485 0.3835
vn 0.3168 -0.9222 -0.2220
vn -0.0319 -0.9995 -0.0001
vn 0.0063 -1.0000 -0.0035
vn -0.0361 -0.9993 0.0000
vn -0.0344 -0.9994 -0.0000
vn 0.0030 -1.0000 -0.0016
vn -0.3894 -0.9064 -0.1636
vn -0.3290 -0.9398 -0.0926
vn -0.7353 -0.5445 0.4035
vn -0.9143 -0.4029 0.0416
vn -0.3946 -0.9083 -0.1390
vn -0.7448 -0.5346 0.3994
vn -0.2891 -0.9573 -0.0000
vn -0.2828 -0.9592 -0.0000
vn -0.8710 -0.4913 0.0000
vn -0.0362 -0.9968 0.0711
vn -0.0014 -1.0000 -0.0007
vn -0.0363 -0.9993 -0.0000
vn 0.0000 -0.9975 0.0712
vn -0.0051 -1.0000 -0.0024
vn 0.0002 -0.9972 0.0745
vn -0.0000 -0.9975 0.0711
vn 0.0362 -0.9968 0.0711
vn -0.2822 -0.9569 0.0683
vn -0.8707 -0.4906 0.0350
vn -0.8710 -0.4866 -0.0675
vn -1.0000 0.0000 0.0000
vn -0.8710 -0.4881 -0.0561
vn -0.8710 -0.4506 0.1957
vn -0.8707 -0.4906 -0.0348
vn -0.8710 -0.4803 0.1033
vn -0.8710 -0.4731 0.1325
vn -0.8710 -0.4862 -0.0707
vn -0.8710 -0.4913 0.0014
vn -0.8710 -0.4913 -0.0022
vn -0.8710 -0.4721 0.1359
vn -0.1060 0.2845 -0.9528
vn 0.0005 -0.0271 -0.9996
vn -0.0251 -0.0445 -0.9987
vn -0.4047 -0.8798 -0.2494
vn -0.4161 -0.8716 -0.2593
vn -0.6330 -0.6512 0.4186
vn -0.8246 -0.5599 -0.0803
vn -0.3778 -0.8934 -0.2432
vn -0.6211 -0.6595 0.4234
vn -0.3596 -0.9240 0.1301
vn -0.3635 -0.9315 0.0140
vn -0.8335 -0.4901 -0.2551
vn -0.3276 -0.9182 -0.2229
vn -0.2778 -0.9544 -0.1091
vn -0.6611 -0.6454 0.3826
vn -0.8112 -0.5835 -0.0374
vn -0.3168 -0.9222 -0.2220
vn -0.6576 -0.6485 0.3835
vn -0.8725 -0.4883 -0.0196
vn -0.2839 -0.9582 0.0354
vn -0.8708 -0.4909 0.0259
vn -0.2731 -0.9536 0.1264
vn -0.2011 -0.9793 0.0222
vn -0.7593 -0.5784 -0.2982
vn -0.0002 -0.9972 -0.0745
vn 0.0000 -0.9975 -0.0711
vn -0.0362 -0.9968 -0.0711
vn -0.0421 -0.9991 0.0002
vn 0.8710 -0.4866 -0.0675
vn 1.0000 0.0000 0.0000
vn 0.8710 -0.4506 0.1957
vn 0.8710 -0.4881 -0.0561
vn 0.8707 -0.4906 -0.0348
vn 0.8710 -0.4827 0.0912
vn 0.8707 -0.4906 0.0346
vn 0.8710 -0.4721 0.1359
vn 0.8710 -0.4880 -0.0563
vn -0.0000 0.0000 -1.0000
vn -0.0070 -0.9818 0.1896
vn 0.0000 -0.9950 0.0994
vn 0.0000 0.9963 0.0860
vn 0.0070 0.9843 0.1764
vn -0.0070 -0.9818 0.1897
vn 0.0000 -0.9951 0.0994
vn 0.0070 0.9843 0.1765
vn -0.0000 -0.0000 1.0000
vn 0.9166 0.3987 0.0284
vn 0.9182 0.3955 0.0210
vn 0.9309 -0.3652 0.0039
vn 0.9300 0.3666 -0.0263
vn 0.9170 -0.3974 -0.0356
vn 0.9167 -0.3986 -0.0290
vn -0.3987 0.9164 -0.0357
vn 0.3659 0.9302 -0.0270
vn -0.3987 0.9166 -0.0289
vn 0.3977 0.9171 0.0284
vn -0.3669 0.9302 0.0036
vn 0.3993 0.9166 0.0211
vn -0.3984 -0.9169 -0.0237
vn -0.3977 -0.9174 -0.0162
vn 0.3679 -0.9298 0.0021
vn 0.3997 -0.9160 0.0337
vn -0.3667 -0.9298 0.0329
vn 0.3999 -0.9157 0.0400
vn -0.9181 -0.3957 -0.0240
vn -0.9299 0.3679 0.0026
vn -0.9169 -0.3987 -0.0164
vn -0.9156 0.4001 0.0401
vn -0.9310 -0.3636 0.0327
vn -0.9165 0.3986 0.0333
vn -0.2828 -0.0024 0.9592
vn -0.2312 0.0009 0.9729
vn 0.2142 0.9763 -0.0319
vn -0.2006 0.9795 -0.0209
vn 0.2144 0.9762 -0.0328
vn -0.2195 0.9707 -0.0973
vn 0.1955 0.9764 -0.0914
vn -0.2208 0.9706 -0.0962
vn 0.9755 -0.2119 -0.0592
vn 0.9780 0.2017 -0.0539
vn 0.9760 -0.2096 -0.0598
vn 0.9724 0.2121 -0.0972
vn 0.9752 -0.2016 -0.0912
vn 0.9720 0.2144 -0.0963
vn -0.1610 0.0361 0.9863
vn -0.1260 0.0003 0.9920
vn -0.0611 -0.0253 0.9978
vn -0.0180 -0.0004 0.9998
vn 0.0610 0.1400 0.9883
vn -0.0579 0.0914 0.9941
vn 0.1531 0.0591 0.9864
vn 0.0200 -0.0288 0.9994
vn 0.1112 -0.0611 0.9919
vn -0.9752 -0.2016 -0.0912
vn -0.9724 0.2121 -0.0972
vn -0.9720 0.2144 -0.0963
vn -0.9780 0.2017 -0.0539
vn -0.9755 -0.2119 -0.0592
vn -0.9760 -0.2096 -0.0598
vn 0.0732 -0.0485 0.9961
vn 0.0042 -0.0632 0.9980
vn -0.0635 -0.0495 0.9968
vn 0.2058 -0.9771 -0.0541
vn -0.2105 -0.9758 -0.0599
vn -0.2103 -0.9759 -0.0587
vn 0.2078 -0.9756 -0.0715
vn -0.2081 -0.9763 -0.0586
vn 0.2083 -0.9756 -0.0699
vn 0.3669 0.9302 0.0036
vn -0.3977 0.9171 0.0284
vn -0.3993 0.9166 0.0211
vn -0.3659 0.9302 -0.0270
vn 0.3987 0.9164 -0.0357
vn 0.3987 0.9166 -0.0289
vn 0.9310 -0.3636 0.0327
vn 0.9156 0.4001 0.0401
vn 0.9165 0.3986 0.0333
vn 0.9299 0.3679 0.0026
vn 0.9181 -0.3957 -0.0240
vn 0.9169 -0.3987 -0.0164
vn 0.1733 0.2566 0.9509
vn 0.6737 0.2380 0.6997
vn 0.1829 0.5270 0.8299
vn 0.8624 -0.0114 0.5061
vn 0.8591 0.0811 0.5054
vn 0.3895 -0.0014 0.9210
vn 0.3816 0.0783 0.9210
vn 0.3504 0.0235 0.9363
vn 0.8582 -0.0170 0.5130
vn 0.8239 0.0714 0.5622
vn 0.9642 -0.0122 0.2650
vn 0.9606 0.0009 0.2778
vn 0.0180 0.9975 -0.0688
vn 0.0180 0.9964 -0.0833
vn 0.0045 0.9972 -0.0742
vn -0.0381 0.9951 -0.0914
vn -0.0381 0.9963 -0.0768
vn -0.0375 0.9963 -0.0768
vn -0.1644 0.9849 -0.0541
vn -0.1645 0.9840 -0.0687
vn 0.0045 0.2503 0.9682
vn -0.0004 0.1823 0.9832
vn -0.0180 0.9975 -0.0688
vn -0.0045 0.9972 -0.0742
vn -0.0180 0.9964 -0.0833
vn 0.0000 0.0074 1.0000
vn 0.0000 -0.9989 0.0474
vn 0.0000 -0.5748 -0.8183
vn 0.0000 -0.5748 0.8183
vn 0.0000 0.8856 0.4644
vn 0.0000 1.0000 0.0000
vn -0.2465 0.0969 -0.9643
vn -0.2487 -0.0772 -0.9655
vn -0.2395 0.0966 -0.9661
vn -0.6193 -0.7726 0.1397
vn -0.2832 0.8465 0.4508
vn 0.2818 0.9551 -0.0914
vn 0.3492 -0.5755 -0.7395
vn 0.9195 -0.3811 0.0968
vn 0.4643 -0.2887 -0.8373
vn 0.1500 -0.2225 -0.9633
vn 0.2109 0.0161 -0.9774
vn -0.3497 0.1965 -0.9160
vn -0.2862 0.1888 -0.9394
vn 0.3436 -0.1680 -0.9240
vn -0.2441 -0.2014 -0.9486
vn 0.9633 0.2307 0.1372
vn 0.7255 -0.1808 0.6640
vn 0.9756 -0.1849 0.1188
vn 0.7079 0.1015 0.6990
vn 0.9753 -0.0890 0.2020
vn 0.9194 -0.2843 0.2719
vn 0.8278 0.5525 0.0971
vn 0.3204 0.5874 -0.7432
vn 0.3937 0.4463 -0.8036
vn 0.6315 -0.1679 0.7570
vn 0.9588 0.1798 0.2198
vn 0.6515 0.1776 0.7375
vn 0.9110 0.2685 0.3129
vn 0.6427 -0.0612 0.7637
vn 0.8810 0.3225 0.3462
vn -0.0937 0.2439 -0.9653
vn 0.4257 0.5006 -0.7538
vn 0.4132 0.5725 -0.7082
vn 0.4525 0.1718 -0.8751
vn 0.4237 -0.2390 -0.8737
vn -0.1252 0.2021 -0.9713
vn -0.9195 -0.3811 0.0968
vn -0.3491 -0.5755 -0.7395
vn -0.4643 -0.2887 -0.8373
vn -0.2109 0.0161 -0.9774
vn -0.1500 -0.2225 -0.9633
vn 0.3497 0.1965 -0.9160
vn -0.3436 -0.1680 -0.9240
vn 0.2862 0.1888 -0.9394
vn 0.2441 -0.2014 -0.9486
vn -0.9633 0.2307 0.1372
vn -0.9756 -0.1849 0.1188
vn -0.7255 -0.1808 0.6640
vn -0.9753 -0.0890 0.2020
vn -0.7079 0.1015 0.6990
vn -0.9194 -0.2843 0.2719
vn 0.1998 -0.5999 -0.7747
vn -0.0000 -0.5210 -0.8536
vn 0.4954 -0.2611 -0.8285
vn 0.9315 -0.2735 -0.2397
vn 0.9998 -0.0077 -0.0163
vn 0.6953 -0.0316 -0.7180
vn -0.6255 -0.3531 -0.6957
vn -0.7071 -0.0311 -0.7064
vn -0.8847 -0.4658 0.0203
vn -0.3159 -0.9488 -0.0000
vn -0.6255 -0.3297 -0.7071
vn -0.8847 -0.4662 0.0000
vn -0.2234 -0.6709 -0.7071
vn -0.0000 -0.5210 -0.8535
vn 0.0001 -0.5210 -0.8535
vn -0.0001 -0.5210 -0.8535
vn 0.3159 -0.9488 0.0000
vn 0.8847 -0.4662 0.0000
vn 0.8847 -0.4658 0.0203
vn 0.7071 -0.0311 -0.7064
vn 0.4954 -0.2876 -0.8197
vn -0.9405 -0.3346 -0.0593
vn -0.6953 -0.0316 -0.7180
vn -0.9998 -0.0079 -0.0162
vn 0.1960 -0.0009 0.9806
vn 0.2561 0.0030 0.9666
vn -0.0015 -0.2336 0.9723
vn -0.0022 -0.2225 0.9749
vn 0.9315 -0.2735 -0.2398
vn -0.9998 -0.0079 -0.0163
vn 0.2105 -0.9758 -0.0599
vn -0.2058 -0.9771 -0.0541
vn 0.2103 -0.9759 -0.0587
vn -0.2083 -0.9756 -0.0699
vn 0.2081 -0.9763 -0.0586
vn -0.2078 -0.9756 -0.0715
vn -0.9746 -0.2124 -0.0714
vn -0.9777 0.2017 -0.0591
vn -0.9742 -0.2144 -0.0702
vn -0.9767 0.2121 -0.0318
vn -0.9792 -0.2019 -0.0206
vn -0.9769 0.2112 -0.0325
vn 0.0019 1.0000 -0.0016
vn -0.0226 0.9997 -0.0009
vn 0.3230 0.8507 -0.4147
vn 0.0771 0.0221 -0.9968
vn 0.5178 0.1351 -0.8448
vn 0.3773 0.0000 -0.9261
vn 0.4835 0.7581 -0.4377
vn 0.4835 -0.0000 -0.8753
vn 0.3773 0.8020 -0.4630
vn -0.3218 0.8200 -0.4734
vn 0.3773 0.8021 -0.4630
vn -0.3218 0.0000 -0.9468
vn -0.6630 0.6484 -0.3743
vn -0.6630 -0.0000 -0.7487
vn -0.3218 0.0000 0.9468
vn -0.6630 -0.6484 0.3743
vn -0.3218 -0.8200 0.4734
vn 0.3773 -0.0000 0.9261
vn 0.3773 -0.8020 0.4630
vn 0.4835 -0.7581 0.4377
vn 0.3773 -0.8021 0.4630
vn 0.3773 -0.8020 -0.4630
vn -0.3218 -0.8200 -0.4734
vn 0.4835 0.0000 0.8753
vn -0.6630 0.0000 0.7487
vn 0.6015 -0.6886 0.4050
vn 0.0277 -0.0054 0.9996
vn 0.5068 0.0759 0.8587
vn 0.1378 -0.1263 0.9824
vn 0.5277 -0.8227 0.2116
vn 0.0888 -0.9190 0.3842
vn 0.0771 -0.8742 0.4793
vn 0.5177 -0.7991 0.3055
vn 0.3230 -0.7845 -0.5294
vn 0.4835 -0.7581 -0.4377
vn -0.6630 -0.6484 -0.3743
vn -0.3217 -0.8200 -0.4734
vn -0.3218 -0.8199 -0.4734
vn 0.6016 -0.0065 -0.7988
vn 0.0277 -0.8630 -0.5045
vn 0.5067 -0.7817 -0.3636
vn 0.5277 0.2281 -0.8182
vn 0.0888 0.1267 -0.9880
vn 0.1378 -0.7876 -0.6006
vn 0.1301 0.0000 -0.9915
vn 0.2538 -0.0272 -0.9669
vn 0.1301 0.0000 0.9915
vn 0.2538 0.0272 0.9669
vn -0.2538 0.0272 -0.9669
vn -0.1301 0.0000 -0.9915
vn -0.2538 -0.0272 0.9669
vn -0.1301 0.0000 0.9915
vn -0.0000 1.0000 0.0006
vn -0.1683 0.7115 0.6823
vn -0.2546 0.9654 -0.0560
vn -0.6862 0.7096 -0.1600
vn -0.3160 0.9428 -0.1062
vn -0.2252 0.7074 0.6699
vn -0.2429 0.9505 -0.1937
vn -0.6294 0.7403 -0.2361
vn -0.6689 0.6859 -0.2864
vn -0.6416 0.7612 -0.0941
vn -0.9524 0.2922 -0.0875
vn -0.6966 0.7171 -0.0225
vn -0.8840 0.2970 -0.3609
vn -0.8920 -0.2643 -0.3668
vn -0.8854 0.2905 -0.3630
vn -0.7523 -0.2920 -0.5905
vn -0.7546 0.2692 -0.5984
vn -0.7491 -0.2919 -0.5947
vn 0.0000 -0.6662 -0.7458
vn -0.1076 -0.6760 -0.7290
vn -0.1065 -0.6787 -0.7267
vn -0.0000 -0.6627 -0.7489
vn 0.5662 -0.0713 -0.8212
vn 0.2548 0.0242 -0.9667
vn 0.3083 0.0470 -0.9501
vn 0.0038 0.2515 -0.9678
vn -0.0175 0.1579 -0.9873
vn 0.2096 -0.0221 -0.9775
vn -0.0158 0.1565 -0.9876
vn 0.0056 0.2300 -0.9732
vn 0.0059 0.2413 -0.9704
vn 0.0114 0.5716 -0.8205
vn -0.0359 0.6389 -0.7685
vn -0.0033 0.6674 -0.7447
vn -0.0404 0.5091 -0.8597
vn -0.0359 0.6388 -0.7685
vn -0.0611 0.2223 -0.9731
vn -0.0000 0.2899 -0.9571
vn -0.0825 0.0244 -0.9963
vn -0.0000 0.1310 -0.9914
vn -0.0732 -0.0485 0.9961
vn 0.0635 -0.0495 0.9968
vn -0.0042 -0.0632 0.9980
vn 0.2877 0.9227 0.2565
vn 0.0000 0.9537 0.3008
vn -0.0000 0.9499 0.3125
vn 0.0104 0.9687 0.2480
vn 0.2925 0.9274 0.2331
vn 0.2625 0.9429 0.2049
vn 0.8124 0.4938 -0.3100
vn 0.5816 0.8044 0.1210
vn 0.2877 0.9148 0.2836
vn 0.8087 0.4834 -0.3352
vn 0.6600 -0.0000 -0.7512
vn 0.5925 0.8002 0.0931
vn -0.0093 -0.5968 0.8024
vn -0.0012 -0.6745 0.7382
vn -0.0027 -0.6765 0.7364
vn -0.1225 -0.0743 0.9897
vn 0.0003 -0.6603 0.7510
vn -0.0084 -0.5819 0.8132
vn -0.1073 -0.0251 0.9939
vn -0.1112 -0.1570 0.9813
vn -0.1179 -0.1037 0.9876
vn -0.1007 -0.1615 0.9817
vn -0.0999 -0.0308 0.9945
vn -0.1134 -0.1033 0.9882
vn -0.2064 0.6957 0.6880
vn -0.0902 -0.0434 0.9950
vn -0.0709 0.0247 0.9972
vn -0.0855 -0.0328 0.9958
vn -0.1663 0.7117 0.6825
vn -0.0446 0.2313 0.9719
vn -0.0001 0.4131 0.9107
vn -0.0426 0.2324 0.9717
vn -0.1669 0.7122 0.6818
vn -0.0000 0.4126 0.9109
vn -0.0295 0.5389 0.8419
vn -0.0426 0.2319 0.9718
vn 0.0040 0.4126 0.9109
vn -0.0000 0.7611 0.6487
vn 0.7213 -0.2691 -0.6382
vn 0.7096 0.2920 -0.6412
vn 0.7240 -0.2691 -0.6351
vn 0.7928 0.3084 -0.5257
vn 0.7946 0.3020 -0.5267
vn 0.8084 -0.2527 -0.5316
vn 0.9552 0.2928 -0.0436
vn 0.6481 0.7595 0.0563
vn 0.6985 0.7148 0.0347
vn 0.6422 0.7644 0.0567
vn 0.2541 0.9558 0.1481
vn 0.6919 0.7213 0.0311
vn -0.0571 0.9321 0.3577
vn -0.0010 0.9169 -0.3992
vn 0.2559 0.8674 -0.4267
vn 0.0189 0.9802 -0.1970
vn 0.1808 0.8291 0.5290
vn 0.3486 0.8091 0.4732
vn 0.6835 -0.7296 0.0247
vn 0.8177 -0.4438 -0.3665
vn 0.9459 -0.2940 -0.1372
vn 0.5695 -0.8167 0.0929
vn 0.6558 -0.7508 0.0785
vn 0.2023 -0.9562 0.2118
vn 0.2215 -0.9487 -0.2258
vn -0.0001 -0.9812 -0.1930
vn 0.1639 -0.9634 -0.2122
vn 0.1076 -0.6760 -0.7290
vn 0.1065 -0.6787 -0.7267
vn 0.0825 0.0244 -0.9963
vn 0.0611 0.2223 -0.9731
vn 0.0410 0.4898 -0.8709
vn 0.0382 0.5827 -0.8118
vn 0.0241 0.6672 -0.7444
vn 0.0611 -0.0253 0.9978
vn 0.1260 0.0003 0.9920
vn 0.1610 0.0361 0.9863
vn 0.0295 0.5389 0.8419
vn 0.0426 0.2319 0.9718
vn -0.0157 0.4121 0.9110
vn 0.1274 0.7196 0.6826
vn 0.0291 0.2331 0.9720
vn 0.0935 -0.0325 0.9951
vn 0.0515 0.2312 0.9715
vn 0.1147 0.7189 0.6856
vn 0.0945 -0.0299 0.9951
vn 0.0947 -0.1607 0.9824
vn 0.1066 -0.1024 0.9890
vn 0.1105 -0.1520 0.9822
vn 0.1069 -0.0202 0.9941
vn 0.1184 -0.0990 0.9880
vn -0.0002 -0.6863 0.7273
vn 0.1209 -0.1088 0.9867
vn 0.0084 -0.6102 0.7922
vn -0.0610 0.1400 0.9883
vn 0.0180 -0.0004 0.9998
vn 0.0579 0.0914 0.9941
vn 0.2538 0.0272 -0.9669
vn -0.2538 -0.0272 -0.9669
vn -0.0466 -0.9989 -0.0078
vn 0.0466 0.9989 -0.0078
vn -0.1329 0.5331 -0.8355
vn -0.4346 0.8177 0.3774
vn 0.3241 0.8683 0.3756
vn -0.0850 -0.9081 0.4100
vn 0.3947 0.3424 0.8526
vn -0.3532 -0.8096 0.4689
vn 0.1097 0.9796 -0.1684
vn -0.5594 0.8079 -0.1851
vn 0.0651 0.2676 0.9613
vn 0.2433 -0.1068 -0.9641
vn 0.3923 -0.0620 -0.9177
vn -0.0164 0.9997 -0.0197
vn -0.5814 -0.6637 0.4706
vn -0.4556 -0.1265 0.8811
vn -0.8985 0.3015 -0.3192
vn -0.7314 0.4116 0.5437
vn -0.1127 0.7965 -0.5940
vn -0.3222 0.5908 -0.7397
vn 0.4121 0.4455 -0.7948
vn 0.6190 0.5978 -0.5094
vn 0.4488 -0.8535 -0.2649
vn 0.8758 -0.1434 -0.4609
vn 0.9333 -0.0558 -0.3547
vn -0.1198 0.9370 -0.3282
vn 0.8509 0.4849 -0.2022
vn 0.3580 -0.2161 0.9084
vn 0.8909 0.2249 -0.3946
vn 0.2881 0.7446 -0.6021
vn -0.8272 -0.0097 -0.5618
vn 0.1665 0.9075 -0.3856
vn 0.5036 -0.6520 0.5668
vn -0.8426 -0.5027 0.1931
vn 0.5044 -0.6403 0.5793
vn -0.0112 -0.7860 0.6181
vn -0.3352 0.5769 0.7449
vn -0.2908 -0.8247 0.4851
vn -0.4361 -0.7052 0.5590
vn -0.9028 -0.0360 -0.4285
vn -0.0685 -0.9976 0.0052
vn -0.8492 0.0565 -0.5250
vn -0.5313 -0.2424 -0.8117
vn -0.3650 -0.8064 0.4652
vn 0.4256 -0.4216 0.8007
vn 0.4407 -0.4421 0.7812
vn -0.8579 -0.4537 0.2411
vn 0.6457 0.6487 0.4027
vn 0.0559 0.3801 -0.9233
vn 0.7522 0.5686 0.3330
vn -0.4107 0.2691 -0.8711
vn 0.4667 0.8775 0.1107
vn -0.3146 0.1860 -0.9308
vn -0.0203 0.9869 0.1599
vn -0.1757 0.0769 -0.9814
vn 0.3374 0.9350 0.1097
vn -0.1095 0.7411 -0.6624
vn -0.0512 0.5986 0.7994
vn -0.0024 0.7376 -0.6752
vn -0.1154 0.5607 -0.8200
vn 0.1880 0.4874 -0.8527
vn -0.2433 -0.7704 -0.5893
vn 0.0027 -0.8513 0.5246
vn -0.1140 -0.8267 0.5510
vn -0.4177 -0.4636 -0.7815
vn -0.0200 -0.0288 0.9994
vn -0.1531 0.0591 0.9864
vn -0.1112 -0.0611 0.9919
vn 0.6845 -0.0088 0.7290
vn 0.4722 0.8356 -0.2805
vn -0.1032 0.9877 0.1173
vn 0.5198 -0.2182 0.8260
vn 0.6531 0.7572 0.0111
vn -0.0638 0.1599 0.9851
vn -0.1977 0.5814 -0.7893
vn 0.5955 0.7528 0.2804
vn 0.0213 0.4134 -0.9103
vn 0.5577 -0.6604 0.5028
vn 0.9124 0.2508 -0.3234
vn 0.4389 -0.0594 0.8966
vn 0.8272 -0.0097 -0.5618
vn -0.2881 0.7446 -0.6021
vn -0.1665 0.9075 -0.3856
vn -0.7042 -0.0832 0.7051
vn -0.5099 0.7161 -0.4767
vn -0.5628 0.5255 -0.6380
vn -0.3052 0.7674 -0.5638
vn -0.8611 -0.0699 0.5035
vn -0.9187 -0.3187 0.2331
vn -0.6358 -0.7490 -0.1865
vn -0.2072 0.4854 -0.8494
vn -0.8486 -0.5286 0.0187
vn 0.0257 0.6879 -0.7254
vn -0.7399 -0.5319 -0.4119
vn -0.0147 0.7317 -0.6815
vn -0.3634 -0.7336 -0.5742
vn -0.1134 0.7069 -0.6981
vn 0.0023 0.6946 -0.7194
vn -0.1025 0.3955 -0.9127
vn -0.1796 0.9329 0.3122
vn 0.1827 0.4066 -0.8952
vn 0.8682 0.0327 -0.4951
vn 0.5246 -0.6764 0.5169
vn 0.1513 -0.9883 0.0202
vn 0.3320 -0.6487 -0.6848
vn 0.0670 0.6697 -0.7396
vn 0.3424 0.7128 -0.6122
vn 0.0148 -0.9958 0.0904
vn -0.1044 -0.2832 -0.9534
vn 0.6135 -0.7846 0.0895
vn 0.0348 0.7450 -0.6662
vn -0.0248 0.7175 -0.6962
vn -0.4286 0.5469 0.7192
vn -0.4369 0.6244 0.6475
vn -0.6360 0.5296 0.5614
vn -0.0420 0.6179 -0.7851
vn 0.5973 0.1046 0.7952
vn -0.3468 -0.8560 0.3835
vn -0.1488 -0.9650 0.2158
vn 0.2283 -0.8499 0.4749
vn 0.9924 0.0842 -0.0893
vn 0.7285 0.4603 0.5073
vn -0.5772 -0.4737 0.6652
vn 0.6786 -0.7289 0.0912
vn -0.4789 -0.3170 0.8187
vn -0.4309 -0.4403 0.7877
vn 0.8287 -0.2943 0.4760
vn -0.5209 -0.6086 0.5986
vn -0.2857 0.0810 0.9549
vn -0.0791 -0.9947 0.0651
vn -0.4332 0.0418 0.9003
vn -0.6686 0.2752 0.6908
vn 0.0516 -0.8472 0.5288
vn 0.3121 -0.7387 0.5974
vn -0.0891 -0.9941 0.0625
vn -0.2567 -0.9638 0.0719
vn 0.1545 -0.1048 -0.9824
vn -0.0217 -0.6788 0.7340
vn -0.0948 -0.7281 -0.6789
vn -0.4248 -0.6536 -0.6263
vn -0.7060 -0.4008 -0.5839
vn -0.0547 -0.8045 0.5915
vn -0.1301 -0.7264 0.6749
vn -0.3786 -0.6734 0.6350
vn 0.9090 -0.4046 0.0995
vn -0.3786 -0.6738 0.6346
vn 0.4080 -0.7819 -0.4713
vn -0.2871 -0.6525 0.7013
vn 0.7819 -0.5760 -0.2383
vn 0.0306 -0.8150 0.5787
vn 0.5682 -0.4462 -0.6914
vn -0.0590 -0.8544 0.5163
vn 0.3475 0.1523 0.9252
vn -0.3464 -0.9015 0.2593
vn 0.1667 0.2012 0.9653
vn 0.1069 -0.6747 0.7303
vn 0.4914 0.6738 0.5518
vn 0.0600 -0.6650 0.7444
vn 0.0389 -0.6384 0.7687
vn 0.0649 -0.6706 0.7390
vn 0.7638 0.5160 0.3877
vn -0.9938 -0.0464 -0.1014
vn -0.9902 -0.0118 -0.1390
vn -0.9939 -0.0482 -0.0995
vn -0.3348 -0.6592 0.6733
vn -0.2858 -0.6690 0.6861
vn -0.3368 -0.6577 0.6738
vn 0.0645 -0.6613 0.7473
vn -0.1752 -0.8593 0.4806
vn -0.0646 -0.6610 0.7476
vn 0.2314 -0.7156 0.6590
vn 0.1748 -0.8593 0.4806
vn 0.1789 0.5204 -0.8350
vn -0.0672 0.7825 -0.6191
vn 0.2350 0.6607 -0.7129
vn 0.0000 0.7237 -0.6902
vn 0.0007 0.8120 -0.5836
vn 0.0671 0.7824 -0.6192
vn -0.1790 0.5204 -0.8350
vn 0.4853 -0.3876 -0.7838
vn -0.7071 0.7071 0.0000
vn -0.7071 0.7071 -0.0001
vn -0.7071 -0.7071 -0.0000
vn 0.7071 -0.7071 -0.0000
vn 0.7071 0.7071 -0.0001
vn 0.7071 0.7071 -0.0000
vn 0.7071 0.7071 0.0001
vn 0.1657 -0.9813 0.0979
vn -0.5958 -0.8020 0.0429
vn -0.5760 -0.7904 0.2086
vn -0.6708 -0.7403 0.0446
vn 0.0658 -0.9905 0.1210
vn 0.0695 -0.9975 -0.0148
vn -0.0705 -0.9597 0.2720
vn -0.7127 -0.6746 0.1920
vn -0.6911 -0.6496 0.3168
vn -0.5353 -0.8146 0.2233
vn 0.1575 -0.9600 0.2315
vn 0.2029 -0.9768 0.0686
vn 0.9781 -0.0336 -0.2055
vn 0.7241 -0.6880 -0.0485
vn 0.7281 -0.6853 0.0139
vn 0.7411 -0.6628 -0.1074
vn 0.9765 0.0031 -0.2157
vn 0.9856 0.0958 -0.1393
vn 0.9805 0.1281 -0.1490
vn 0.6328 0.7733 -0.0398
vn 0.9921 0.0968 -0.0802
vn 0.9949 0.0501 -0.0870
vn 0.7390 -0.6708 -0.0631
vn 0.9900 0.0850 -0.1127
vn 0.6034 -0.7973 -0.0150
vn 0.9864 -0.1398 -0.0862
vn 0.6019 -0.7963 -0.0605
vn 0.2828 -0.0024 0.9592
vn 0.2312 0.0009 0.9729
vn 0.0000 0.8856 -0.4644
vn 0.9992 -0.0169 0.0359
vn 0.9992 -0.0238 0.0312
vn 0.9992 -0.0115 0.0395
vn 0.9980 -0.0632 0.0049
vn 0.9984 -0.0563 0.0096
vn 0.9975 -0.0706 -0.0000
vn 0.0000 -0.8660 0.5000
vn -0.4606 -0.7687 -0.4438
vn -0.4606 0.0000 -0.8876
vn -0.3438 0.8104 -0.4744
vn -0.0518 -0.0620 -0.9967
vn -0.5102 -0.0148 -0.8599
vn 0.3304 0.8430 0.4245
vn 0.4445 0.7579 -0.4776
vn -0.0614 0.8277 -0.5578
vn 0.3880 0.8099 -0.4399
vn -0.0136 0.0172 -0.9998
vn -0.1190 0.8674 -0.4831
vn 0.4606 0.7687 -0.4438
vn 0.4606 -0.0000 -0.8876
vn 0.3552 -0.8053 -0.4746
vn 0.0466 0.0613 -0.9970
vn 0.5066 0.0182 -0.8620
vn -0.3703 -0.8194 -0.4376
vn 0.0178 -0.0213 -0.9996
vn 0.1425 -0.8651 -0.4810
vn -0.0932 -0.8714 0.4816
vn -0.3328 -0.7819 -0.5271
vn 0.1823 -0.8462 -0.5008
vn 0.0932 -0.8714 -0.4816
vn 0.3328 -0.7819 0.5271
vn -0.1823 -0.8462 0.5008
vn 0.4673 -0.7857 0.4054
vn 0.3466 -0.8100 -0.4730
vn 0.6198 -0.6634 -0.4192
vn 0.4673 -0.0418 -0.8831
vn 0.6198 -0.6948 -0.3649
vn 0.3466 -0.8146 -0.4650
vn 0.6845 -0.6314 -0.3645
vn 0.6845 0.0000 -0.7290
vn 0.6845 0.6314 -0.3645
vn 0.6845 0.6314 0.3645
vn 0.6845 -0.6314 0.3645
vn 0.4606 -0.7687 0.4438
vn -0.6845 -0.6314 -0.3645
vn -0.6845 -0.6314 0.3645
vn -0.6198 -0.6634 0.4192
vn -0.4673 -0.7857 -0.4054
vn -0.3466 -0.8100 0.4730
vn 0.4606 0.0000 0.8876
vn 0.6845 -0.0000 0.7290
vn 0.4717 0.7832 -0.4051
vn 0.3382 0.8151 0.4703
vn 0.6157 0.6658 0.4215
vn 0.4659 0.0486 0.8835
vn 0.6142 0.7004 0.3636
vn 0.3367 0.8197 0.4633
vn 0.3439 0.8104 0.4744
vn 0.0518 -0.0620 0.9967
vn 0.5102 -0.0148 0.8599
vn 0.0136 0.0172 0.9998
vn 0.1190 0.8674 0.4831
vn -0.3880 0.8099 0.4399
vn -0.3304 0.8430 -0.4245
vn -0.4445 0.7579 0.4776
vn 0.0614 0.8277 0.5578
vn -0.6157 0.6658 -0.4215
vn -0.4717 0.7832 0.4051
vn -0.3382 0.8151 -0.4703
vn -0.4659 0.0486 -0.8835
vn -0.6142 0.7004 -0.3636
vn -0.3367 0.8197 -0.4633
vn -0.6845 0.6314 -0.3645
vn -0.6845 -0.0000 -0.7290
vn -0.4606 0.7687 0.4438
vn -0.6845 0.6314 0.3645
vn -0.4606 -0.0000 0.8876
vn -0.6845 -0.0000 0.7290
vn 0.0004 0.1823 0.9832
vn -0.0045 0.2503 0.9682
vn -0.4835 0.7581 -0.4377
vn -0.0000 0.8660 -0.5000
vn -0.4835 0.7581 0.4377
vn -0.3773 0.8020 0.4630
vn -0.3773 0.8021 -0.4630
vn -0.3774 0.8020 -0.4630
vn 0.3838 0.7997 0.4617
vn 0.3838 0.7997 -0.4617
vn -0.3773 0.8020 -0.4630
vn 0.7755 0.5467 0.3157
vn 0.7755 0.5467 -0.3157
vn 0.7755 0.0000 0.6313
vn 0.3838 -0.0000 0.9234
vn -0.3773 -0.0000 0.9261
vn -0.4835 -0.0000 0.8753
vn -0.5177 0.6641 0.5393
vn -0.0771 0.8522 0.5175
vn -0.3231 -0.0661 0.9440
vn -0.0389 0.6751 0.7367
vn -0.4744 0.4959 0.7273
vn -0.1333 0.9683 -0.2112
vn 0.0022 -0.2225 0.9749
vn 0.0015 -0.2336 0.9723
vn -0.2561 0.0030 0.9666
vn -0.1960 -0.0009 0.9806
vn 0.3838 -0.0000 -0.9234
vn 0.7755 -0.0000 -0.6313
vn -0.3773 0.0000 -0.9261
vn -0.4835 -0.0000 -0.8753
vn -0.1133 0.7015 -0.7036
vn -0.4876 -0.3229 -0.8112
vn -0.0401 -0.2587 -0.9651
vn 0.3838 -0.7997 0.4617
vn 0.7755 -0.5467 0.3157
vn -0.3773 -0.8020 0.4630
vn -0.4835 -0.7581 0.4377
vn -0.3773 -0.8020 -0.4630
vn -0.3773 -0.8021 0.4630
vn -0.4835 -0.7581 -0.4377
vn 0.0000 -0.7643 0.6449
vn -0.4903 -0.6618 0.5671
vn 0.0375 0.1750 0.9838
vn -0.5068 0.0759 0.8587
vn -0.0277 -0.0054 0.9996
vn -0.6015 -0.6886 0.4050
vn 0.3838 -0.7997 -0.4617
vn -0.3774 -0.8020 0.4630
vn -0.0401 -0.7064 -0.7067
vn -0.4875 -0.5411 -0.6853
vn -0.1133 -0.9601 0.2558
vn -0.0617 -0.8574 -0.5110
vn -0.3607 0.0516 -0.9313
vn -0.5143 -0.6845 -0.5168
vn 0.7755 -0.5467 -0.3157
vn 0.2006 0.9795 -0.0209
vn -0.2142 0.9763 -0.0319
vn -0.2144 0.9762 -0.0328
vn -0.1955 0.9764 -0.0914
vn 0.2195 0.9707 -0.0973
vn 0.2208 0.9706 -0.0962
vn 0.9228 0.3853 -0.0000
vn -0.9228 0.3853 0.0000
vn 0.9911 0.0000 -0.1334
vn -0.8856 -0.4644 -0.0003
vn -0.8834 -0.4687 0.0003
vn -0.8959 -0.4443 -0.0003
vn -0.8944 -0.4473 0.0003
vn -0.9864 -0.1646 -0.0003
vn -0.9856 -0.1694 0.0003
vn -0.9984 -0.0563 0.0096
vn -0.9980 -0.0632 0.0049
vn -0.9975 -0.0706 -0.0000
vn -0.9992 -0.0238 0.0312
vn -0.9992 -0.0169 0.0359
vn -0.9992 -0.0115 0.0395
vn 0.7071 0.5434 0.4525
vn 0.8733 0.4236 0.2407
vn 0.7071 0.5468 0.4484
vn 0.7071 0.7071 0.0007
vn 0.7515 0.4546 0.4781
vn 0.1356 0.7343 0.6651
vn 0.8733 0.3646 0.3232
vn 0.8766 0.3646 -0.3140
vn 0.6495 0.7482 0.1352
vn 0.5230 0.8344 0.1743
vn 0.6534 0.0629 0.7543
vn 0.0000 -0.1862 0.9825
vn 0.7071 -0.1317 0.6947
vn 0.6471 -0.0071 0.7624
vn 0.7071 -0.1896 0.6812
vn 0.6471 -0.0034 0.7624
vn 0.7071 0.5170 0.4824
vn -0.7071 0.5434 0.4525
vn -0.8733 0.4236 0.2407
vn -0.7071 0.5468 0.4484
vn -0.7071 0.7071 0.0007
vn -0.3811 0.4223 0.8225
vn 0.1389 0.0730 0.9876
vn 0.0061 0.1077 0.9942
vn -0.7202 0.5671 0.3996
vn -0.6471 0.0821 0.7580
vn -0.7204 0.5668 0.3997
vn 0.0152 0.1081 0.9940
vn -0.0000 0.8343 0.5512
vn 0.0279 0.8344 0.5505
vn -0.8578 0.3646 0.3623
vn -0.7071 0.5900 0.3898
vn -0.4276 0.7911 0.4375
vn 0.6350 0.2805 0.7198
vn 0.2739 0.6895 0.6705
vn 0.0126 0.7482 0.6633
vn -0.7069 0.7071 0.0170
vn -0.7071 0.5291 0.4691
vn -0.7066 0.7071 0.0271
vn 0.0320 0.7482 0.6627
vn -0.7071 0.5170 0.4824
vn -0.6471 -0.0034 0.7624
vn -0.6471 -0.0071 0.7624
vn -0.7071 -0.1896 0.6812
vn -0.0789 0.0778 -0.9938
vn -0.4034 -0.5696 -0.7161
vn -0.5297 -0.4641 -0.7100
vn 0.1355 -0.1094 -0.9847
vn -0.0274 -0.0507 -0.9983
vn 0.0016 0.0223 -0.9998
vn -0.0057 -0.0337 -0.9994
vn -0.5550 0.4308 -0.7116
vn 0.0203 0.0215 -0.9996
vn -0.5217 0.4523 -0.7234
vn -0.0553 -0.1052 -0.9929
vn -0.7293 0.3839 -0.5664
vn -0.1512 -0.0859 -0.9848
vn -0.7678 -0.2544 -0.5881
vn -0.7739 0.1700 -0.6101
vn -0.0995 -0.0150 -0.9949
vn 0.0744 -0.1008 -0.9921
vn 0.1014 0.0248 -0.9945
vn -0.1135 -0.0787 -0.9904
vn 0.0501 0.0484 -0.9976
vn -0.0742 0.1252 -0.9894
vn -0.0843 0.1019 -0.9912
vn -0.0588 0.2782 -0.9587
vn 0.0539 0.1456 -0.9879
vn 0.1748 -0.6689 -0.7225
vn -0.0299 0.0275 -0.9992
vn 0.0580 0.0414 -0.9975
vn -0.0694 -0.0377 -0.9969
vn 0.2644 -0.6705 -0.6932
vn 0.0252 -0.7262 -0.6871
vn -0.0491 -0.0573 -0.9971
vn -0.1142 -0.8605 -0.4965
vn -0.4235 -0.6300 -0.6510
vn -0.4876 -0.4904 -0.7223
vn 0.0081 0.0402 -0.9992
vn 0.0638 -0.0300 -0.9975
vn 0.3187 0.2495 -0.9144
vn 0.2636 0.0920 -0.9602
vn 0.1406 0.1995 -0.9698
vn 0.0810 -0.0324 -0.9962
vn -0.0529 0.1131 -0.9922
vn -0.1079 0.0074 -0.9941
vn -0.2331 0.0160 -0.9723
vn -0.0452 0.0310 -0.9985
vn -0.0911 -0.0788 -0.9927
vn 0.8293 0.1436 -0.5401
vn 0.0283 -0.0427 -0.9987
vn 0.0322 -0.0198 -0.9993
vn -0.0178 -0.1080 -0.9940
vn 0.8151 0.0865 -0.5729
vn 0.8156 -0.1253 -0.5650
vn 0.1587 -0.0624 -0.9854
vn 0.6531 -0.4695 -0.5941
vn 0.3057 -0.7241 -0.6182
vn -0.1454 0.0371 -0.9887
vn -0.0014 -0.0001 -1.0000
vn -0.1455 -0.0373 -0.9887
vn 0.0345 -0.0004 -0.9994
vn 0.6002 0.4201 -0.6807
vn 0.7150 0.1576 -0.6811
vn 0.6264 0.2902 -0.7234
vn -0.0240 -0.0209 -0.9995
vn -0.0641 0.0646 -0.9959
vn -0.0444 0.1917 -0.9804
vn 0.4814 0.5822 -0.6552
vn 0.6577 0.3257 -0.6793
vn -0.0039 -0.0618 -0.9981
vn -0.1679 -0.1180 -0.9787
vn -0.0735 0.0318 -0.9968
vn -0.0924 -0.1134 -0.9892
vn 0.0615 -0.0040 -0.9981
vn -0.1354 -0.0091 -0.9908
vn -0.1454 -0.0375 -0.9887
vn -0.0013 -0.0003 -1.0000
vn -0.1128 -0.0989 -0.9887
vn -0.1125 -0.0993 -0.9887
vn -0.0010 -0.0007 -1.0000
vn -0.0445 -0.1431 -0.9887
vn 0.2329 -0.0585 -0.9707
vn 0.0493 -0.1166 -0.9920
vn 0.1067 -0.1856 -0.9768
vn 0.0471 0.0578 -0.9972
vn -0.0890 0.8602 -0.5021
vn 0.2852 0.8189 -0.4982
vn -0.2941 0.7520 -0.5899
vn 0.0999 -0.0171 -0.9948
vn 0.0072 -0.0455 -0.9989
vn -0.0450 -0.0582 -0.9973
vn 0.0640 -0.0477 -0.9968
vn 0.0414 -0.2172 -0.9753
vn -0.1383 0.0516 -0.9890
vn -0.4366 0.6362 -0.6361
vn -0.0554 0.7489 -0.6603
vn 0.0012 -0.0376 -0.9993
vn 0.0204 -0.2025 -0.9791
vn -0.0021 -0.0294 -0.9996
vn 0.0122 -0.0176 -0.9998
vn -0.0092 -0.1909 -0.9816
vn 0.0087 -0.0257 -0.9996
vn 0.9792 -0.2019 -0.0206
vn 0.9767 0.2121 -0.0318
vn 0.9769 0.2112 -0.0325
vn 0.9777 0.2017 -0.0591
vn 0.9746 -0.2124 -0.0714
vn 0.9742 -0.2144 -0.0702
vn -0.1833 -0.1771 0.9670
vn -0.1530 -0.0088 0.9882
vn -0.1582 -0.0158 0.9873
vn 0.0087 -0.0256 -0.9996
vn -0.9170 -0.3974 -0.0356
vn -0.9300 0.3666 -0.0263
vn -0.9167 -0.3986 -0.0290
vn -0.9166 0.3987 0.0284
vn -0.9309 -0.3652 0.0039
vn -0.9182 0.3955 0.0210
vn -0.3997 -0.9160 0.0337
vn -0.3999 -0.9157 0.0400
vn 0.3667 -0.9298 0.0329
vn 0.3984 -0.9169 -0.0237
vn -0.3679 -0.9298 0.0021
vn 0.3977 -0.9174 -0.0162
vn -0.0114 0.0922 0.9957
vn -0.0168 0.0905 0.9958
vn 0.0734 0.0034 0.9973
vn 0.0029 -0.0448 0.9990
vn -0.0048 0.0874 0.9962
vn -0.0001 -0.0336 0.9994
vn -0.6723 0.6841 0.2830
vn -0.3421 0.8390 0.4232
vn -0.7083 0.6399 0.2980
vn -0.3646 0.8995 0.2408
vn -0.6785 0.6781 0.2825
vn -0.3717 0.9099 0.1842
vn -0.6120 0.6209 0.4899
vn -0.2835 0.6980 0.6576
vn -0.3431 0.8309 0.4380
vn 0.7779 0.2954 0.5546
vn 0.8352 0.3001 0.4608
vn 0.6545 0.6621 0.3651
vn 0.2393 0.7226 0.6485
vn 0.5867 0.6468 0.4873
vn 0.3178 0.8576 0.4044
vn 0.2236 0.7315 0.6441
vn -0.0148 0.9256 0.3782
vn 0.0169 0.7396 0.6728
vn -0.0097 0.9091 0.4164
vn 0.2297 0.7143 0.6611
vn 0.3163 0.8526 0.4160
vn 0.3917 0.8923 0.2245
vn -0.0167 0.9901 0.1395
vn -0.0094 0.9842 0.1766
vn -0.0094 0.9935 0.1132
vn 0.3963 0.8913 0.2201
vn 0.3999 0.8970 0.1882
vn 0.4110 0.9076 0.0854
vn -0.0244 0.9964 0.0811
vn -0.0029 0.9901 0.1404
vn -0.3737 0.8266 0.4207
vn -0.6691 0.6917 0.2719
vn -0.7245 0.6201 0.3011
vn 0.1801 0.9225 0.3415
vn 0.0016 0.9993 0.0370
vn -0.0154 0.9977 0.0659
vn 0.8523 0.3106 0.4208
vn 0.9125 0.2490 0.3244
vn 0.7512 0.5928 0.2903
vn 0.7076 0.6340 0.3121
vn 0.6907 0.6664 0.2808
vn 0.6485 0.4848 0.5869
vn 0.6255 0.7555 0.1950
vn 0.8076 0.4509 0.3801
vn 0.6016 0.7967 0.0576
vn -0.1834 -0.1771 0.9670
vn -0.1531 -0.0088 0.9882
vn -0.1583 -0.0158 0.9873
vn -0.0138 -0.0000 -0.9999
vn 0.0000 0.0023 -1.0000
vn -0.7071 0.0089 -0.7071
vn -0.7071 -0.0000 -0.7071
vn -0.7071 -0.0113 0.7070
vn -0.7071 0.0000 0.7071
vn -0.0000 -0.7071 0.7071
vn -0.0053 -0.7071 0.7071
vn -0.6561 -0.7071 0.2637
vn -0.6128 -0.7071 -0.3527
vn 0.7071 -0.6033 0.3689
vn 0.7071 -0.6536 -0.2698
vn 0.7071 0.0089 -0.7071
vn 0.7071 -0.0002 -0.7071
vn 0.7064 0.7071 -0.0313
vn 0.0050 0.7071 0.7071
vn 0.0000 0.7071 0.7071
vn 0.0122 -0.0175 -0.9998
vn 0.9918 -0.0543 -0.1159
vn 0.9918 -0.0540 -0.1157
vn 0.9970 0.0017 -0.0778
vn 0.9970 0.0020 -0.0775
vn -0.0040 -0.5355 -0.8445
vn -0.0004 1.0000 -0.0004
vn 0.0210 0.9996 0.0172
vn 0.0222 0.9816 0.1895
vn 0.0292 0.9814 0.1896
vn 0.0284 0.9780 0.2066
vn 0.0252 0.9995 0.0173
vn -0.2434 -0.9694 0.0324
vn -0.0053 -0.0010 -1.0000
vn 0.0000 -0.0013 -1.0000
vn -0.2174 -0.3096 0.9257
vn 0.0572 -0.7493 -0.6597
vn 0.0540 -0.5552 -0.8300
vn 0.0620 -0.7555 -0.6522
vn 0.0653 -0.7486 -0.6598
vn 0.0678 -0.8972 -0.4364
vn 0.1052 0.3186 -0.9420
vn 0.0785 0.6469 -0.7586
vn 0.0964 0.6682 -0.7377
vn 0.0427 0.6719 -0.7394
vn 0.0332 0.8983 -0.4381
vn 0.0174 0.6287 0.7775
vn 0.0102 0.3661 0.9305
vn -0.2297 -0.0445 0.9722
vn -0.2212 -0.0438 0.9743
vn -0.9402 0.3369 0.0508
vn -0.9757 0.2129 0.0519
vn -0.9836 0.1737 0.0488
vn -0.9374 0.3423 0.0641
vn -0.9659 0.2452 0.0826
vn -0.9942 0.0664 0.0848
vn -0.9988 -0.0022 0.0497
vn -0.9988 -0.0084 0.0491
vn -0.9836 0.1718 0.0546
vn -0.9988 -0.0023 0.0498
vn -0.9854 -0.1542 0.0722
vn -0.9987 -0.0083 0.0502
vn -0.9857 -0.1600 0.0532
vn -0.9041 -0.4247 0.0477
vn -0.9867 -0.1549 0.0490
vn -0.8126 -0.5826 0.0161
vn -0.9410 -0.3372 0.0268
vn -0.8343 -0.5509 0.0225
vn -0.9937 0.0894 0.0676
vn -0.9944 0.0914 0.0529
vn -0.9930 0.0990 0.0647
vn -0.9942 0.0901 0.0578
vn -0.9975 0.0650 0.0292
vn -0.9926 0.1008 0.0672
vn -0.9977 0.0651 0.0212
vn -0.9947 0.0892 0.0502
vn -0.9755 0.2132 0.0536
vn -0.9976 0.0649 0.0225
vn -0.9756 0.2125 0.0546
vn -0.9951 0.0174 0.0970
vn -0.9914 0.1207 0.0502
vn -0.9583 0.2821 0.0456
vn -0.9130 0.4027 0.0660
vn -0.9216 0.3847 0.0523
vn -0.9960 0.0856 0.0259
vn -0.9942 0.1023 0.0341
vn -0.9348 0.3549 0.0121
vn -0.9955 0.0862 0.0383
vn -0.9986 0.0527 -0.0069
vn -0.9419 0.3340 -0.0349
vn -0.9943 0.1061 0.0124
vn -0.9977 0.0671 0.0132
vn -0.9906 0.0711 0.1165
vn -0.9884 0.1055 0.1094
vn -0.9884 0.0876 0.1244
vn -0.9897 0.1080 0.0934
vn -0.9915 0.1112 0.0678
vn -0.9899 0.0900 0.1099
vn -0.9889 0.1283 0.0746
vn -0.9904 0.1130 0.0800
vn -0.9891 0.1359 0.0566
vn -0.9936 0.0979 0.0572
vn -0.9900 0.1328 0.0487
vn -0.9887 0.1230 0.0852
vn -0.9942 0.0902 0.0579
vn -0.9957 0.0775 0.0501
vn -0.9955 0.0806 0.0490
vn 0.9796 0.1478 0.1364
vn 0.9114 0.3372 0.2357
vn 0.9128 0.3237 0.2491
vn 0.9963 0.0618 0.0604
vn 0.9936 -0.0463 -0.1026
vn 0.9935 -0.0443 -0.1048
vn -0.7126 0.6390 0.2896
vn -0.8129 0.5456 0.2039
vn -0.8128 0.5461 0.2028
vn -0.7847 0.6198 -0.0044
vn -0.8692 0.4944 -0.0033
vn -0.7846 0.6200 0.0006
vn -0.9545 0.2981 0.0002
vn -0.7299 0.6836 0.0005
vn -0.7297 0.6838 0.0002
vn -0.9545 0.2981 0.0004
vn -0.8196 0.5598 -0.1219
vn -0.9988 0.0000 -0.0488
vn -0.0108 -0.9999 -0.0000
vn 0.0000 -1.0000 0.0063
vn -0.0252 -0.4467 0.8943
vn -0.0253 -0.3662 0.9302
vn 0.0827 -0.8636 0.4974
vn 0.0921 -0.4390 0.8938
vn 0.0878 -0.4116 0.9071
vn 0.0229 -0.5677 0.8229
vn 0.0213 -0.7872 0.6163
vn -0.0339 -0.9267 0.3743
vn -0.0238 -0.8782 0.4777
vn -0.0332 -0.7854 0.6181
vn -0.9904 0.0036 0.1383
vn -0.9904 0.0006 0.1384
vn -0.9905 0.0091 0.1376
vn -0.9572 0.1411 0.2527
vn -0.9904 -0.0000 0.1384
vn -0.9904 0.0069 0.1377
vn -0.9561 0.1511 0.2510
vn 0.0015 1.0000 -0.0004
vn -0.0004 1.0000 0.0009
vn 0.0014 1.0000 0.0028
vn -0.0022 1.0000 0.0041
vn -0.0019 1.0000 0.0015
vn -0.0020 1.0000 0.0007
vn -0.0505 0.9980 -0.0370
vn -0.0505 0.9981 -0.0343
vn 0.9990 0.0038 0.0440
vn 0.9905 0.0231 -0.1353
vn 0.9909 0.0214 -0.1329
vn 0.9991 0.0414 -0.0099
vn 0.9809 0.0588 -0.1855
vn 0.9990 0.0447 -0.0038
vn 0.9998 0.0189 -0.0050
vn 0.9735 0.0537 -0.2222
vn 0.9745 0.0509 -0.2185
vn 0.9221 0.2385 -0.3046
vn 0.8285 0.2617 -0.4951
vn 0.9235 0.2367 -0.3018
vn 0.0000 -0.9967 0.0813
vn 0.9993 0.0058 0.0370
vn 0.9930 0.0237 -0.1160
vn 0.9932 0.0222 -0.1142
vn 0.9984 0.0536 -0.0197
vn 0.9830 0.0697 -0.1699
vn 0.9985 0.0526 -0.0173
vn 0.9995 0.0153 0.0262
vn 0.9839 0.0320 -0.1759
vn 0.9845 0.0298 -0.1729
vn 0.9743 0.1529 -0.1652
vn 0.9203 0.1647 -0.3549
vn 0.9747 0.1563 -0.1596
vn 0.9998 0.0062 0.0207
vn 0.9936 0.0248 -0.1100
vn 0.9938 0.0236 -0.1087
vn 0.9778 0.1597 -0.1354
vn 0.9494 0.1750 -0.2608
vn 0.9781 0.1615 -0.1313
vn -0.9930 0.0237 -0.1160
vn -0.9993 0.0058 0.0370
vn -0.9932 0.0222 -0.1142
vn -0.9985 0.0526 -0.0173
vn -0.9830 0.0697 -0.1699
vn -0.9984 0.0536 -0.0197
vn -0.9948 0.0036 -0.1022
vn -0.9994 0.0160 0.0300
vn -0.9949 0.0024 -0.1010
vn -0.9890 0.1224 -0.0834
vn -0.9707 0.1062 -0.2155
vn -0.9888 0.1208 -0.0871
vn -0.9910 0.0086 -0.1334
vn -0.9998 0.0090 0.0195
vn -0.9913 0.0074 -0.1315
vn -0.9694 0.1594 -0.1867
vn -0.9317 0.1467 -0.3323
vn -0.9694 0.1527 -0.1921
vn -0.9839 0.0320 -0.1759
vn -0.9995 0.0153 0.0262
vn -0.9845 0.0299 -0.1729
vn -0.9747 0.1563 -0.1596
vn -0.9203 0.1647 -0.3549
vn -0.9743 0.1529 -0.1652
vn -0.9936 0.0248 -0.1100
vn -0.9998 0.0062 0.0207
vn -0.9938 0.0236 -0.1087
vn -0.9781 0.1615 -0.1313
vn -0.9494 0.1750 -0.2608
vn -0.9778 0.1597 -0.1354
vn -0.9943 -0.0039 -0.1066
vn -0.9994 0.0143 0.0305
vn -0.9945 -0.0052 -0.1046
vn -0.9957 0.0733 -0.0573
vn -0.9798 0.0529 -0.1931
vn -0.9956 0.0725 -0.0597
vn -0.0688 -0.0020 -0.9976
vn -0.0258 0.1699 -0.9851
vn -0.0250 0.1699 -0.9851
vn -0.0830 0.1642 -0.9829
vn -0.1130 -0.0104 -0.9935
vn -0.1161 -0.0457 -0.9922
vn -0.1676 -0.3279 -0.9297
vn -0.1689 -0.3203 -0.9321
vn -0.1239 -0.0690 -0.9899
vn 0.0031 0.1163 -0.9932
vn -0.0180 0.0866 -0.9961
vn -0.0653 -0.1444 -0.9874
vn -0.8480 0.5282 0.0436
vn -0.8678 0.4965 -0.0218
vn -0.8536 0.4999 0.1468
vn -0.8894 0.3424 0.3027
vn -0.8761 0.4289 0.2202
vn -0.8645 0.4529 0.2179
vn -0.1385 -0.9807 0.1379
vn -0.8531 -0.4657 -0.2354
vn -0.8917 -0.3970 -0.2174
vn -0.8627 -0.4996 -0.0780
vn -0.7655 -0.1508 -0.6256
vn -0.7787 -0.2720 -0.5654
vn -0.7410 -0.3276 -0.5861
vn -0.6289 0.2393 0.7398
vn -0.6907 0.0729 0.7195
vn -0.7381 0.1152 0.6648
vn -0.7717 -0.6156 0.1596
vn -0.8078 -0.5891 -0.0185
vn -0.8132 -0.5698 0.1188
vn -0.7834 0.6048 0.1429
vn -0.7610 0.5639 0.3207
vn -0.7987 0.5392 0.2672
vn -0.8754 0.0644 0.4791
vn -0.8352 0.0826 0.5437
vn -0.8796 -0.0787 0.4692
vn -0.9469 0.0955 -0.3070
vn -0.9877 -0.1334 0.0812
vn -0.9561 0.2488 -0.1552
vn -0.8603 0.3406 -0.3794
vn -0.8124 0.4986 -0.3023
vn -0.8556 0.4399 -0.2729
vn -0.8494 0.3996 -0.3447
vn -0.8914 0.2345 -0.3879
vn -0.8512 0.2752 -0.4470
vn -0.8864 0.1099 -0.4496
vn -0.8720 -0.0571 -0.4862
vn -0.8519 0.0963 -0.5148
vn -0.8130 0.2097 -0.5432
vn -0.8263 0.3576 -0.4351
vn -0.8452 0.2240 -0.4853
vn -0.8228 0.5565 0.1152
vn -0.8309 0.5556 -0.0303
vn -0.7900 0.6105 -0.0565
vn -0.8562 0.3699 0.3606
vn -0.8139 0.2758 0.5113
vn -0.8560 0.2553 0.4496
vn -0.8378 0.3402 0.4270
vn -0.8805 0.3901 0.2693
vn -0.8413 0.4414 0.3120
vn -0.8332 -0.1720 -0.5255
vn -0.8329 -0.3043 -0.4623
vn -0.7884 -0.3474 -0.5076
vn -0.7946 -0.6071 -0.0052
vn -0.7547 -0.6300 -0.1830
vn -0.7992 -0.5832 -0.1457
vn -0.8818 -0.4146 0.2247
vn -0.8778 -0.3140 0.3617
vn -0.8464 -0.3837 0.3693
vn -0.9278 -0.1672 0.3334
vn -0.9843 0.1718 0.0396
vn -0.9531 -0.2660 0.1445
vn -0.8180 -0.3149 0.4813
vn -0.7975 -0.2091 0.5660
vn -0.7885 -0.3741 0.4882
vn 0.0000 -0.9933 0.1156
vn -0.8678 -0.4759 -0.1432
vn -0.8536 -0.4234 -0.3035
vn -0.8480 -0.4842 -0.2155
vn -0.8761 -0.3321 -0.3495
vn -0.8645 -0.3555 -0.3553
vn -0.8895 -0.2232 -0.3988
vn 0.0031 -0.4378 0.8991
vn -0.0180 -0.4107 0.9116
vn -0.0654 -0.1898 0.9797
vn -0.1239 -0.2618 0.9571
vn -0.1676 0.0025 0.9859
vn -0.1689 -0.0056 0.9856
vn -0.0831 -0.4796 0.8735
vn -0.1131 -0.3184 0.9412
vn -0.1161 -0.2845 0.9516
vn -0.0689 -0.3276 0.9423
vn -0.0259 -0.4857 0.8738
vn -0.0250 -0.4857 0.8738
vn 0.0081 -0.1956 -0.9807
vn -0.0880 0.0575 -0.9945
vn 0.0496 0.0606 -0.9969
vn 0.1147 -0.4855 -0.8667
vn 0.0826 -0.3282 -0.9410
vn 0.0717 -0.2962 -0.9524
vn 0.2347 -0.3064 -0.9225
vn 0.1986 -0.4690 -0.8606
vn 0.1979 -0.4691 -0.8607
vn 0.8645 -0.4615 0.1992
vn 0.8761 -0.4474 0.1795
vn 0.8895 -0.4530 0.0602
vn 0.8536 -0.4385 0.2813
vn 0.8678 -0.3089 0.3893
vn 0.8480 -0.3791 0.3704
vn 0.7412 0.2036 -0.6397
vn 0.8373 0.2066 -0.5063
vn 0.7997 0.2706 -0.5360
vn 0.8801 0.3889 -0.2725
vn 0.8305 0.5264 -0.1822
vn 0.8401 0.4436 -0.3122
vn 0.9258 0.2469 0.2862
vn 0.9473 0.0404 0.3179
vn 0.9884 0.0791 -0.1299
vn 0.7865 0.6155 -0.0510
vn 0.8245 0.5265 -0.2071
vn 0.8277 0.5564 -0.0722
vn 0.8021 0.2139 0.5576
vn 0.7122 0.1277 0.6903
vn 0.7548 0.2738 0.5961
vn 0.8165 0.1428 0.5594
vn 0.8611 0.2675 0.4323
vn 0.8583 0.1389 0.4939
vn 0.7267 -0.6164 0.3032
vn 0.7462 -0.4985 0.4412
vn 0.7629 -0.5606 0.3220
vn 0.8821 -0.4687 -0.0478
vn 0.8877 -0.4108 -0.2078
vn 0.8561 -0.4753 -0.2029
vn 0.8081 -0.3626 -0.4642
vn 0.8004 -0.4954 -0.3376
vn 0.8303 -0.4372 -0.3458
vn -0.2565 0.2478 0.9342
vn -0.3556 -0.0247 0.9343
vn -0.2501 0.2413 0.9377
vn 0.2763 0.5282 0.8029
vn 0.1391 0.3126 0.9397
vn 0.1517 0.2980 0.9424
vn -0.1047 -0.8910 -0.4417
vn -0.0793 -0.8957 -0.4375
vn -0.0045 -0.7260 -0.6877
vn -0.1055 -0.9071 0.4075
vn -0.2509 -0.9571 0.1450
vn -0.0859 -0.9179 0.3873
vn 0.3967 -0.6478 0.6504
vn 0.2937 -0.8385 0.4590
vn 0.3006 -0.8401 0.4515
vn 0.0182 0.4094 -0.9122
vn -0.0061 0.4134 -0.9105
vn -0.0692 0.1194 -0.9904
vn -0.1472 0.3172 -0.9369
vn -0.1637 0.0188 -0.9863
vn -0.1467 0.0239 -0.9889
vn 0.2687 -0.5604 -0.7835
vn 0.2511 -0.5670 -0.7845
vn 0.2437 -0.7807 -0.5755
vn 0.0000 -0.3031 -0.9530
vn -0.1429 0.9712 -0.1908
vn -0.2666 0.9606 0.0785
vn -0.1302 0.9756 -0.1768
vn 0.1623 0.9101 -0.3812
vn -0.0078 0.9880 -0.1545
vn 0.0118 0.9913 -0.1309
vn 0.0653 0.7428 0.6663
vn -0.0031 0.8918 0.4523
vn 0.0180 0.8778 0.4787
vn 0.1239 0.7866 0.6049
vn 0.1676 0.5933 0.7873
vn 0.1689 0.5995 0.7823
vn 0.0831 0.9098 0.4068
vn 0.1131 0.8221 0.5581
vn 0.1162 0.8014 0.5868
vn 0.0689 0.8301 0.5533
vn 0.0257 0.9147 0.4033
vn 0.0250 0.9148 0.4032
vn 0.7694 0.5558 0.3149
vn 0.8111 0.4945 0.3123
vn 0.8066 0.4124 0.4234
vn 0.8262 0.4092 0.3873
vn 0.8512 0.2544 0.4591
vn 0.7943 0.4070 0.4511
vn 0.8726 0.3193 -0.3697
vn 0.8249 0.4744 -0.3074
vn 0.8297 0.3671 -0.4206
vn 0.8086 0.5355 -0.2439
vn 0.8494 0.3930 -0.3522
vn 0.8499 0.4723 -0.2336
vn 0.8043 0.1025 -0.5853
vn 0.7783 -0.0753 -0.6234
vn 0.8167 -0.0398 -0.5756
vn 0.9260 0.1870 -0.3281
vn 0.9195 0.3466 -0.1853
vn 0.9957 0.0134 0.0916
vn 0.8318 -0.4066 -0.3780
vn 0.8335 -0.5054 -0.2231
vn 0.8581 -0.4023 -0.3191
vn 0.8446 -0.4514 -0.2879
vn 0.8596 -0.3240 -0.3951
vn 0.8144 -0.4624 -0.3507
vn 0.7707 -0.6028 0.2064
vn 0.8061 -0.4835 0.3414
vn 0.8135 -0.5420 0.2110
vn 0.9213 -0.3511 -0.1673
vn 0.9284 -0.2001 -0.3131
vn 0.9955 -0.0022 0.0952
vn 0.9033 -0.1769 0.3909
vn 0.9501 -0.2622 0.1688
vn 0.9577 -0.1366 0.2533
vn 0.8379 -0.0406 0.5443
vn 0.8272 -0.1857 0.5304
vn 0.7980 -0.0203 0.6024
vn 0.2616 -0.0153 0.9651
vn 0.1860 -0.3024 0.9349
vn 0.1884 -0.3038 0.9339
vn -0.3006 -0.5613 0.7711
vn -0.2899 -0.5685 0.7699
vn -0.3224 -0.7631 0.5602
vn 0.1374 -0.8060 0.5757
vn 0.1924 -0.9348 0.2987
vn 0.1732 -0.9379 0.3004
vn -0.2893 0.9520 -0.1005
vn -0.3436 0.9200 0.1885
vn -0.2911 0.9513 -0.1017
vn 0.2807 0.8338 0.4754
vn 0.2199 0.6700 0.7091
vn 0.2181 0.6712 0.7085
vn -0.1433 0.5621 0.8146
vn -0.1468 0.5640 0.8126
vn -0.2260 0.3029 0.9258
vn 0.0781 0.1706 -0.9822
vn 0.0898 0.1798 -0.9796
vn 0.1923 -0.1039 -0.9758
vn -0.2627 0.5176 -0.8143
vn -0.2011 0.2638 -0.9434
vn -0.1993 0.2652 -0.9434
vn 0.2370 0.8718 -0.4286
vn 0.2346 0.8717 -0.4303
vn 0.2902 0.6942 -0.6587
vn 0.0697 -0.9156 -0.3960
vn -0.1369 -0.8030 -0.5801
vn -0.1105 -0.7848 -0.6099
vn -0.2642 -0.6582 -0.7050
vn -0.1299 -0.8409 -0.5254
vn -0.1419 -0.8467 -0.5127
vn -0.0473 0.9627 -0.2662
vn -0.5295 0.6686 -0.5221
vn -0.7055 0.6753 -0.2149
vn -0.4825 0.6710 -0.5630
vn 0.0048 0.9549 -0.2970
vn 0.0261 0.7997 -0.5999
vn -0.0261 0.7997 -0.5999
vn -0.0048 0.9549 -0.2970
vn 0.4772 0.6739 -0.5640
vn 0.5242 0.6716 -0.5236
vn 0.0473 0.9627 -0.2662
vn 0.6976 0.6828 -0.2172
vn 0.4601 -0.0494 0.8865
vn 0.5989 -0.4764 0.6437
vn 0.9860 -0.1338 0.0999
vn 0.7149 -0.6705 0.1982
vn 0.9946 0.0460 0.0930
vn 0.7088 -0.6091 0.3558
vn 0.9993 0.0352 0.0079
vn 0.7180 -0.6230 0.3105
vn 0.9978 -0.0125 -0.0656
vn 0.6490 -0.7608 -0.0076
vn 0.9904 -0.1012 -0.0936
vn 0.6669 -0.6714 0.3234
vn 0.9652 0.2071 -0.1596
vn 0.9962 0.0861 -0.0138
vn 0.9893 0.0380 -0.1407
vn 0.9857 -0.0724 -0.1522
vn 0.9967 0.0799 -0.0164
vn 0.9826 0.1235 -0.1389
vn 0.9889 0.1149 0.0938
vn 1.0000 -0.0004 -0.0005
vn 0.9889 0.1483 0.0071
vn 0.9977 -0.0028 -0.0676
vn 0.9969 0.0227 -0.0747
vn 0.9895 0.1126 0.0910
vn 0.7229 -0.2262 -0.6529
vn 0.9993 0.0243 0.0275
vn 0.9970 -0.0579 0.0505
vn 0.9697 0.2099 0.1250
vn 0.9930 0.0399 0.1113
vn 0.9972 0.0744 0.0053
vn 0.6690 -0.6199 -0.4100
vn 0.6638 -0.3785 -0.6450
vn 0.9982 -0.0195 -0.0566
vn 0.9998 -0.0138 0.0156
vn 0.6966 -0.6036 -0.3878
vn 0.9994 0.0074 -0.0350
vn 0.9975 -0.0443 0.0546
vn 0.5375 -0.7969 -0.2759
vn 0.6970 -0.5793 -0.4226
vn 0.9889 -0.0267 0.1464
vn 1.0000 0.0009 0.0001
vn 0.9888 0.0489 0.1410
vn 0.9824 0.1862 -0.0176
vn 0.9796 0.1256 0.1566
vn 0.9699 0.1869 0.1560
vn 0.9888 0.0465 0.1418
vn 1.0000 -0.0015 0.0009
vn 0.9889 0.1138 0.0951
vn 0.6339 -0.0587 -0.7712
vn 0.9797 0.1284 -0.1540
vn 0.6628 -0.3884 -0.6402
vn 0.9846 -0.1514 0.0873
vn 0.9587 -0.2805 -0.0473
vn 0.9706 -0.2129 0.1123
vn 0.9998 -0.0221 -0.0006
vn 0.9772 -0.1747 0.1209
vn 0.9939 -0.1034 -0.0388
vn 0.6642 0.4809 -0.5724
vn 0.9963 -0.0226 -0.0834
vn 0.4985 0.2628 -0.8261
vn 0.7348 0.5729 -0.3631
vn 0.9993 -0.0347 0.0158
vn 0.9946 -0.0899 -0.0516
vn 0.9936 0.0546 -0.0990
vn 0.4778 0.7015 -0.5288
vn 0.6579 0.7492 -0.0771
vn 0.5731 0.7551 -0.3185
vn 0.9956 0.0045 0.0935
vn 0.9997 -0.0204 0.0141
vn 0.5141 0.8227 -0.2428
vn 0.4867 0.8455 0.2198
vn 0.9889 0.0807 0.1248
vn 0.9997 -0.0124 -0.0224
vn 0.9987 -0.0069 0.0513
vn 0.9824 -0.1789 0.0536
vn 0.9885 0.0562 0.1406
vn 0.9978 -0.0590 -0.0303
vn 0.9868 -0.1380 0.0844
vn 0.9662 -0.1896 -0.1744
vn 0.9945 -0.0346 -0.0988
vn 0.9934 -0.1138 -0.0164
vn 0.7030 0.6141 0.3587
vn 0.9997 -0.0149 0.0167
vn 0.9996 0.0197 -0.0217
vn 0.9984 -0.0001 0.0571
vn 0.6798 0.6299 0.3755
vn 0.6754 0.4220 0.6047
vn 0.5178 -0.0743 0.8523
vn 0.9985 0.0379 0.0387
vn 0.6723 0.2579 0.6939
vn 0.9994 0.0164 -0.0306
vn 0.5701 0.0456 0.8203
vn 0.9972 -0.0717 -0.0200
vn 0.9681 -0.2420 -0.0649
vn 0.9917 -0.0545 -0.1168
vn 0.9751 -0.1133 -0.1907
vn 0.9818 -0.0881 -0.1681
vn 0.9981 -0.0548 0.0296
vn 0.9942 -0.1059 0.0164
vn 0.6379 0.3753 0.6725
vn -0.0059 0.8112 0.5847
vn -0.0260 0.5692 0.8218
vn 0.0516 0.8269 0.5600
vn 0.6968 0.3855 0.6049
vn 0.7059 0.5960 0.3828
vn 0.6786 0.2743 0.6814
vn 0.0461 -0.0438 0.9980
vn 0.5424 -0.0039 0.8401
vn -0.0263 0.3234 0.9459
vn -0.0047 -0.0128 0.9999
vn 0.6357 0.3233 0.7010
vn 0.0059 0.8112 0.5847
vn -0.6462 0.3700 0.6674
vn 0.0260 0.5692 0.8218
vn -0.0517 0.8269 0.5599
vn -0.7138 0.5899 0.3774
vn -0.7050 0.3802 0.5987
vn -0.0462 -0.0439 0.9980
vn -0.6870 0.2725 0.6737
vn -0.5478 -0.0042 0.8366
vn -0.6440 0.3225 0.6937
vn 0.0048 -0.0128 0.9999
vn 0.0263 0.3234 0.9459
vn 0.0402 -0.9731 -0.2269
vn 0.6908 -0.5910 -0.4165
vn 0.5469 -0.8113 -0.2068
vn 0.6273 -0.6570 -0.4182
vn -0.0471 -0.7772 -0.6275
vn -0.6358 -0.6517 -0.4135
vn 0.0471 -0.7772 -0.6275
vn -0.0318 -0.6405 -0.7673
vn -0.7571 -0.4669 -0.4569
vn -0.6933 -0.2388 -0.6799
vn -0.6047 -0.2407 -0.7592
vn 0.1087 -0.3942 -0.9126
vn 0.0209 -0.6838 -0.7293
vn -0.6749 -0.3501 -0.6495
vn -0.0855 0.0705 -0.9938
vn -0.0434 -0.2313 -0.9719
vn -0.0448 0.0480 -0.9978
vn -0.6890 -0.2631 -0.6754
vn -0.7046 0.0061 -0.7096
vn 0.0446 0.0477 -0.9979
vn 0.6965 0.0057 -0.7175
vn 0.6806 -0.2650 -0.6830
vn 0.0860 0.0705 -0.9938
vn 0.6676 -0.3496 -0.6574
vn 0.0438 -0.2311 -0.9719
vn -0.1088 -0.3941 -0.9126
vn 0.5979 -0.2495 -0.7617
vn -0.0211 -0.6838 -0.7294
vn 0.0317 -0.6406 -0.7672
vn 0.6857 -0.2455 -0.6852
vn 0.7498 -0.4741 -0.4616
vn 0.0488 -0.2650 0.9630
vn 0.6823 -0.4668 0.5626
vn 0.5452 -0.2498 0.8002
vn 0.6355 -0.5228 0.5681
vn -0.0060 -0.2970 0.9549
vn -0.0270 -0.6001 0.7994
vn 0.0058 -0.2970 0.9549
vn -0.6439 -0.5201 0.5612
vn 0.0269 -0.6001 0.7995
vn -0.6580 -0.5457 0.5189
vn 0.0109 -0.9350 0.3544
vn 0.0238 -0.7687 0.6392
vn -0.0237 -0.7687 0.6392
vn -0.0107 -0.9350 0.3544
vn 0.6497 -0.5518 0.5228
vn 0.6722 -0.5557 0.4892
vn 0.0139 -0.9415 0.3366
vn 0.6814 -0.6836 0.2614
vn -0.0010 -0.9642 0.2652
vn 0.0119 -0.9980 -0.0627
vn 0.6667 -0.7033 0.2468
vn 0.6881 -0.6928 0.2159
vn 0.0379 -0.9958 -0.0836
vn 0.6985 -0.7145 -0.0397
vn -0.5502 -0.2492 0.7970
vn -0.6902 -0.4634 0.5558
vn -0.0485 -0.2652 0.9630
vn -0.0381 -0.9958 -0.0836
vn -0.6963 -0.6850 0.2143
vn -0.7065 -0.7066 -0.0396
vn -0.6748 -0.6958 0.2458
vn -0.0119 -0.9980 -0.0627
vn 0.0010 -0.9642 0.2652
vn -0.0138 -0.9416 0.3365
vn -0.6805 -0.5496 0.4846
vn -0.6895 -0.6766 0.2585
vn -0.1020 0.9914 -0.0817
vn -0.7889 0.5824 -0.1959
vn -0.5974 0.7935 0.1160
vn -0.4157 0.8039 -0.4255
vn 0.1541 0.9370 -0.3135
vn 0.0910 0.7610 -0.6424
vn -0.0472 0.7772 -0.6275
vn -0.0688 0.9501 -0.3044
vn 0.4654 0.7355 -0.4924
vn 0.5352 0.7001 -0.4727
vn 0.0402 0.9731 -0.2269
vn 0.7006 0.6912 -0.1773
vn 0.9761 -0.1290 -0.1748
vn 0.9986 0.0026 -0.0534
vn 0.9951 -0.0990 -0.0056
vn 0.9963 -0.0043 -0.0860
vn 0.9870 0.1551 0.0415
vn 0.9825 0.1098 -0.1503
vn 0.4850 -0.0402 0.8736
vn 0.9948 -0.0450 0.0911
vn 0.6609 0.3511 0.6633
vn 0.7203 0.1556 0.6760
vn 0.9997 0.0036 -0.0225
vn 0.9957 0.0801 -0.0470
vn 0.9873 0.1588 0.0089
vn 0.6320 0.6060 0.4831
vn 0.6576 0.2737 0.7019
vn 0.5206 0.0056 0.8538
vn 0.6519 -0.3127 0.6908
vn 0.9786 -0.2008 0.0456
vn 0.5636 -0.2460 0.7886
vn 0.9997 -0.0012 -0.0227
vn 0.9974 0.0726 0.0031
vn 0.9806 0.0734 -0.1818
vn 0.9985 0.0531 -0.0113
vn 0.9995 -0.0203 -0.0250
vn 0.6560 -0.4771 0.5848
vn 0.6598 -0.6577 0.3635
vn 0.9972 -0.0244 0.0708
vn 0.9986 0.0483 -0.0220
vn 0.7396 -0.5461 0.3935
vn 0.9946 -0.0073 -0.1039
vn 0.9957 -0.0826 -0.0416
vn 0.6552 -0.7039 0.2742
vn 0.6496 -0.7599 -0.0218
vn 0.9954 -0.0956 -0.0078
vn 0.4775 -0.8518 -0.2156
vn 0.6433 -0.5893 -0.4888
vn 0.9645 0.2185 0.1485
vn 0.9957 0.0409 0.0825
vn 0.9888 0.1492 -0.0070
vn 0.9716 -0.0306 -0.2346
vn 0.9938 0.0822 -0.0750
vn 0.9781 0.1343 -0.1588
vn 0.9971 0.0148 -0.0741
vn 0.9769 0.1808 -0.1136
vn 0.9986 0.0506 0.0169
vn 0.9891 -0.1197 0.0856
vn 1.0000 0.0028 0.0010
vn 0.9888 -0.0441 0.1423
vn 0.9888 -0.0482 0.1409
vn 1.0000 -0.0013 -0.0004
vn 0.9890 0.0347 0.1440
vn 0.9970 -0.0163 0.0758
vn 0.9913 -0.0291 -0.1281
vn 0.9882 -0.1486 0.0358
vn 0.9701 -0.0036 0.2427
vn 0.9974 -0.0391 0.0606
vn 0.9919 0.0831 0.0957
vn 0.9961 0.0878 0.0055
vn 0.7109 -0.0721 -0.6996
vn 0.5516 0.1637 -0.8179
vn 0.7035 -0.0457 -0.7092
vn 0.9996 0.0286 0.0024
vn 0.9997 -0.0249 -0.0060
vn 0.9802 0.1661 -0.1077
vn 0.9949 0.0744 0.0685
vn 0.9794 0.1858 0.0786
vn 0.7369 -0.5416 -0.4045
vn 0.9958 0.0859 -0.0323
vn 0.9985 0.0312 0.0458
vn 0.9971 -0.0440 -0.0625
vn 0.6502 -0.4768 -0.5915
vn 0.6567 -0.1309 -0.7427
vn 0.9919 -0.0035 -0.1270
vn 0.6433 0.4205 -0.6397
vn 0.5011 0.7671 -0.4006
vn 0.5538 0.7519 -0.3578
vn 0.9999 -0.0038 0.0141
vn 0.9976 -0.0356 -0.0595
vn 0.9994 0.0346 0.0050
vn 0.5254 0.6946 -0.4915
vn 0.6821 0.7127 -0.1638
vn 0.9965 0.0014 0.0837
vn 0.5519 0.8297 -0.0839
vn 0.5438 0.8172 0.1910
vn 0.5374 0.8279 -0.1603
vn 0.9987 0.0308 0.0404
vn 0.9992 0.0334 0.0199
vn 0.9725 -0.2094 0.1023
vn 0.9967 -0.0802 -0.0085
vn 0.9968 -0.0328 0.0727
vn 0.9777 -0.2071 0.0337
vn 0.9991 -0.0120 0.0413
vn 0.9948 -0.0375 0.0943
vn 0.9935 -0.1127 0.0164
vn 0.9961 0.0821 0.0337
vn 0.9923 -0.0672 -0.1037
vn 0.9888 -0.1492 -0.0018
vn 1.0000 -0.0004 -0.0036
vn 0.9891 -0.1229 0.0810
vn -0.9920 -0.1255 0.0146
vn -0.9741 -0.1074 0.1989
vn -0.9888 -0.0772 0.1280
vn -0.9897 0.1081 0.0935
vn -0.4750 0.8798 -0.0167
vn -0.6637 0.6398 -0.3875
vn -0.9988 -0.0443 0.0198
vn -0.5747 0.7893 -0.2164
vn -0.9959 -0.0687 -0.0581
vn -0.6412 0.4468 -0.6239
vn -0.9910 -0.0077 -0.1340
vn -0.4996 0.8065 -0.3162
vn -0.9788 0.1214 0.1651
vn -0.9946 0.0678 0.0787
vn -0.9986 -0.0192 0.0484
vn -0.9995 0.0299 -0.0043
vn -0.7003 -0.1157 -0.7044
vn -0.9999 0.0148 -0.0063
vn -0.7178 -0.0728 -0.6924
vn -0.9962 0.0828 0.0285
vn -0.5565 0.1569 -0.8159
vn -0.9934 0.1045 0.0470
vn -0.9995 0.0111 -0.0285
vn -0.9920 -0.0958 -0.0826
vn -0.9962 -0.0256 -0.0834
vn -0.9991 0.0415 -0.0035
vn -0.9881 -0.1400 -0.0631
vn -0.7101 -0.4401 -0.5497
vn -0.9992 -0.0148 0.0373
vn -0.9995 0.0302 0.0118
vn -0.9979 0.0159 0.0623
vn -0.9987 0.0510 -0.0008
vn -0.9994 -0.0088 0.0338
vn -0.9989 0.0265 -0.0380
vn -0.9954 0.0945 -0.0146
vn -0.9988 -0.0346 0.0348
vn -0.9950 0.0885 -0.0472
vn -0.9998 -0.0101 -0.0199
vn -0.9949 -0.0916 0.0418
vn -0.6873 -0.1837 -0.7028
vn -0.6884 -0.4633 -0.5580
vn -0.9996 0.0180 -0.0221
vn -0.9880 0.0641 0.1404
vn -0.9914 0.0190 0.1293
vn -0.9974 0.0408 0.0587
vn -0.9979 0.0251 0.0592
vn -0.9978 0.0658 -0.0080
vn -0.9992 0.0306 -0.0238
vn -0.9915 -0.0123 -0.1299
vn -0.9995 -0.0319 -0.0084
vn -0.9930 -0.0287 0.1150
vn -0.9965 -0.0674 -0.0486
vn -0.9997 -0.0001 0.0227
vn -0.9942 0.0901 0.0594
vn -0.6647 -0.7363 0.1266
vn -0.9818 -0.0719 0.1757
vn -0.6891 -0.6953 -0.2042
vn -0.9982 0.0594 0.0127
vn -0.7371 -0.6354 -0.2299
vn -0.9946 0.0331 0.0980
vn -0.9912 -0.0279 -0.1292
vn -0.6475 -0.6291 -0.4301
vn -0.5073 -0.8612 -0.0305
vn -0.9975 -0.0146 -0.0698
vn -0.9972 0.0731 -0.0164
vn -0.9944 0.0014 -0.1057
vn -0.9811 0.1937 0.0030
vn -0.9861 0.1619 -0.0365
vn -0.9809 0.1915 -0.0345
vn -0.9942 -0.1028 0.0310
vn -0.9997 -0.0067 0.0214
vn -0.9966 0.0769 -0.0284
vn -0.9977 0.0618 0.0276
vn -0.7011 -0.4217 0.5751
vn -0.5383 -0.2813 0.7944
vn -0.7336 -0.2913 0.6140
vn -0.9981 0.0380 -0.0481
vn -0.9954 -0.0456 -0.0847
vn -0.9825 -0.1752 -0.0636
vn -0.6680 -0.5712 0.4770
vn -0.6895 -0.3154 0.6520
vn -0.9995 -0.0259 -0.0194
vn -0.9754 -0.2145 -0.0508
vn -0.9954 -0.0962 -0.0027
vn -0.9871 -0.1596 -0.0101
vn -0.9696 -0.2444 -0.0087
vn -0.9648 -0.2552 -0.0638
vn -0.9893 -0.1018 0.1050
vn -0.4797 0.0207 0.8772
vn -0.6683 0.3801 0.6394
vn -0.9991 -0.0169 -0.0390
vn -0.7206 0.2105 0.6606
vn -0.9969 0.0531 -0.0587
vn -0.6674 0.5480 0.5043
vn -0.9928 0.1167 -0.0271
vn -0.6840 0.2490 0.6857
vn -0.9974 0.0254 -0.0672
vn -0.7048 0.5719 0.4198
vn -0.5426 0.7881 0.2906
vn -0.7056 0.6000 0.3769
vn -0.9997 -0.0121 -0.0213
vn -0.9992 -0.0315 0.0262
vn -0.9762 -0.0491 -0.2114
vn -0.9995 -0.0194 -0.0251
vn -0.9956 -0.0026 -0.0936
vn -0.9877 0.0475 -0.1491
vn -0.9990 0.0284 -0.0352
vn -0.9746 -0.0379 -0.2205
vn -0.9901 0.0091 0.1397
vn -0.9993 0.0380 0.0064
vn -0.9901 0.0557 -0.1289
vn 0.6378 0.6717 0.3769
vn -0.0267 0.8220 0.5689
vn -0.0071 0.5848 0.8111
vn 0.6986 0.6015 0.3875
vn 0.0522 0.5593 0.8274
vn 0.7060 0.3791 0.5982
vn -0.0509 0.0136 0.9986
vn -0.7338 0.2322 0.6385
vn -0.5643 -0.0765 0.8220
vn -0.6595 0.2835 0.6962
vn 0.0284 0.0577 0.9979
vn 0.0266 0.3913 0.9199
vn -0.0364 0.5289 0.8479
vn -0.7099 0.5588 0.4287
vn -0.7097 0.3443 0.6147
vn -0.6396 0.5905 0.4921
vn 0.0673 0.5911 0.8038
vn 0.0436 0.8410 0.5392
vn -0.5433 0.8332 0.1033
vn -0.7559 0.5784 0.3066
vn -0.0305 0.9280 0.3712
vn -0.0265 0.3912 0.9199
vn -0.0283 0.0577 0.9979
vn 0.6512 0.2863 0.7028
vn 0.7260 0.2345 0.6465
vn 0.0509 0.0137 0.9986
vn 0.5592 -0.0752 0.8256
vn 0.0473 -0.9627 -0.2662
vn 0.6812 -0.5636 -0.4673
vn 0.5435 -0.8007 -0.2522
vn 0.6362 -0.5671 -0.5232
vn -0.0048 -0.9549 -0.2970
vn -0.0260 -0.7997 -0.5999
vn 0.0048 -0.9549 -0.2970
vn -0.6444 -0.5603 -0.5203
vn 0.0261 -0.7997 -0.5999
vn -0.6444 -0.5203 -0.5603
vn 0.0048 -0.2970 -0.9549
vn 0.0261 -0.5999 -0.7997
vn -0.0485 -0.2658 -0.9628
vn -0.6903 -0.4631 -0.5558
vn -0.7067 -0.2131 -0.6747
vn -0.5292 0.2843 -0.7995
vn -0.0448 -0.0480 -0.9978
vn -0.7046 -0.0061 -0.7096
vn -0.5266 0.3265 -0.7849
vn -0.0434 0.2313 -0.9719
vn -0.0855 -0.0705 -0.9938
vn 0.5218 0.3257 -0.7884
vn 0.0860 -0.0705 -0.9938
vn 0.0438 0.2311 -0.9719
vn 0.0446 -0.0477 -0.9979
vn 0.5235 0.2853 -0.8028
vn 0.6965 -0.0057 -0.7175
vn 0.0487 -0.2657 -0.9628
vn 0.6990 -0.2150 -0.6820
vn 0.6825 -0.4666 -0.5625
vn -0.0048 -0.2970 -0.9549
vn 0.6362 -0.5232 -0.5671
vn -0.0261 -0.5999 -0.7997
vn 0.0381 0.9963 -0.0768
vn 0.0381 0.9951 -0.0914
vn 0.0375 0.9963 -0.0768
vn 0.1644 0.9849 -0.0541
vn 0.1645 0.9840 -0.0687
vn 0.6828 -0.6820 0.2619
vn 0.0460 -0.9977 -0.0488
vn 0.6977 -0.7163 -0.0100
vn -0.0356 -0.9382 0.3443
vn -0.0278 -0.9996 -0.0034
vn 0.6343 -0.7174 0.2880
vn 0.7006 -0.4332 0.5670
vn 0.0356 -0.8477 0.5293
vn 0.7016 -0.6196 0.3520
vn 0.6312 -0.4954 0.5968
vn -0.0673 -0.8038 0.5911
vn 0.0306 -0.3711 0.9281
vn 0.7487 -0.3115 0.5851
vn 0.5382 -0.1056 0.8362
vn -0.6396 -0.4921 0.5905
vn 0.0673 -0.8038 0.5911
vn -0.0357 -0.8478 0.5292
vn -0.7087 -0.4278 0.5610
vn -0.7096 -0.6133 0.3470
vn -0.6426 -0.7107 0.2863
vn 0.0281 -0.9996 -0.0034
vn 0.0358 -0.9382 0.3444
vn -0.0460 -0.9977 -0.0490
vn -0.6908 -0.6745 0.2604
vn -0.7056 -0.7086 -0.0098
vn -0.5433 -0.1033 0.8332
vn -0.7559 -0.3066 0.5784
vn -0.0305 -0.3713 0.9280
vn -0.0474 0.9979 0.0449
vn -0.6890 0.6729 -0.2691
vn -0.5489 0.8359 0.0078
vn -0.6438 0.6945 -0.3212
vn 0.0058 0.9999 0.0126
vn 0.0269 0.9458 -0.3237
vn -0.0270 0.9458 -0.3237
vn -0.0060 0.9999 0.0126
vn 0.6355 0.7018 -0.3218
vn 0.6810 0.6805 -0.2706
vn 0.0474 0.9979 0.0450
vn 0.5437 0.8393 0.0079
vn -0.9967 0.0296 -0.0755
vn -0.7065 0.5702 0.4192
vn -0.5437 0.7823 0.3038
vn -0.4849 0.8594 0.1623
vn -0.6411 0.7187 -0.2692
vn -0.9967 0.0714 -0.0383
vn -0.9646 -0.0986 -0.2446
vn -0.9923 -0.1217 -0.0242
vn -0.9867 -0.0662 -0.1486
vn -0.9865 0.0463 -0.1572
vn -0.9986 0.0305 -0.0440
vn -0.9739 -0.0390 -0.2235
vn -0.9713 -0.2358 -0.0325
vn -0.9922 -0.0866 0.0898
vn -0.9880 -0.1540 -0.0143
vn -0.9986 -0.0475 0.0228
vn -0.5790 0.7867 -0.2140
vn -0.9957 -0.0737 -0.0552
vn -0.6705 0.5520 -0.4958
vn -0.9800 -0.0462 -0.1936
vn -0.5332 0.8048 -0.2608
vn -0.9901 -0.0130 -0.1398
vn -0.9993 -0.0381 -0.0057
vn -0.9901 -0.0519 0.1301
vn -0.9936 0.1062 -0.0385
vn -0.9997 0.0048 -0.0246
vn -0.9960 -0.0852 0.0259
vn -0.9960 0.0730 0.0508
vn -0.9997 0.0030 -0.0248
vn -0.9936 -0.0891 -0.0695
vn -0.9940 -0.0653 -0.0880
vn -0.9999 0.0046 -0.0159
vn -0.9845 -0.1646 -0.0600
vn -0.9846 0.1006 0.1428
vn -0.9957 0.0582 0.0716
vn -0.9986 -0.0287 0.0449
vn -0.9981 0.0597 -0.0149
vn -0.9865 0.1585 -0.0418
vn -0.9750 0.2206 0.0268
vn -0.9945 0.1038 0.0114
vn -0.9987 0.0231 0.0446
vn -0.9777 0.2061 0.0403
vn -0.9990 -0.0452 -0.0061
vn -0.6723 -0.3563 -0.6489
vn -0.6695 -0.5787 -0.4657
vn -0.7286 -0.1469 -0.6690
vn -0.9957 -0.0631 0.0678
vn -0.9989 0.0066 0.0456
vn -0.9964 0.0567 -0.0638
vn -0.6599 0.0310 -0.7507
vn -0.6738 -0.3513 -0.6500
vn -0.9991 -0.0063 0.0409
vn -0.7193 0.1992 -0.6655
vn -0.9973 -0.0718 0.0182
vn -0.9828 0.1839 -0.0176
vn -0.6649 0.3156 -0.6770
vn -0.5281 -0.0076 -0.8491
vn -0.6845 -0.6930 0.2264
vn -0.6619 -0.5597 0.4986
vn -0.9808 0.0334 0.1920
vn -0.7173 -0.5886 0.3730
vn -0.9992 0.0348 -0.0173
vn -0.9974 -0.0050 -0.0716
vn -0.9799 0.1954 0.0402
vn -0.9968 0.0526 -0.0607
vn -0.9936 0.1111 0.0216
vn -0.9989 0.0458 0.0062
vn -0.7225 -0.6634 -0.1948
vn -0.9971 0.0223 0.0732
vn -0.9805 -0.0182 -0.1957
vn -0.6677 -0.6808 -0.3012
vn -0.5318 -0.8468 0.0133
vn -0.9967 -0.0611 -0.0528
vn -0.6615 -0.7493 -0.0311
vn -0.6740 -0.6504 0.3504
vn -0.9990 -0.0130 0.0434
vn -0.9991 0.0258 0.0331
vn -1.0000 -0.0054 -0.0051
vn -0.9950 -0.0028 0.0996
vn -0.9987 -0.0476 0.0192
vn -0.9965 0.0161 -0.0816
vn -0.6667 -0.4076 0.6240
vn -0.5069 -0.1658 0.8459
vn -0.9988 -0.0432 0.0220
vn -0.9977 0.0150 -0.0665
vn -0.5941 -0.3001 0.7463
vn -0.9940 0.1023 -0.0397
vn -0.6691 0.1083 0.7353
vn -0.9786 0.1918 0.0751
vn -0.5369 -0.2658 0.8007
vn -0.9914 0.0664 -0.1128
vn -0.9744 -0.1084 -0.1968
vn -0.9887 -0.0673 -0.1339
vn -0.9951 0.0539 0.0831
vn -0.9999 -0.0099 0.0107
vn -0.9866 0.1523 0.0590
vn -0.9964 -0.0680 -0.0500
vn -0.9997 -0.0009 0.0234
vn -0.9940 0.0894 0.0634
vn -0.9940 -0.1046 0.0327
vn -0.9997 -0.0063 0.0225
vn -0.9964 0.0802 -0.0266
vn -0.9984 0.0551 0.0109
vn -0.9975 0.0007 0.0703
vn -0.9952 -0.0893 0.0396
vn -0.6652 0.5981 0.4469
vn -0.9990 0.0156 0.0428
vn -0.6648 0.3635 0.6526
vn -0.7339 0.6152 0.2880
vn -0.9980 -0.0496 -0.0379
vn -0.9954 -0.0839 0.0462
vn 0.9947 -0.0716 0.0740
vn 0.7131 0.5703 0.4076
vn 0.7071 0.4568 0.5398
vn 0.9870 0.0935 0.1304
vn 0.6042 0.2433 0.7588
vn 0.4638 -0.2264 0.8565
vn 0.6557 0.6529 0.3793
vn 0.9923 0.0342 0.1193
vn 0.5152 0.8564 0.0337
vn 0.7024 0.5407 0.4629
vn 0.9997 -0.0197 0.0160
vn 0.9993 0.0292 -0.0227
vn 0.9570 -0.2006 -0.2097
vn 0.9915 -0.0418 -0.1231
vn 0.9868 -0.1559 -0.0445
vn 0.9951 -0.0267 0.0957
vn 0.9949 0.0562 -0.0842
vn 0.9921 -0.0738 -0.1017
vn 0.9893 -0.1461 -0.0008
vn 1.0000 0.0028 0.0019
vn 0.9890 -0.1128 0.0958
vn 0.9955 0.0946 -0.0020
vn 0.9906 -0.0854 -0.1064
vn 0.9940 -0.1044 0.0340
vn 0.9997 0.0184 -0.0136
vn 0.9988 0.0108 0.0479
vn 0.9863 -0.1622 0.0288
vn 0.6981 0.4632 -0.5460
vn 0.9998 0.0162 0.0134
vn 0.9992 -0.0243 -0.0329
vn 0.9978 0.0582 0.0327
vn 0.6946 0.4162 -0.5868
vn 0.5339 0.6761 -0.5077
vn 0.9866 0.0901 -0.1361
vn 0.6414 0.7422 -0.1943
vn 0.5094 0.8263 0.2404
vn 0.5753 0.7489 0.3289
vn 0.9997 -0.0208 -0.0134
vn 0.9957 0.0028 -0.0931
vn 0.9998 -0.0166 0.0080
vn 0.9786 -0.1801 0.0997
vn 0.9952 -0.0872 -0.0453
vn 0.9954 -0.0469 0.0830
vn 0.9886 -0.1011 -0.1120
vn 0.9823 -0.1741 0.0698
vn 0.9890 -0.1142 0.0940
vn 1.0000 0.0013 0.0002
vn 0.9889 -0.0477 0.1407
vn 0.9981 -0.0460 -0.0414
vn 0.9874 0.1207 -0.1028
vn 0.9994 -0.0308 0.0126
vn 0.9868 0.1082 -0.1206
vn 0.9949 -0.0702 -0.0725
vn 0.9929 0.1179 -0.0153
vn 0.9903 0.0025 0.1390
vn 0.6516 -0.5168 0.5553
vn 0.6707 -0.6957 0.2570
vn 0.9994 0.0261 -0.0222
vn 0.7301 -0.5419 0.4163
vn 0.9948 -0.0236 -0.0990
vn 0.6496 -0.7540 0.0976
vn 0.9758 -0.1576 -0.1514
vn 0.6771 -0.6243 0.3897
vn 0.9922 0.1204 -0.0317
vn 0.9986 0.0075 -0.0519
vn 0.9713 0.1243 -0.2026
vn 0.5660 -0.2925 0.7708
vn 0.9995 -0.0094 -0.0303
vn 0.9976 0.0691 0.0060
vn 0.9965 -0.0822 -0.0119
vn 0.5434 -0.1525 0.8255
vn 0.6912 -0.3336 0.6411
vn 0.9963 -0.0372 -0.0780
vn 0.9925 -0.0032 0.1219
vn 0.9929 0.1051 0.0549
vn 0.9626 0.2262 0.1493
vn 0.9956 0.0482 0.0809
vn 0.9881 0.1539 -0.0045
vn 0.7107 -0.3751 -0.5952
vn 0.9997 0.0206 -0.0123
vn 0.9994 -0.0192 0.0282
vn 0.7369 -0.4144 -0.5341
vn 0.7421 -0.3024 -0.5982
vn 0.9913 -0.0850 0.1007
vn 0.9968 -0.0795 -0.0129
vn 0.4857 -0.8556 -0.1790
vn 0.6479 -0.6210 -0.4412
vn 0.9889 -0.0541 0.1385
vn 1.0000 -0.0050 -0.0021
vn 0.9894 0.0407 0.1396
vn 0.9775 -0.0005 0.2111
vn 0.9989 -0.0319 0.0352
vn 0.9958 0.0727 0.0557
vn 0.6571 0.3801 -0.6509
vn 0.9924 0.1193 -0.0313
vn 0.5176 0.0352 -0.8549
vn 0.7209 0.2465 -0.6477
vn 0.9997 -0.0151 0.0202
vn 0.9959 -0.0906 -0.0037
vn 0.6507 0.0533 -0.7575
vn 0.9970 0.0090 -0.0772
vn 0.6577 -0.3178 -0.6829
vn 0.7505 0.4719 0.4626
vn 0.6854 0.2423 0.6866
vn -0.0472 -0.0504 0.9976
vn -0.6917 0.2603 0.6736
vn -0.5504 -0.0156 0.8348
vn -0.6742 0.3485 0.6512
vn -0.0829 -0.0704 0.9941
vn -0.0412 0.2320 0.9718
vn -0.6042 0.2376 0.7606
vn 0.1082 0.3949 0.9123
vn 0.0194 0.6841 0.7292
vn -0.7577 0.4650 0.4578
vn -0.6931 0.2360 0.6812
vn -0.6358 0.6517 0.4135
vn 0.0472 0.7772 0.6275
vn 0.6273 0.6570 0.4182
vn -0.0472 0.7772 0.6275
vn 0.6898 0.5919 0.4169
vn 0.5455 0.8117 0.2087
vn -0.5507 0.8084 0.2079
vn -0.6978 0.5851 0.4133
vn -0.0194 0.6841 0.7292
vn -0.1082 0.3949 0.9123
vn 0.5974 0.2458 0.7633
vn 0.0412 0.2320 0.9718
vn 0.0829 -0.0704 0.9941
vn 0.6667 0.3476 0.6593
vn 0.6839 0.2617 0.6811
vn 0.0474 -0.0505 0.9976
vn 0.5454 -0.0159 0.8380
vn 0.1385 -0.9807 0.1379
vn -0.0318 -0.6404 -0.7674
vn -0.5868 -0.2970 -0.7533
vn 0.1406 -0.3178 -0.9377
vn 0.0715 -0.6447 -0.7611
vn -0.0956 -0.0807 -0.9921
vn -0.7876 -0.1826 -0.5885
vn -0.7366 0.1656 -0.6557
vn -0.4329 0.1526 -0.8884
vn 0.0683 0.3858 -0.9201
vn 0.1360 0.0176 -0.9906
vn 0.4279 0.1551 -0.8904
vn -0.1359 0.0177 -0.9906
vn -0.0681 0.3858 -0.9201
vn 0.0957 -0.0809 -0.9921
vn 0.7296 0.1629 -0.6641
vn 0.7807 -0.1856 -0.5967
vn -0.1406 -0.3177 -0.9377
vn 0.5788 -0.3039 -0.7567
vn -0.0716 -0.6446 -0.7611
vn 0.6803 -0.6832 0.2654
vn 0.0447 -0.9978 -0.0489
vn 0.6968 -0.7173 -0.0056
vn 0.0423 -0.9719 0.2315
vn 0.0844 -0.9939 -0.0705
vn 0.6668 -0.6585 0.3490
vn -0.0202 -0.7292 0.6840
vn -0.1087 -0.9124 0.3945
vn 0.5973 -0.7630 0.2471
vn 0.7504 -0.4630 0.4717
vn 0.0324 -0.7678 0.6399
vn 0.6850 -0.6870 0.2425
vn 0.0379 -0.2282 0.9729
vn 0.6881 -0.4194 0.5922
vn 0.5445 -0.2119 0.8115
vn 0.6273 -0.4182 0.6570
vn -0.0688 -0.3044 0.9501
vn -0.0472 -0.6275 0.7772
vn 0.0688 -0.3044 0.9501
vn -0.6358 -0.4135 0.6517
vn 0.0472 -0.6275 0.7772
vn -0.0324 -0.7678 0.6399
vn -0.7577 -0.4581 0.4648
vn -0.6926 -0.6816 0.2361
vn -0.6041 -0.7603 0.2387
vn 0.1087 -0.9124 0.3945
vn 0.0201 -0.7292 0.6841
vn -0.6743 -0.6505 0.3497
vn -0.0842 -0.9940 -0.0705
vn -0.0421 -0.9719 0.2316
vn -0.0449 -0.9978 -0.0490
vn -0.6887 -0.6755 0.2636
vn -0.7048 -0.7093 -0.0059
vn -0.5499 -0.2107 0.8082
vn -0.6963 -0.4154 0.5853
vn -0.0380 -0.2281 0.9729
vn -0.9962 -0.0003 0.0872
vn -0.9664 0.1237 0.2252
vn -0.9907 0.1248 0.0548
vn -0.6580 0.4827 -0.5780
vn -0.4931 0.2474 -0.8340
vn -0.9964 -0.0109 -0.0843
vn -0.6388 -0.0704 -0.7661
vn -0.6674 -0.3874 -0.6360
vn -0.9786 0.1361 -0.1541
vn -0.9994 0.0227 0.0279
vn -0.7224 -0.2259 -0.6535
vn -0.9971 -0.0583 0.0492
vn -0.9939 0.1098 0.0138
vn -0.6418 0.7368 -0.2126
vn -0.4975 0.5749 -0.6497
vn -0.9994 -0.0301 0.0162
vn -0.7315 0.5734 -0.3688
vn -0.9950 -0.0855 -0.0518
vn -0.9971 -0.0529 0.0544
vn -0.9920 0.0865 -0.0922
vn -0.9911 0.0723 0.1120
vn -0.9572 -0.2128 0.1962
vn -0.9942 -0.0522 0.0941
vn -0.9865 -0.1600 0.0351
vn -0.9891 -0.0331 0.1437
vn -0.9887 0.0675 0.1338
vn -1.0000 0.0034 -0.0007
vn -0.9913 0.1314 0.0010
vn -0.9968 -0.0682 0.0409
vn -0.9934 -0.0508 -0.1025
vn -0.9990 0.0076 0.0431
vn -0.9788 -0.1872 0.0837
vn -0.9945 -0.0064 0.1043
vn -0.7080 0.1793 0.6831
vn -0.9995 0.0265 -0.0163
vn -0.9998 -0.0202 0.0092
vn -0.9938 0.0989 -0.0504
vn -0.7226 0.1470 0.6754
vn -0.7152 0.3251 0.6187
vn -0.6220 0.6025 0.5001
vn -0.4699 0.8642 0.1799
vn -0.9928 0.0762 0.0924
vn -0.5492 0.7850 -0.2866
vn -0.9643 0.1296 0.2311
vn -0.5230 0.8516 -0.0367
vn -0.5875 0.7376 -0.3328
vn -0.9994 -0.0319 0.0144
vn -0.9949 -0.0087 0.1009
vn -0.9702 -0.1627 -0.1797
vn -0.9615 -0.0331 -0.2727
vn -0.9155 -0.1734 -0.3630
vn -0.9942 -0.0510 0.0946
vn -0.9941 -0.0250 -0.1057
vn -0.9933 0.1065 -0.0460
vn -0.9910 -0.0267 -0.1309
vn -0.9956 -0.0728 0.0585
vn -0.9959 -0.0652 0.0630
vn -0.6398 -0.7681 0.0249
vn -0.6638 -0.6403 0.3865
vn -0.9873 -0.1257 -0.0971
vn -0.9959 -0.0288 -0.0856
vn -0.7224 -0.5386 0.4337
vn -0.9997 0.0172 -0.0188
vn -0.9941 0.1087 0.0024
vn -0.9639 0.2419 -0.1111
vn -0.9915 0.0687 -0.1109
vn -0.6350 -0.6279 0.4500
vn -0.6530 -0.2975 0.6964
vn -0.9927 -0.1170 0.0279
vn -0.9997 0.0169 -0.0180
vn -0.5727 -0.5143 0.6383
vn -0.9959 0.0858 0.0280
vn -0.4863 -0.0205 0.8735
vn -0.9891 0.0955 0.1121
vn -0.5122 -0.4580 0.7265
vn -0.9887 0.0624 0.1361
vn -0.9890 0.1318 0.0677
vn -1.0000 -0.0017 0.0018
vn -0.9968 -0.0524 -0.0604
vn -0.9906 0.1364 -0.0132
vn -0.9922 0.0745 0.1004
vn -0.9891 0.1468 -0.0095
vn -0.9973 -0.0319 -0.0661
vn -0.9979 -0.0426 -0.0480
vn -0.9979 -0.0161 -0.0621
vn -0.6627 -0.3810 -0.6447
vn -0.6691 -0.6241 -0.4036
vn -0.6986 -0.6059 -0.3804
vn -0.9998 -0.0099 0.0160
vn -0.9992 0.0124 -0.0379
vn -0.9975 -0.0443 0.0546
vn -0.6970 -0.5793 -0.4226
vn -0.5375 -0.7969 -0.2759
vn -0.7349 0.5261 0.4279
vn -0.0431 0.9150 0.4010
vn -0.5590 0.7961 0.2317
vn 0.0839 0.8503 0.5196
vn -0.5727 0.5366 0.6198
vn 0.1496 0.5972 0.7880
vn -0.1496 0.5973 0.7880
vn 0.5809 0.5292 0.6185
vn -0.0839 0.8503 0.5196
vn 0.7820 0.3627 0.5069
vn 0.0853 0.3955 0.9145
vn 0.7272 0.0457 0.6849
vn -0.1356 0.0175 0.9906
vn 0.5904 0.0651 0.8045
vn -0.0685 0.3855 0.9202
vn 0.5642 0.7931 0.2296
vn 0.0432 0.9150 0.4011
vn 0.7425 0.5196 0.4229
vn 0.0684 0.3855 0.9202
vn -0.5824 0.0701 0.8098
vn 0.1355 0.0175 0.9906
vn -0.7750 0.3681 0.5137
vn -0.7202 0.0509 0.6919
vn -0.0854 0.3955 0.9145
vn -0.5216 0.6712 -0.5267
vn -0.6964 0.6825 -0.2219
vn -0.0459 0.9625 -0.2674
vn 0.0253 0.7999 -0.5996
vn -0.4776 0.6731 -0.5646
vn 0.0035 0.9549 -0.2969
vn -0.0037 0.9549 -0.2969
vn 0.4828 0.6702 -0.5636
vn -0.0254 0.7999 -0.5996
vn 0.5273 0.6683 -0.5248
vn 0.0461 0.9625 -0.2672
vn 0.7045 0.6750 -0.2191
vn -0.6823 0.4668 -0.5626
vn -0.0488 0.2650 -0.9630
vn -0.5452 0.2498 -0.8002
vn 0.0060 0.2970 -0.9549
vn -0.6355 0.5228 -0.5681
vn 0.0270 0.6002 -0.7994
vn 0.6439 0.5201 -0.5612
vn -0.0058 0.2970 -0.9549
vn -0.0269 0.6001 -0.7995
vn 0.0485 0.2652 -0.9630
vn 0.6902 0.4633 -0.5559
vn 0.5502 0.2492 -0.7970
vn -0.8566 -0.5061 -0.1006
vn -0.9085 -0.4052 -0.1020
vn -0.7717 -0.5116 0.3779
vn -0.0828 -0.6483 0.7569
vn -0.7167 -0.2566 0.6485
vn 0.1411 -0.3178 0.9376
vn -0.5782 -0.3023 0.7578
vn 0.0713 -0.6449 0.7609
vn -0.1410 -0.3179 0.9376
vn -0.0713 -0.6449 0.7609
vn 0.5863 -0.2956 0.7543
vn 0.7240 -0.2497 0.6430
vn 0.0830 -0.6482 0.7569
vn 0.7788 -0.5047 0.3725
vn -0.1245 -0.9132 0.3879
vn 0.5979 -0.7551 0.2691
vn -0.0435 -0.7302 0.6818
vn 0.0436 -0.7302 0.6818
vn -0.5907 -0.7579 0.2771
vn 0.1245 -0.9133 0.3879
vn -0.0531 -0.9731 0.2243
vn -0.6653 -0.6498 0.3675
vn -0.1000 -0.9924 -0.0720
vn -0.6789 -0.6813 0.2739
vn -0.6964 -0.7176 0.0001
vn -0.0460 -0.9980 -0.0431
vn 0.6872 -0.6736 0.2720
vn 0.0461 -0.9980 -0.0433
vn 0.7045 -0.7097 -0.0002
vn 0.0998 -0.9924 -0.0720
vn 0.6726 -0.6417 0.3686
vn 0.0529 -0.9731 0.2244
vn -0.9900 0.1404 -0.0096
vn -0.9962 -0.0531 -0.0685
vn -0.9848 0.0266 -0.1718
vn -0.9887 0.0366 -0.1456
vn -0.9888 -0.0445 -0.1425
vn -1.0000 0.0015 -0.0010
vn -0.9887 0.1012 -0.1104
vn -0.9887 0.0351 -0.1460
vn -1.0000 -0.0001 -0.0014
vn -0.9718 0.0017 -0.2359
vn -0.9979 -0.0350 -0.0539
vn -0.9926 0.0850 -0.0868
vn -0.5776 0.2847 0.7650
vn -0.9994 -0.0031 -0.0347
vn -0.9960 -0.0893 -0.0062
vn -0.6360 0.4366 0.6362
vn -0.9890 0.1383 0.0516
vn -0.6603 0.0554 0.7489
vn -0.9950 0.0870 0.0491
vn -0.9791 0.1766 -0.1010
vn -0.9997 0.0206 0.0098
vn -0.9807 0.1640 0.1061
vn -0.9946 0.0762 -0.0702
vn -0.9799 0.1834 -0.0789
vn -0.4759 0.0666 0.8770
vn -0.9957 0.0005 0.0931
vn -0.4826 -0.3925 0.7829
vn -0.7054 -0.3588 -0.6113
vn -0.9995 -0.0228 0.0209
vn -0.9998 0.0152 -0.0146
vn -0.9983 0.0177 0.0549
vn -0.9732 0.1847 0.1372
vn -0.9930 0.1165 -0.0194
vn -0.9886 0.1433 -0.0472
vn -0.9887 0.1037 -0.1082
vn -1.0000 0.0024 0.0010
vn -0.9945 0.1013 -0.0253
vn -0.9794 0.0153 -0.2016
vn -0.9798 0.1714 -0.1027
vn -0.9988 0.0047 -0.0494
vn -0.9997 0.0090 0.0222
vn -0.9828 0.1771 -0.0522
vn -0.9968 -0.0122 0.0788
vn -0.9917 0.0507 -0.1180
vn -0.9885 0.1329 0.0723
vn -0.9902 0.0058 0.1398
vn -0.9821 -0.1282 0.1377
vn -0.9492 -0.0890 0.3019
vn -0.9969 -0.0220 -0.0759
vn -0.6992 0.6835 -0.2099
vn -0.5386 0.7043 -0.4625
vn -0.6284 0.4340 -0.6456
vn -0.4947 0.0321 -0.8684
vn -0.9869 0.1500 -0.0598
vn -0.9994 -0.0005 0.0342
vn -0.7245 0.2098 -0.6566
vn -0.9961 -0.0879 0.0062
vn -0.6492 -0.1906 -0.7364
vn -0.9889 -0.1248 -0.0800
vn -0.6717 0.1863 -0.7170
vn -0.9896 0.1028 0.1007
vn -0.4888 0.8724 -0.0019
vn -0.6693 0.6673 -0.3268
vn -0.6960 0.5480 0.4639
vn -0.5350 0.7913 0.2959
vn -0.9971 0.0533 -0.0546
vn -0.9994 -0.0214 0.0267
vn -0.7071 0.5522 0.4416
vn -0.9996 0.0073 -0.0274
vn -0.9923 -0.0810 -0.0934
vn -0.9584 -0.2611 -0.1156
vn -0.9873 -0.1577 0.0207
vn -0.9972 -0.0625 0.0403
vn -0.9799 0.0869 0.1795
vn -0.9816 -0.1050 0.1594
vn -0.9984 0.0473 0.0321
vn -0.9824 -0.1159 0.1468
vn -0.9944 0.0580 0.0884
vn -0.7163 0.6235 -0.3132
vn -0.9995 -0.0306 -0.0051
vn -0.9974 0.0157 0.0703
vn 0.2160 0.0997 0.9713
vn 0.2101 0.0977 0.9728
vn 0.2668 -0.0665 0.9614
vn 0.9936 -0.0874 0.0711
vn 0.7248 0.6048 0.3299
vn 0.7194 0.5235 0.4564
vn 0.6575 0.4145 0.6292
vn 0.6680 0.0796 0.7399
vn 0.9973 0.0675 0.0289
vn 0.6234 -0.5892 0.5141
vn 0.9884 -0.1511 0.0156
vn 0.6431 -0.2852 0.7107
vn 0.5730 0.0860 0.8150
vn 0.5655 -0.1129 0.8170
vn 0.9936 -0.1074 -0.0351
vn 0.5600 0.0262 0.8281
vn 0.9993 -0.0191 -0.0323
vn 0.9992 0.0339 -0.0213
vn 0.7172 0.5817 0.3837
vn 0.9992 -0.0406 -0.0064
vn 0.9990 -0.0027 -0.0452
vn 0.9969 -0.0715 -0.0343
vn 0.9746 -0.0086 -0.2238
vn 0.9921 -0.0015 -0.1257
vn 0.9934 -0.1123 0.0234
vn 0.9920 0.1261 0.0104
vn 0.9995 0.0078 0.0296
vn 0.9954 0.0957 -0.0089
vn 0.9802 0.1953 -0.0328
vn 0.9702 0.2126 -0.1158
vn 0.9883 -0.0427 -0.1467
vn 0.9768 -0.0666 -0.2037
vn 0.9897 0.0852 -0.1148
vn 0.9916 -0.0316 0.1253
vn 0.9929 0.0652 -0.0991
vn 0.9995 0.0273 0.0179
vn 0.9993 0.0324 -0.0186
vn 0.9895 0.0837 -0.1177
vn 0.9774 0.0246 -0.2098
vn 0.9831 0.1747 0.0554
vn 0.9850 -0.0776 -0.1543
vn 0.9981 0.0435 -0.0431
vn 0.9719 0.1173 0.2041
vn 0.9854 0.1443 0.0898
vn 0.9984 0.0565 0.0040
vn 0.9921 -0.1104 0.0589
vn 0.9725 -0.2093 -0.1024
vn 0.9884 -0.1397 -0.0602
vn 0.9994 -0.0326 0.0062
vn 0.7105 0.4369 -0.5517
vn 0.9996 0.0107 0.0262
vn 0.6538 0.7339 -0.1841
vn 0.9981 0.0615 -0.0104
vn 0.4953 0.6172 -0.6114
vn 0.9984 -0.0556 0.0090
vn 0.5802 0.7631 -0.2846
vn 0.9958 -0.0288 0.0874
vn 0.4870 0.8364 0.2514
vn 0.9919 0.0590 0.1129
vn 0.5134 0.8245 -0.2380
vn 0.7258 0.4499 -0.5204
vn 0.9940 -0.1052 -0.0311
vn 0.5663 0.3752 -0.7338
vn 0.9922 -0.0744 -0.0998
vn 0.6196 -0.2509 -0.7437
vn 0.6364 0.1666 -0.7532
vn 0.7094 -0.3511 -0.6111
vn 0.9969 -0.0514 0.0588
vn 0.7030 -0.5417 -0.4608
vn 0.9985 0.0142 0.0534
vn 0.7258 -0.4075 -0.5542
vn 0.9976 0.0686 0.0008
vn 0.9940 0.0149 0.1086
vn 0.9890 -0.1129 0.0958
vn 0.9943 -0.0854 0.0637
vn 0.9997 0.0238 -0.0009
vn 0.9987 0.0308 0.0415
vn 0.9982 -0.0319 0.0516
vn 0.9947 -0.0798 0.0651
vn 0.9897 -0.0652 0.1277
vn 0.9999 0.0037 0.0153
vn 0.9869 0.0758 -0.1424
vn 0.9852 -0.1588 0.0649
vn 0.9986 -0.0389 -0.0356
vn 0.9901 -0.0896 -0.1076
vn 0.9901 0.0307 0.1369
vn 0.9993 -0.0345 0.0171
vn 0.9939 0.0554 0.0954
vn 0.9770 0.1201 0.1763
vn 0.9670 0.2010 0.1569
vn 0.9957 0.0837 -0.0407
vn 0.9656 0.2243 0.1311
vn 0.9895 0.1245 0.0735
vn 0.9977 0.0670 -0.0084
vn 0.7378 -0.6415 0.2101
vn 0.9951 0.0360 -0.0925
vn 0.4832 -0.8436 -0.2342
vn 0.9895 -0.0661 -0.1287
vn 0.6738 -0.7149 0.1871
vn 0.6820 -0.7193 0.1322
vn 0.9949 0.0032 0.1005
vn 0.6744 -0.6651 0.3205
vn -0.7684 0.5177 0.3762
vn -0.0794 0.9201 0.3836
vn -0.5736 0.8072 0.1393
vn 0.0833 0.8503 0.5196
vn -0.5730 0.5355 0.6205
vn 0.1493 0.5975 0.7878
vn -0.0059 0.5849 0.8111
vn 0.6467 0.6667 0.3705
vn -0.0258 0.8218 0.5692
vn 0.6217 0.6785 0.3913
vn -0.0076 0.5780 0.8160
vn 0.6466 0.5391 0.5398
vn 0.7601 0.2926 0.5803
vn 0.0341 0.3850 0.9223
vn 0.6946 0.0183 0.7192
vn -0.1029 0.0956 0.9901
vn 0.6112 0.0124 0.7913
vn -0.0172 0.4322 0.9016
vn 0.0171 0.4322 0.9016
vn -0.6043 0.0189 0.7965
vn 0.1029 0.0957 0.9901
vn -0.7755 0.3648 0.5153
vn -0.7192 0.0474 0.6932
vn -0.0854 0.3944 0.9150
vn -0.4257 0.5006 -0.7538
vn 0.0937 0.2439 -0.9653
vn -0.4132 0.5725 -0.7082
vn 0.1252 0.2021 -0.9713
vn -0.4237 -0.2390 -0.8737
vn -0.4525 0.1718 -0.8751
vn -0.3938 0.4463 -0.8036
vn -0.3204 0.5874 -0.7432
vn -0.8278 0.5525 0.0971
vn -0.6315 -0.1679 0.7570
vn -0.6515 0.1776 0.7375
vn -0.9588 0.1798 0.2198
vn -0.9110 0.2685 0.3129
vn -0.8810 0.3225 0.3462
vn -0.6427 -0.0612 0.7637
vn -0.4289 0.6834 -0.5908
vn -0.6261 0.6882 -0.3666
vn 0.0130 0.9564 -0.2919
vn -0.7640 0.6348 -0.1153
vn -0.5580 0.8152 0.1554
vn -0.0540 0.9962 -0.0678
vn -0.6810 0.4675 -0.5636
vn -0.0474 0.2655 -0.9629
vn -0.5436 0.2519 -0.8006
vn 0.0473 0.2656 -0.9629
vn 0.6891 0.4638 -0.5568
vn 0.5488 0.2509 -0.7974
vn -0.6458 -0.7265 -0.2346
vn -0.1027 -0.9915 -0.0799
vn -0.7334 -0.6602 0.1621
vn 0.0692 -0.9202 0.3853
vn -0.5822 -0.8098 0.0723
vn 0.1357 -0.9906 0.0170
vn -0.7523 -0.5866 0.2999
vn -0.6872 -0.7260 0.0261
vn -0.0333 -0.9217 0.3864
vn -0.6384 -0.5450 0.5435
vn 0.0071 -0.8163 0.5776
vn -0.6122 -0.3943 0.6853
vn 0.0260 -0.5692 0.8218
vn -0.6379 -0.3754 0.6725
vn 0.0059 -0.8112 0.5847
vn -0.0059 -0.8112 0.5847
vn 0.6462 -0.3700 0.6674
vn -0.0260 -0.5692 0.8218
vn 0.6211 -0.3900 0.6798
vn -0.0071 -0.8163 0.5776
vn 0.6468 -0.5387 0.5399
vn 0.7596 -0.5800 0.2944
vn 0.0334 -0.9218 0.3863
vn 0.6947 -0.7190 0.0213
vn -0.1358 -0.9906 0.0171
vn 0.5902 -0.8044 0.0670
vn -0.0692 -0.9202 0.3854
vn 0.7404 -0.6518 0.1641
vn 0.1026 -0.9915 -0.0800
vn 0.6506 -0.7226 -0.2336
vn -0.0194 -0.2845 -0.9585
vn -0.0181 -0.1927 -0.9811
vn -0.0162 -0.2396 -0.9707
vn 0.0384 -0.2568 -0.9657
vn -0.0742 -0.2971 -0.9520
vn 0.0679 -0.3256 -0.9431
vn -0.1393 -0.2547 -0.9569
vn -0.1111 -0.3780 -0.9191
vn -0.0038 -0.2409 -0.9705
vn -0.1370 -0.6067 -0.7831
vn -0.1720 -0.4916 -0.8536
vn -0.1413 -0.6131 -0.7772
vn 0.1519 0.5115 -0.8457
vn 0.1220 -0.4018 -0.9076
vn 0.3444 -0.5445 -0.7648
vn 0.1406 -0.2933 -0.9456
vn 0.2897 0.5881 -0.7552
vn -0.0465 0.6125 -0.7891
vn -0.0241 -0.2575 -0.9660
vn 0.0362 -0.2200 -0.9748
vn -0.2015 0.6456 -0.7366
vn 0.0057 -0.2649 -0.9643
vn 0.0109 -0.2470 -0.9690
vn 0.0016 -0.2909 -0.9567
vn 0.0036 -0.2207 -0.9753
vn 0.1111 -0.3610 -0.9259
vn 0.1391 -0.2351 -0.9620
vn 0.1435 -0.6137 -0.7764
vn 0.1743 -0.4904 -0.8539
vn 0.1391 -0.6072 -0.7823
vn -0.0009 1.0000 -0.0021
vn 0.0137 0.9999 -0.0012
vn 0.3623 0.0151 -0.9320
vn 0.0585 -0.4304 -0.9007
vn 0.9943 0.0032 -0.1069
vn 0.3456 0.0373 -0.9376
vn 0.9917 -0.0172 -0.1271
vn 0.9173 0.2387 -0.3187
vn -0.3728 -0.3597 -0.8554
vn -0.9454 0.1384 0.2949
vn -0.9582 -0.1678 0.2318
vn 0.0341 -0.4262 -0.9040
vn 0.3340 0.0649 -0.9403
vn -0.9952 -0.0679 -0.0701
vn -0.8080 -0.1642 -0.5658
vn -0.7798 -0.1041 -0.6173
vn 0.3370 0.0081 -0.9415
vn -0.0035 0.7948 0.6069
vn 0.1035 0.8284 0.5505
vn -0.0744 0.5928 -0.8019
vn 0.5785 0.7537 0.3118
vn -0.3431 0.6659 -0.6624
vn 0.2979 0.7068 0.6416
vn -0.5942 0.6434 -0.4827
vn 0.5737 0.7816 0.2447
vn -0.6272 0.6873 -0.3664
vn 0.0035 0.7948 0.6069
vn 0.0744 0.5928 -0.8019
vn -0.1035 0.8284 0.5505
vn 0.2850 0.6106 -0.7389
vn -0.0042 0.7812 0.6242
vn 0.0062 0.6430 -0.7658
vn -0.2850 0.6106 -0.7389
vn -0.0062 0.6430 -0.7658
vn 0.0041 0.7812 0.6242
vn -0.2904 0.5824 -0.7593
vn -0.1403 -0.3001 -0.9435
vn 0.0471 0.6067 -0.7935
vn -0.1226 -0.4016 -0.9076
vn -0.1525 0.5117 -0.8455
vn -0.3449 -0.5444 -0.7646
vn -0.3462 -0.3176 -0.8828
vn -0.6994 0.6426 -0.3127
vn -0.8422 -0.5279 -0.1094
vn -0.7114 0.5739 -0.4057
vn -0.8954 -0.4394 -0.0719
vn -0.7556 -0.6501 0.0800
vn -0.6934 0.5690 -0.4420
vn -0.9169 -0.3958 -0.0504
vn -0.6729 0.5163 -0.5297
vn 0.7800 -0.1047 -0.6170
vn 0.8082 -0.1651 -0.5653
vn -0.3369 0.0078 -0.9415
vn -0.3339 0.0646 -0.9404
vn -0.0341 -0.4261 -0.9040
vn 0.9952 -0.0678 -0.0701
vn 0.9454 0.1383 0.2950
vn 0.3727 -0.3597 -0.8554
vn 0.9582 -0.1678 0.2317
vn 0.9169 -0.3958 -0.0504
vn 0.8838 0.2591 -0.3896
vn 0.6729 0.5163 -0.5297
vn 0.8954 -0.4394 -0.0719
vn 0.7114 0.5739 -0.4057
vn 0.7556 -0.6501 0.0800
vn 0.6994 0.6426 -0.3127
vn 0.3462 -0.3176 -0.8828
vn 0.8422 -0.5279 -0.1094
vn -0.0585 -0.4304 -0.9007
vn -0.3622 0.0150 -0.9320
vn -0.9404 -0.1336 -0.3128
vn -0.9295 -0.1483 -0.3376
vn -0.3425 0.0377 -0.9388
vn -0.9164 0.2380 -0.3219
vn -0.5737 0.7816 0.2447
vn 0.5942 0.6434 -0.4827
vn 0.8451 0.3958 -0.3595
vn 0.3431 0.6660 -0.6624
vn -0.5785 0.7537 0.3118
vn -0.2979 0.7068 0.6416
vn 0.7026 0.2940 -0.6480
vn 0.3786 0.0969 -0.9205
vn 0.9262 0.2641 -0.2690
vn 0.6340 0.2877 -0.7178
vn 0.8844 0.3028 -0.3551
vn 0.8155 0.5421 -0.2028
vn 0.6939 0.1068 0.7121
vn 0.7859 0.2268 0.5752
vn 0.6502 0.1451 0.7458
vn 0.7913 0.2208 0.5701
vn 0.6974 0.1040 0.7090
vn 0.9088 0.2200 -0.3546
vn 0.6530 0.3266 -0.6833
vn 0.7808 0.5433 0.3084
vn 0.8592 0.4548 0.2343
vn 0.8637 0.2639 -0.4293
vn 0.9713 -0.0486 -0.2329
vn 0.7660 0.2796 0.5789
vn 0.6185 0.3397 0.7085
vn 0.9961 0.0746 -0.0476
vn 0.5919 0.2480 0.7669
vn 0.7428 0.6264 0.2365
vn 0.8277 -0.0483 0.5591
vn 0.7940 -0.0214 0.6075
vn 0.6492 0.1998 0.7339
vn 0.4812 0.8437 0.2381
vn 0.2926 0.7552 0.5866
vn 0.2799 0.8233 0.4937
vn -0.0048 0.7896 0.6136
vn 0.1372 0.2318 0.9630
vn -0.0057 0.7875 0.6163
vn 0.1418 0.2496 0.9579
vn 0.1347 0.2282 0.9643
vn 0.1451 0.2345 0.9612
vn 0.1448 0.3698 0.9178
vn 0.1328 0.2544 0.9579
vn 0.0918 0.3172 0.9439
vn 0.1340 0.2458 0.9600
vn 0.2163 0.2519 0.9433
vn 0.0554 0.2406 0.9690
vn 0.0048 0.2544 0.9671
vn 0.0048 0.2348 0.9720
vn 0.0509 0.2430 0.9687
vn 0.0001 0.2364 0.9717
vn 0.1879 0.1896 0.9637
vn 0.1510 0.2266 0.9622
vn 0.1144 0.1414 0.9833
vn 0.1130 0.1310 0.9849
vn 0.0048 0.7896 0.6136
vn -0.2799 0.8233 0.4937
vn -0.1372 0.2318 0.9630
vn 0.0057 0.7875 0.6163
vn -0.1347 0.2282 0.9643
vn -0.1418 0.2496 0.9579
vn -0.1448 0.3698 0.9178
vn -0.1451 0.2345 0.9612
vn -0.1328 0.2544 0.9579
vn -0.1340 0.2458 0.9600
vn -0.0918 0.3172 0.9439
vn -0.2163 0.2519 0.9433
vn -0.0046 0.2348 0.9720
vn -0.0048 0.2544 0.9671
vn -0.0554 0.2406 0.9690
vn -0.0509 0.2430 0.9687
vn -0.1879 0.1896 0.9637
vn -0.1508 0.2269 0.9622
vn -0.1144 0.1441 0.9829
vn -0.1130 0.1338 0.9845
vn -0.8845 0.3024 -0.3553
vn -0.6341 0.2875 -0.7178
vn -0.8157 0.5415 -0.2035
vn -0.7021 0.2935 -0.6488
vn -0.9262 0.2626 -0.2706
vn -0.3773 0.0971 -0.9210
vn -0.7860 0.2276 0.5748
vn -0.6942 0.1082 0.7116
vn -0.6496 0.1473 0.7459
vn -0.6971 0.1060 0.7091
vn -0.7909 0.2221 0.5702
vn -0.9090 0.2198 -0.3542
vn -0.6537 0.3264 -0.6827
vn -0.8588 0.4553 0.2347
vn -0.7806 0.5431 0.3094
vn -0.8849 -0.1775 -0.4306
vn -0.8639 0.2644 -0.4286
vn -0.7653 0.2799 0.5797
vn -0.9640 -0.0620 -0.2585
vn -0.6186 0.3397 0.7085
vn -0.5919 0.2479 0.7669
vn -0.8277 -0.0483 0.5591
vn -0.7428 0.6264 0.2365
vn -0.7940 -0.0214 0.6075
vn -0.4812 0.8437 0.2381
vn -0.6492 0.1998 0.7339
vn -0.2926 0.7552 0.5866
vn 0.1576 0.9866 -0.0416
vn 0.5887 0.7968 0.1362
vn 0.5503 0.8299 0.0921
vn 0.8253 0.4308 0.3650
vn 0.5294 0.8398 0.1201
vn 0.5947 0.7989 0.0896
vn 0.7205 0.6855 0.1045
vn 0.9508 0.1876 0.2465
vn 0.9331 0.1645 0.3197
vn -0.9515 0.1944 0.2383
vn -0.7199 0.6853 0.1102
vn -0.9332 0.1647 0.3194
vn -0.5812 0.8020 0.1375
vn -0.8930 0.3505 0.2822
vn -0.6266 0.7651 0.1481
vn -0.6047 0.7829 0.1460
vn -0.1775 0.9839 -0.0218
vn -0.5696 0.8154 0.1036
vn -0.2737 0.9572 0.0939
vn 0.0061 0.9991 0.0424
vn -0.2318 0.9722 0.0338
vn -0.0102 0.9998 0.0197
vn -0.2699 0.9586 0.0906
vn 0.0018 0.9993 0.0374
vn -0.0009 0.9995 0.0311
vn 0.2795 0.9581 0.0627
vn 0.2292 0.9732 0.0174
vn -0.3003 0.5782 0.7587
vn -0.7678 0.3656 0.5260
vn -0.6993 0.1295 0.7030
vn 0.9638 -0.0156 0.2661
vn 0.9637 -0.0164 0.2667
vn 0.9642 -0.0371 0.2627
vn 0.9683 -0.0175 0.2490
vn 0.9730 -0.0151 0.2302
vn 0.9679 -0.0159 0.2510
vn 0.9696 0.0003 0.2446
vn 0.9650 -0.0074 0.2621
vn -0.0019 1.0000 -0.0016
vn 0.0226 0.9997 -0.0009
vn -0.6630 0.6484 0.3743
vn -0.6629 -0.0000 0.7487
vn 0.0277 0.8684 -0.4951
vn 0.5067 0.7057 -0.4952
vn 0.6015 0.6950 0.3938
vn 0.3773 0.8020 0.4630
vn 0.4835 0.7581 0.4377
vn -0.3218 0.8200 0.4734
vn -0.3217 0.8200 0.4734
vn 0.3231 -0.0661 0.9440
vn 0.0771 0.8522 0.5175
vn 0.5177 0.6641 0.5393
vn 0.1378 0.9139 -0.3819
vn 0.5276 0.5946 0.6067
vn 0.0888 0.7922 0.6038
vn 0.9056 -0.4242 0.0000
vn 0.3404 -0.9403 0.0005
vn 0.3404 -0.9403 0.0010
vn 0.3404 -0.9403 -0.0000
vn -0.9056 -0.4242 -0.0000
vn -0.3404 -0.9403 -0.0000
vn -0.3404 -0.9403 -0.0002
vn -0.3404 -0.9403 0.0006
vn -0.9709 -0.0020 0.2395
vn -0.9739 0.0003 0.2270
vn 0.9999 -0.0071 -0.0141
vn 0.9999 0.0113 -0.0113
vn 0.9999 0.0100 -0.0115
vn 0.9998 -0.0105 -0.0146
vn 0.9920 0.0536 -0.1147
vn 0.3500 0.4322 0.8311
vn 0.7207 0.6497 0.2418
vn 0.9585 -0.1783 0.2226
vn 0.9649 -0.1059 0.2404
vn 0.6530 -0.7444 -0.1394
vn 0.9707 -0.0875 0.2240
vn 0.9421 -0.2338 0.2403
vn 0.9006 -0.3910 0.1896
vn 0.9644 -0.0576 0.2582
vn 0.9648 -0.0191 0.2622
vn 0.9679 0.0030 0.2514
vn 0.5726 -0.7704 0.2803
vn -0.0834 -0.9964 -0.0127
vn -0.0546 -0.9985 -0.0058
vn -0.0329 -0.9994 -0.0128
vn 0.6189 -0.7788 0.1018
vn 0.6200 -0.7525 0.2221
vn 0.3983 -0.9151 0.0627
vn -0.0000 -1.0000 0.0004
vn 0.0000 -1.0000 0.0013
vn 0.0001 -1.0000 -0.0003
vn 0.0000 -1.0000 0.0005
vn 0.7070 -0.6847 0.1768
vn -0.0003 -1.0000 -0.0063
vn 0.3978 -0.9156 0.0591
vn -0.0050 -1.0000 -0.0001
vn 0.7063 -0.6870 0.1709
vn -0.0050 -1.0000 -0.0047
vn 0.9022 -0.3916 0.1805
vn 0.7117 -0.6837 0.1611
vn 0.3980 -0.9153 0.0612
vn 0.7636 -0.6346 0.1187
vn 0.9214 -0.3378 0.1919
vn 0.9518 -0.1803 0.2481
vn 0.0329 -0.9994 -0.0128
vn -0.6200 -0.7525 0.2221
vn -0.7946 -0.5876 0.1530
vn -0.5726 -0.7704 0.2803
vn 0.0546 -0.9985 -0.0058
vn 0.0834 -0.9964 -0.0127
vn -0.3983 -0.9151 0.0627
vn -0.0001 -1.0000 -0.0003
vn 0.0003 -1.0000 -0.0063
vn -0.7070 -0.6847 0.1768
vn -0.3978 -0.9156 0.0591
vn -0.7063 -0.6870 0.1709
vn 0.0050 -1.0000 -0.0001
vn 0.0050 -1.0000 -0.0047
vn -0.7117 -0.6837 0.1611
vn -0.9022 -0.3916 0.1805
vn -0.3980 -0.9153 0.0612
vn -0.9210 -0.3404 0.1893
vn -0.8071 -0.5902 -0.0135
vn -0.9391 -0.1977 0.2812
vn -0.9385 -0.2407 0.2476
vn -0.9670 -0.0935 0.2368
vn -0.8995 -0.3955 0.1859
vn -0.9681 -0.0636 0.2425
vn -0.9324 -0.1985 0.3022
vn -0.9671 -0.0217 0.2536
vn -0.9637 -0.0258 0.2656
vn -0.9697 -0.0318 0.2423
vn -0.9629 -0.0092 0.2697
vn -0.9743 -0.0637 0.2160
vn -0.7832 -0.6047 0.1447
vn -0.5879 -0.7164 0.3756
vn 0.9998 0.0000 0.0174
vn -0.0127 0.6849 0.7285
vn 0.0126 -0.6915 -0.7223
vn -0.0044 -0.9674 0.2531
vn -0.0175 -0.0000 0.9998
vn 0.9998 0.0000 0.0175
vn 0.0064 -0.9301 -0.3673
vn -0.9998 0.0000 -0.0174
vn -0.1369 0.0202 0.9904
vn -0.0773 0.0703 0.9945
vn -0.0437 0.1254 0.9911
vn 0.0071 0.0032 1.0000
vn -0.0689 -0.0282 0.9972
vn 0.0115 -0.0017 0.9999
vn 0.0062 -0.0087 0.9999
vn 0.0060 -0.0089 0.9999
vn 0.0114 -0.0019 0.9999
vn 0.3084 -0.3748 0.8743
vn -0.3384 0.0290 0.9406
vn -0.3896 -0.0859 0.9170
vn 0.7207 -0.1050 -0.6853
vn 0.9997 -0.0135 0.0189
vn 0.9994 -0.0266 0.0216
vn 0.6512 0.1137 0.7503
vn 0.9963 0.0430 0.0739
vn 0.9961 0.0507 0.0723
vn -0.9036 0.3876 0.1824
vn -0.6237 0.0027 0.7817
vn -0.5780 0.1118 0.8083
vn -0.8022 -0.2150 0.5569
vn -0.9898 0.0504 -0.1336
vn -0.9877 -0.0468 -0.1493
vn -0.9996 -0.0289 0.0031
vn -0.7063 0.0251 0.7075
vn -0.7064 0.0085 0.7077
vn 0.6340 0.0157 0.7732
vn -0.0975 -0.0175 0.9951
vn -0.0975 -0.0070 0.9952
vn 0.1533 0.0600 0.9864
vn 0.8058 0.0574 0.5894
vn 0.8056 0.0510 0.5902
vn 0.7742 -0.2670 -0.5738
vn 0.9951 0.0435 0.0887
vn 0.9914 -0.0621 0.1148
vn 0.6374 0.1472 -0.7564
vn 0.6433 0.1294 -0.7546
vn 0.1829 -0.3490 -0.9191
vn -0.3525 0.3540 -0.8663
vn 0.3408 0.0591 -0.9383
vn 0.2872 -0.0562 -0.9562
vn -0.9973 0.0467 0.0564
vn -0.9976 0.0387 0.0581
vn -0.6636 0.1108 0.7398
vn -0.9996 -0.0241 -0.0148
vn -0.6962 -0.1086 -0.7096
vn -0.9993 -0.0354 -0.0124
vn 0.9102 0.3064 0.2786
vn 0.4845 0.1035 0.8686
vn 0.5116 0.0075 0.8592
vn 0.0536 -0.0434 0.9976
vn -0.6627 -0.1055 0.7414
vn 0.0548 -0.0503 0.9972
vn 0.9887 0.0680 -0.1334
vn 0.8060 -0.1955 0.5588
vn 0.9886 -0.0300 -0.1478
vn -0.2924 0.2927 -0.9104
vn 0.4337 0.0901 -0.8965
vn 0.4107 -0.0081 -0.9117
vn -0.7084 0.2949 0.6412
vn -0.9959 0.0878 -0.0232
vn -0.9999 -0.0136 0.0051
vn -0.8070 -0.0830 -0.5846
vn -0.1570 -0.0870 -0.9838
vn -0.8069 -0.0753 -0.5859
vn -0.0737 -0.0014 0.9973
vn -0.6751 -0.3318 0.6589
vn -0.0381 -0.1060 0.9936
vn 0.9133 0.0155 -0.4071
vn 0.9092 -0.2985 0.2902
vn 0.8974 -0.0881 -0.4324
vn 0.9032 0.3177 0.2888
vn 0.4786 0.0951 0.8728
vn 0.5100 -0.0056 0.8602
vn -0.0737 -0.9012 -0.4271
vn 0.0000 -0.9292 -0.3695
vn 0.0000 0.9368 -0.3499
vn 0.0732 0.9099 -0.4083
vn 0.8470 -0.2482 0.4701
vn 0.7727 0.2963 -0.5613
vn -0.8470 -0.2482 0.4701
vn -0.7727 0.2963 -0.5613
vn 0.0000 -0.9623 -0.2718
vn 0.0000 0.9743 -0.2252
vn -0.0737 -0.9012 -0.4272
vn -0.4271 -0.9012 0.0737
vn -0.3695 -0.9292 0.0000
vn 0.4701 -0.2482 -0.8470
vn -0.5613 0.2963 -0.7727
vn 0.4701 -0.2482 0.8470
vn -0.5613 0.2963 0.7727
vn -0.2718 -0.9623 0.0000
vn -0.5613 0.2963 -0.7728
vn -0.5613 0.2963 0.7728
vn -0.2252 0.9743 0.0000
vn 0.3695 -0.9292 0.0000
vn 0.4271 -0.9012 0.0737
vn 0.5613 0.2963 -0.7728
vn -0.4701 -0.2482 -0.8470
vn 0.5613 0.2963 0.7727
vn -0.4701 -0.2482 0.8470
vn 0.2718 -0.9623 0.0000
vn 0.5613 0.2963 0.7728
vn 0.5613 0.2963 -0.7727
vn -0.9934 0.0607 0.0977
vn -0.9943 0.0699 0.0806
vn -0.7240 0.0582 0.6873
vn -0.9893 0.0548 0.1349
vn -0.6979 0.0589 0.7138
vn -0.7169 0.0585 0.6948
vn -0.7177 0.0300 -0.6957
vn -0.9817 0.0483 -0.1840
vn -0.7216 0.0301 -0.6916
vn -0.9848 0.0553 -0.1644
vn -0.7314 0.0301 -0.6813
vn -0.9839 0.0631 -0.1674
vn 0.8820 -0.4501 -0.1394
vn 0.1688 0.8358 -0.5225
vn 0.6131 -0.5306 -0.5854
vn 0.2075 0.8381 -0.5045
vn 0.8696 -0.4819 -0.1073
vn 0.4825 0.8737 -0.0620
vn 0.4187 -0.7286 -0.5420
vn 0.0000 -0.9977 0.0675
vn 0.7013 -0.7116 -0.0427
vn -0.1526 -0.9791 0.1342
vn 0.2509 -0.8157 -0.5213
vn 0.1708 -0.8494 0.4994
vn 0.1127 -0.9509 -0.2884
vn 0.4200 0.9074 -0.0164
vn -0.3295 0.9342 0.1366
vn 0.0876 0.8466 -0.5249
vn 0.2513 0.8958 -0.3666
vn -0.1696 0.9397 0.2969
vn 0.2348 0.4925 -0.8381
vn -0.4736 -0.2483 -0.8450
vn 0.6660 -0.7435 0.0606
vn 0.4189 -0.9079 -0.0143
vn 0.9327 -0.3606 -0.0106
vn 0.9215 -0.3763 -0.0965
vn 0.9395 -0.3074 -0.1513
vn 0.7970 -0.5864 0.1447
vn 0.8169 -0.5227 0.2437
vn 0.0810 0.7024 0.7071
vn 0.0294 0.7065 0.7071
vn 0.8196 0.5598 -0.1219
vn 0.9988 0.0000 -0.0488
vn -0.0047 0.0014 1.0000
vn -0.0005 0.0000 1.0000
vn -0.0029 0.0008 1.0000
vn -0.0004 0.0001 1.0000
vn 0.0001 0.0000 1.0000
vn -0.0030 0.0010 1.0000
vn -0.0001 0.0003 1.0000
vn -0.0554 -0.9973 0.0490
vn -0.0003 0.5172 0.8559
vn 0.0000 0.5159 0.8567
vn 0.0000 0.5754 0.8179
vn 0.9280 -0.3129 -0.2020
vn 0.9345 -0.2936 -0.2013
vn 0.9225 -0.3281 -0.2034
vn 0.8982 0.4188 -0.1337
vn 0.9010 0.4121 -0.1356
vn 0.8938 0.4291 -0.1300
vn -0.9754 -0.0142 0.2199
vn -0.9794 -0.0182 0.2013
vn -0.9726 -0.0033 0.2323
vn -0.9271 0.0816 0.3657
vn -0.9205 0.0910 0.3799
vn -0.9303 0.0777 0.3585
vn 0.1828 0.0223 -0.9829
vn 0.1843 0.0211 -0.9826
vn 0.1816 0.0225 -0.9831
vn 0.0133 0.0941 -0.9955
vn 0.0117 0.0950 -0.9954
vn 0.0147 0.0935 -0.9955
vn -0.2712 0.9430 -0.1929
vn -0.2709 0.9431 -0.1928
vn -0.2706 0.9432 -0.1926
vn -0.9353 0.3329 0.1198
vn -0.9457 0.3217 0.0472
vn -0.9611 0.2742 0.0320
vn -0.9631 0.2493 0.1019
vn -0.9670 0.2402 0.0854
vn 0.9258 0.0181 0.3776
vn 0.9966 -0.0821 0.0000
vn 0.8275 0.3166 0.4636
vn 0.9196 0.0065 0.3929
vn 0.8443 0.3151 0.4334
vn 0.8007 0.5951 0.0683
vn 0.8185 0.3873 0.4244
vn 0.7849 0.4551 0.4204
vn -0.9991 0.0176 -0.0398
vn -0.8559 0.0055 -0.5170
vn -0.8576 0.0211 -0.5138
vn -0.9635 0.2643 0.0423
vn -0.9658 0.2548 0.0472
vn -0.7861 0.3562 0.5052
vn 0.9959 0.0181 0.0892
vn 0.9125 0.1031 -0.3958
vn 0.9130 0.1110 -0.3925
vn 0.9161 0.1812 -0.3576
vn 0.9163 0.1652 -0.3648
vn 0.6038 0.2821 -0.7456
vn -0.0862 0.0655 -0.9941
vn 0.4076 0.0789 -0.9097
vn 0.4057 0.0869 -0.9099
vn -0.0477 0.1968 -0.9793
vn -0.0540 0.1818 -0.9819
vn -0.5154 0.2937 -0.8051
vn -0.2433 0.0055 0.9699
vn -0.6725 0.1050 0.7326
vn -0.6768 0.0925 0.7303
vn 0.2470 0.1540 0.9567
vn 0.6379 0.3370 0.6925
vn 0.6123 0.3725 0.6974
vn 0.3498 0.1818 0.9190
vn 0.3657 0.1581 0.9172
vn 0.7196 0.3326 0.6096
vn -0.9959 0.0181 0.0892
vn -0.9130 0.1110 -0.3925
vn -0.9125 0.1031 -0.3958
vn -0.6038 0.2821 -0.7455
vn -0.9163 0.1652 -0.3648
vn -0.9161 0.1812 -0.3576
vn -0.4076 0.0789 -0.9097
vn 0.0862 0.0655 -0.9941
vn -0.4057 0.0869 -0.9099
vn 0.5156 0.2935 -0.8049
vn 0.0542 0.1820 -0.9818
vn 0.0479 0.1971 -0.9792
vn 0.8560 0.0051 -0.5170
vn 0.9991 0.0174 -0.0398
vn 0.8576 0.0208 -0.5138
vn 0.7866 0.3566 0.5040
vn 0.9661 0.2541 0.0460
vn 0.9638 0.2633 0.0412
vn -0.8400 0.5094 -0.1866
vn -0.8363 0.5159 -0.1856
vn -0.8306 0.5259 -0.1830
vn 0.9794 -0.0182 0.2014
vn 0.9754 -0.0142 0.2199
vn 0.9726 -0.0033 0.2323
vn 0.9575 0.0312 0.2867
vn 0.9621 0.0217 0.2718
vn 0.9642 0.0171 0.2647
vn -0.8439 0.1408 0.5177
vn -0.8579 0.1276 0.4978
vn -0.8535 0.1315 0.5043
vn -0.9425 0.0172 0.3339
vn -0.9482 0.0093 0.3176
vn -0.9374 0.0260 0.3473
vn 0.2709 0.9431 -0.1928
vn 0.2713 0.9430 -0.1929
vn 0.2706 0.9432 -0.1926
vn 0.9611 0.2742 0.0320
vn 0.9670 0.2402 0.0854
vn 0.9631 0.2493 0.1019
vn 0.9457 0.3217 0.0472
vn 0.9353 0.3329 0.1198
vn -0.8185 0.3873 0.4244
vn -0.8007 0.5951 0.0683
vn -0.7849 0.4551 0.4204
vn -0.9196 0.0065 0.3929
vn -0.8275 0.3166 0.4636
vn -0.8443 0.3151 0.4334
vn -0.9966 -0.0821 0.0000
vn -0.9258 0.0181 0.3776
vn 0.2596 -0.2722 -0.9265
vn -0.2075 0.8381 -0.5045
vn -0.4825 0.8737 -0.0620
vn -0.8696 -0.4819 -0.1073
vn -0.1688 0.8358 -0.5225
vn -0.8820 -0.4501 -0.1394
vn -0.6131 -0.5306 -0.5854
vn -0.8348 -0.4224 -0.3531
vn -0.6812 -0.7318 0.0212
vn -0.9462 -0.2943 -0.1343
vn -0.5773 -0.8154 0.0426
vn -0.2089 -0.9673 0.1440
vn -0.6594 -0.7516 0.0170
vn -0.1638 -0.9358 -0.3121
vn 0.0002 -0.9555 -0.2950
vn -0.2215 -0.9198 -0.3239
vn -0.1660 -0.9477 -0.2727
vn -0.0042 -0.9701 -0.2425
vn -0.0056 0.2300 -0.9732
vn 0.0158 0.1565 -0.9876
vn -0.0059 0.2413 -0.9704
vn 0.0175 0.1579 -0.9873
vn -0.0038 0.2515 -0.9678
vn -0.2096 -0.0221 -0.9775
vn -0.5662 -0.0713 -0.8212
vn -0.3083 0.0470 -0.9501
vn -0.2548 0.0242 -0.9667
vn 0.1681 0.7101 0.6837
vn 0.2188 0.3492 0.9111
vn 0.1376 0.6918 0.7088
vn -0.1708 -0.8494 0.4994
vn -0.1127 -0.9509 -0.2884
vn -0.2509 -0.8157 -0.5213
vn 0.1526 -0.9791 0.1342
vn -0.4187 -0.7286 -0.5420
vn -0.7012 -0.7116 -0.0430
vn -0.2513 0.8958 -0.3666
vn 0.1696 0.9397 0.2969
vn -0.4200 0.9074 -0.0164
vn -0.0876 0.8466 -0.5249
vn 0.3295 0.9342 0.1366
vn -0.2877 0.9227 0.2565
vn -0.2925 0.9274 0.2331
vn -0.0104 0.9687 0.2480
vn -0.2625 0.9429 0.2049
vn -0.8124 0.4938 -0.3100
vn -0.2877 0.9148 0.2836
vn -0.5816 0.8044 0.1210
vn -0.8087 0.4834 -0.3352
vn -0.5925 0.8002 0.0931
vn -0.6600 -0.0000 -0.7512
vn 0.9591 0.2804 -0.0384
vn 0.8761 -0.3321 -0.3495
vn 0.8895 -0.2232 -0.3988
vn 0.8645 -0.3555 -0.3552
vn 0.8678 -0.4759 -0.1432
vn 0.8480 -0.4842 -0.2155
vn 0.8536 -0.4234 -0.3035
vn 0.0081 0.8391 -0.5440
vn -0.0881 0.9454 -0.3138
vn 0.0495 0.9488 -0.3119
vn 0.1147 0.6261 -0.7713
vn 0.0825 0.7533 -0.6525
vn 0.0717 0.7757 -0.6271
vn 0.2347 0.7441 -0.6255
vn 0.1987 0.6266 -0.7536
vn 0.1979 0.6266 -0.7538
vn 0.9236 -0.1639 0.3464
vn 0.9167 -0.3189 0.2408
vn 0.9957 -0.0284 -0.0878
vn 0.8180 -0.3149 0.4813
vn 0.7885 -0.3741 0.4882
vn 0.7975 -0.2091 0.5660
vn 0.8535 -0.3047 0.4228
vn 0.8643 -0.4092 0.2924
vn 0.8230 -0.3663 0.4341
vn 0.8127 0.5709 0.1165
vn 0.7955 0.6025 -0.0638
vn 0.8296 0.5578 -0.0237
vn 0.9168 0.3189 0.2403
vn 0.9237 0.1644 0.3460
vn 0.9957 0.0281 -0.0880
vn 0.8701 0.3828 0.3105
vn 0.8240 0.3205 0.4672
vn 0.8267 0.4345 0.3574
vn 0.8139 0.2758 0.5113
vn 0.8562 0.3699 0.3606
vn 0.8560 0.2553 0.4496
vn 0.7818 0.2407 -0.5752
vn 0.8254 0.2338 -0.5139
vn 0.8234 0.3578 -0.4405
vn 0.8737 0.3674 -0.3188
vn 0.8884 0.4317 -0.1563
vn 0.8512 0.4819 -0.2080
vn 0.2175 -0.9757 0.0282
vn 0.2028 -0.9415 -0.2691
vn 0.1924 -0.9448 -0.2652
vn -0.3342 -0.9308 0.1477
vn -0.3028 -0.8507 0.4298
vn -0.2954 -0.8548 0.4267
vn 0.3242 -0.3096 0.8939
vn 0.3239 -0.3099 0.8939
vn 0.3880 -0.5499 0.7396
vn 0.1801 -0.2743 -0.9446
vn 0.1604 -0.2756 -0.9478
vn 0.1245 -0.5548 -0.8226
vn -0.2425 -0.5131 -0.8233
vn -0.2380 -0.7402 -0.6289
vn -0.2248 -0.7389 -0.6352
vn 0.1974 0.9763 -0.0886
vn 0.0841 0.9789 0.1863
vn 0.0951 0.9762 0.1949
vn -0.2675 0.7175 -0.6432
vn -0.1351 0.5408 -0.8302
vn -0.1469 0.5285 -0.8361
vn -0.1187 0.5893 -0.7992
vn -0.0925 0.6178 -0.7808
vn 0.0845 0.4016 -0.9119
vn -0.2637 0.2176 0.9398
vn -0.3008 -0.0725 0.9509
vn -0.2716 0.2216 0.9366
vn 0.2015 0.7081 0.6767
vn 0.1324 0.4858 0.8640
vn 0.1352 0.4841 0.8645
vn -0.1262 0.9626 0.2398
vn -0.1297 0.9628 0.2371
vn -0.2093 0.8433 0.4950
vn 0.5112 0.4373 -0.7399
vn 0.3121 0.1210 -0.9423
vn 0.6178 0.1468 -0.7725
vn 0.5244 0.1675 -0.8348
vn 0.6410 0.2438 -0.7277
vn 0.4349 0.4731 -0.7662
vn 0.0196 0.0659 -0.9976
vn 0.0030 0.1356 -0.9908
vn -0.5112 0.4370 -0.7401
vn 0.0070 0.1689 -0.9856
vn -0.0011 0.1614 -0.9869
vn 0.2008 0.1745 -0.9640
vn -0.0036 0.1147 -0.9934
vn 0.2056 0.1209 -0.9711
vn 0.0012 0.1077 -0.9942
vn 0.0132 0.3303 -0.9438
vn -0.0037 0.1406 -0.9901
vn 0.5115 0.4402 -0.7379
vn -0.0203 0.0673 -0.9975
vn -0.0037 0.1370 -0.9906
vn -0.0163 0.0651 -0.9977
vn 0.0016 0.0724 -0.9974
vn -0.0018 0.0843 -0.9964
vn -0.3122 0.1207 -0.9423
vn -0.5113 0.4370 -0.7400
vn -0.6179 0.1465 -0.7725
vn -0.5236 0.1674 -0.8354
vn -0.4342 0.4730 -0.7666
vn -0.6405 0.2438 -0.7282
vn -0.0011 0.0737 -0.9973
vn 0.0002 0.0788 -0.9969
vn 0.3124 0.1193 -0.9424
vn -0.0009 0.0719 -0.9974
vn 0.0012 0.0881 -0.9961
vn -0.0010 0.0815 -0.9967
vn 0.0004 0.0884 -0.9961
vn 0.0051 0.0613 -0.9981
vn -0.0002 0.0671 -0.9977
vn -0.0004 0.0669 -0.9978
vn -0.3125 0.1217 -0.9421
vn 0.0007 0.0746 -0.9972
vn 0.0014 0.0852 -0.9964
vn -0.3126 0.1212 -0.9421
vn 0.0013 0.0847 -0.9964
vn -0.0021 0.0728 -0.9973
vn 0.0156 0.0651 -0.9978
vn -0.3128 0.1208 -0.9421
vn -0.0023 0.0724 -0.9974
vn -0.5120 0.4372 -0.7394
vn -0.3132 0.1207 -0.9420
vn 0.0151 0.0649 -0.9978
vn 0.0153 0.0645 -0.9978
vn 0.0193 0.0666 -0.9976
vn -0.5114 0.4375 -0.7396
vn 0.2601 -0.8958 -0.3603
vn 0.7383 -0.4263 -0.5226
vn 0.2727 -0.9071 -0.3206
vn 0.4517 -0.4292 -0.7822
vn 0.8826 -0.0088 -0.4701
vn 0.4401 -0.4228 -0.7922
vn 0.5255 0.1864 -0.8301
vn 0.8801 0.0013 -0.4749
vn 0.2864 0.8015 -0.5249
vn 0.2594 0.5379 -0.8021
vn 0.2018 0.4882 -0.8491
vn -0.5114 0.4283 -0.7450
vn 0.0036 0.2584 -0.9660
vn -0.5036 0.2987 -0.8106
vn 0.8355 0.2366 -0.4960
vn 0.5169 0.3110 -0.7976
vn 0.5239 0.4446 -0.7265
vn 0.9043 0.2247 -0.3631
vn 0.8863 0.0017 -0.4631
vn 0.6576 0.4590 -0.5974
vn 0.2596 -0.8959 -0.3606
vn 0.0000 -1.0000 0.0001
vn -0.1536 -0.9447 -0.2897
vn 0.0000 -0.0003 -1.0000
vn -0.4555 -0.4253 -0.7821
vn -0.5212 -0.0037 -0.8534
vn -0.8360 0.2292 -0.4985
vn -0.5233 0.4384 -0.7307
vn -0.5167 0.3030 -0.8007
vn 0.0000 -0.0002 -1.0000
vn 0.1917 -0.5930 -0.7821
vn -0.1744 -0.4010 -0.8993
vn 0.2682 -0.8907 -0.3669
vn -0.0085 -0.4371 -0.8994
vn -0.0999 -0.4501 -0.8874
vn 0.2667 -0.8937 -0.3609
vn 0.0544 -0.9440 -0.3255
vn -0.7393 -0.4267 -0.5210
vn -0.2603 -0.8958 -0.3602
vn -0.2733 -0.9071 -0.3200
vn -0.2593 -0.8954 -0.3619
vn -0.7383 -0.4275 -0.5217
vn -0.4540 -0.4289 -0.7810
vn -0.8825 -0.0088 -0.4701
vn -0.4516 -0.4292 -0.7822
vn -0.7383 -0.4263 -0.5227
vn -0.5258 0.1860 -0.8300
vn -0.4403 -0.4230 -0.7920
vn -0.8802 0.0011 -0.4745
vn -0.9041 0.2251 -0.3633
vn -0.6569 0.4578 -0.5991
vn -0.8866 0.0017 -0.4624
vn -0.1664 -0.9861 0.0000
vn 0.1664 -0.9861 0.0000
vn 0.0000 -0.6915 -0.7224
vn 0.0000 -0.9301 -0.3674
vn 0.4881 -0.8728 -0.0000
vn 0.8520 -0.5236 0.0000
vn -0.9880 -0.0841 -0.1293
vn -0.9943 -0.0838 -0.0664
vn -0.9858 -0.0952 -0.1382
vn -0.9883 -0.0842 -0.1274
vn -0.9949 -0.0831 -0.0574
vn -0.9944 -0.0833 -0.0644
vn -0.9947 -0.1022 0.0103
vn -0.9973 -0.0736 -0.0052
vn -0.9916 -0.0767 -0.1037
vn -0.9905 -0.1055 -0.0879
vn -0.9916 -0.0840 -0.0988
vn -0.9868 -0.1472 -0.0683
vn -0.9893 -0.1339 -0.0573
vn -0.9857 -0.1351 -0.1004
vn -0.9990 0.0200 -0.0398
vn -0.9987 0.0069 -0.0503
vn -0.9984 0.0007 -0.0563
vn -0.9970 0.0020 -0.0775
vn -0.9970 0.0017 -0.0778
vn -0.9918 -0.0543 -0.1159
vn -0.9918 -0.0540 -0.1157
vn 0.2538 -0.0272 0.9669
vn -0.5128 0.4254 0.7457
vn 0.0480 0.0151 0.9987
vn 0.0603 -0.0175 0.9980
vn -0.5544 0.2787 0.7842
vn -0.8962 0.4288 0.1138
vn -0.5734 0.2761 0.7714
vn -0.4763 0.4895 -0.7304
vn -0.8002 0.5983 -0.0416
vn -0.7912 0.6104 -0.0375
vn -0.2877 0.0786 -0.9545
vn -0.2766 0.0466 -0.9599
vn 0.3214 -0.3935 -0.8613
vn 0.5617 -0.4814 -0.6728
vn 0.5751 -0.4651 -0.6730
vn 0.0117 -0.0889 -0.9960
vn 0.9999 -0.0104 0.0061
vn 0.9999 0.0104 -0.0061
vn 0.0045 -1.0000 -0.0053
vn -0.0044 -1.0000 0.0023
vn -0.0044 1.0000 -0.0023
vn 0.0045 1.0000 0.0053
vn -0.0363 0.9993 0.0000
vn 0.0025 1.0000 -0.0013
vn -0.0361 0.9993 0.0000
vn -0.0305 0.9995 -0.0002
vn 0.0037 1.0000 -0.0020
vn 0.0382 0.9993 -0.0000
vn 0.0007 1.0000 0.0004
vn 0.0363 0.9993 0.0000
vn 0.0053 1.0000 0.0025
vn 0.0407 0.9992 -0.0001
vn 0.0305 0.9995 0.0002
vn -0.0037 1.0000 0.0020
vn -0.0025 1.0000 0.0013
vn 0.0361 0.9993 -0.0000
vn 0.0407 0.9992 -0.0002
vn 0.0001 0.9973 0.0732
vn 0.0362 0.9968 0.0711
vn 0.0000 0.9974 0.0723
vn -0.0362 0.9968 0.0711
vn -0.0007 1.0000 -0.0004
vn 0.0000 0.9975 0.0712
vn 0.8720 0.4894 -0.0056
vn 0.8711 0.4909 0.0145
vn 0.2833 0.9588 0.0213
vn 0.1936 0.9791 0.0623
vn 0.2147 0.9758 -0.0403
vn 0.8118 0.5632 0.1545
vn 0.2975 0.9543 0.0288
vn 0.3174 0.9444 0.0859
vn 0.7919 0.5157 -0.3269
vn 0.9093 0.4153 -0.0255
vn 0.8765 0.4390 -0.1975
vn 0.3557 0.9341 0.0305
vn 0.1966 0.9805 -0.0073
vn -0.0053 1.0000 -0.0025
vn -0.0407 0.9992 0.0001
vn -0.0382 0.9993 0.0000
vn 0.9149 0.4023 -0.0333
vn 0.8836 0.4279 -0.1901
vn 0.3717 0.9265 0.0582
vn 0.2828 0.9592 -0.0000
vn 0.2891 0.9573 -0.0000
vn 0.8710 0.4913 0.0000
vn 0.0362 0.9968 -0.0711
vn -0.0000 0.9975 -0.0712
vn -0.0000 0.9974 -0.0723
vn -0.0362 0.9968 -0.0711
vn -0.0001 0.9973 -0.0732
vn 0.8707 0.4906 -0.0350
vn 0.2822 0.9569 -0.0683
vn -0.2891 0.9573 -0.0000
vn -0.8707 0.4906 -0.0350
vn -0.2822 0.9569 -0.0683
vn -0.8014 0.5858 -0.1208
vn -0.8115 0.5843 -0.0048
vn -0.2117 0.9693 0.1251
vn -0.2763 0.9602 0.0400
vn -0.7587 0.5802 -0.2960
vn -0.2812 0.9572 0.0690
vn -0.3657 0.9307 -0.0027
vn -0.8828 0.4467 0.1455
vn -0.3532 0.9337 -0.0582
vn -0.8129 0.5717 -0.1115
vn -0.8219 0.5673 0.0517
vn -0.2229 0.9668 0.1249
vn -0.8707 0.4906 0.0345
vn -0.8710 0.4896 0.0406
vn -0.8710 0.4894 -0.0427
vn -0.8710 0.4873 0.0625
vn -0.8710 0.4871 0.0638
vn -0.8710 0.4895 0.0423
vn -0.8710 0.4908 -0.0208
vn -0.8710 0.4770 -0.1177
vn -0.8710 0.4912 -0.0108
vn -0.8707 0.4916 -0.0162
vn -0.8149 0.5625 -0.1395
vn -0.8297 0.5561 0.0485
vn -0.2431 0.9609 0.1326
vn -0.3502 0.9263 0.1393
vn -0.6489 0.6393 -0.4127
vn -0.3406 0.9369 0.0790
vn -0.1151 0.2035 -0.9723
vn -0.9527 -0.1058 -0.2849
vn -0.9437 -0.0281 -0.3297
vn -0.9460 -0.0554 -0.3195
vn -0.9069 0.1208 -0.4037
vn -0.8905 0.1778 -0.4188
vn -0.9203 0.0764 -0.3838
vn -0.9925 -0.0099 -0.1217
vn -0.9934 -0.0181 -0.1136
vn -0.9924 -0.0091 -0.1225
vn -0.9913 -0.0000 -0.1314
vn -0.9277 0.1742 -0.3301
vn -0.9278 0.1737 -0.3301
vn 0.0001 0.0000 -1.0000
vn 0.0044 0.0579 -0.9983
vn 0.1151 0.2035 -0.9723
vn 0.8905 0.1778 -0.4188
vn 0.9069 0.1208 -0.4038
vn 0.9202 0.0764 -0.3838
vn 0.9527 -0.1057 -0.2849
vn 0.9460 -0.0554 -0.3195
vn 0.9437 -0.0281 -0.3297
vn -0.0001 0.0058 -1.0000
vn -0.0000 0.0078 -1.0000
vn 0.9924 -0.0091 -0.1225
vn 0.9925 -0.0099 -0.1217
vn 0.9913 -0.0000 -0.1314
vn 0.9934 -0.0181 -0.1136
vn 0.0000 0.0001 -1.0000
vn 0.0000 -0.9857 -0.1687
vn 0.0004 -0.9855 -0.1695
vn 0.0005 -0.9855 -0.1699
vn 0.0000 -0.9855 -0.1695
vn -0.0000 -0.9848 -0.1734
vn -0.0001 -0.9849 -0.1730
vn 0.0000 -0.9846 -0.1749
vn -0.0725 -0.9664 -0.2466
vn -0.0724 -0.9659 -0.2484
vn -0.0005 -0.9855 -0.1699
vn -0.0004 -0.9855 -0.1695
vn -0.0002 -0.9855 -0.1694
vn 0.0005 -0.9856 -0.1693
vn 0.0001 -0.9849 -0.1730
vn 0.0000 -0.9849 -0.1734
vn 0.0725 -0.9664 -0.2466
vn 0.0724 -0.9659 -0.2484
vn -0.0044 0.0579 -0.9983
vn -0.2538 0.0272 0.9669
vn 0.0466 -0.9989 -0.0078
vn -0.0466 0.9989 -0.0078
vn 0.3137 -0.6897 0.6526
vn 0.3597 -0.6790 0.6400
vn 0.3615 -0.6777 0.6404
vn -0.4839 -0.3755 -0.7905
vn -0.6626 -0.6781 0.3180
vn -0.6853 -0.7023 0.1927
vn -0.9702 -0.0655 0.2335
vn -0.9692 0.2360 0.0702
vn -0.9693 0.1621 0.1846
vn -0.8253 -0.5225 0.2142
vn -0.8202 0.5661 0.0827
vn -0.9797 -0.1474 0.1357
vn -0.9797 -0.1834 0.0813
vn -0.8027 -0.5540 0.2207
vn -0.9817 0.1687 0.0885
vn -0.9717 0.2084 0.1116
vn 0.0000 1.0000 0.0008
vn -0.0013 1.0000 -0.0008
vn 0.0012 1.0000 -0.0007
vn 0.0000 0.0012 1.0000
vn -0.8190 0.5731 0.0275
vn -0.8161 0.5736 0.0698
vn -0.2301 0.9528 -0.1980
vn 0.1402 0.9776 -0.1572
vn 0.1471 0.9891 -0.0027
vn 0.7844 0.5959 -0.1722
vn 0.2088 0.9681 -0.1385
vn -0.5478 0.8344 0.0599
vn 0.2218 0.9751 -0.0066
vn -0.8137 0.5810 -0.0176
vn -0.8143 0.5756 0.0751
vn -0.1432 0.9873 -0.0686
vn -0.1762 0.9614 -0.2114
vn -0.7979 0.6027 0.0032
vn -0.1180 0.9917 -0.0515
vn 0.0754 0.9616 -0.2640
vn 0.1368 0.9796 -0.1471
vn 0.7582 0.5720 -0.3130
vn 0.7787 0.5454 -0.3102
vn 0.1606 0.9726 -0.1683
vn 0.7996 0.5797 -0.1571
vn -0.7092 0.0157 -0.7048
vn -0.7094 0.0094 -0.7048
vn -0.0035 -0.0069 -1.0000
vn -0.0236 0.0004 -0.9997
vn -0.7234 0.0135 -0.6903
vn -0.6078 0.3177 -0.7278
vn -0.6021 0.7605 -0.2431
vn -0.3564 0.6585 -0.6628
vn -0.4772 0.8164 -0.3253
vn -0.5804 0.2782 -0.7654
vn -0.8824 0.3895 -0.2640
vn -0.7613 0.6457 0.0592
vn -0.2179 0.9724 0.0829
vn -0.2572 0.9660 -0.0244
vn -0.3066 0.9488 0.0761
vn -0.8212 0.5694 0.0364
vn -0.7790 0.5983 0.1877
vn -0.9546 0.2940 0.0480
vn -0.7827 0.6201 -0.0529
vn -0.8232 0.5604 -0.0915
vn -0.9479 0.2112 -0.2386
vn -0.9652 -0.0871 -0.2465
vn -0.9992 0.0275 0.0278
vn 0.2179 0.9724 0.0829
vn 0.7613 0.6457 0.0592
vn 0.2572 0.9660 -0.0244
vn 0.8582 0.5114 0.0442
vn 0.3693 0.9285 0.0385
vn 0.7974 0.5567 0.2326
vn 0.7193 0.6947 -0.0080
vn 0.9242 0.3780 0.0540
vn 0.7707 0.6312 -0.0875
vn 0.9652 -0.0871 -0.2465
vn 0.9479 0.2112 -0.2386
vn 0.9992 0.0275 0.0278
vn 0.6021 0.7605 -0.2431
vn 0.6078 0.3177 -0.7278
vn 0.3564 0.6585 -0.6628
vn 0.5804 0.2782 -0.7654
vn 0.4772 0.8164 -0.3253
vn 0.8824 0.3895 -0.2640
vn -0.2924 0.7846 -0.5467
vn 0.1869 0.5195 -0.8338
vn -0.2629 0.7974 -0.5432
vn 0.0642 0.9975 -0.0302
vn 0.0570 0.9983 0.0126
vn 0.0641 0.9979 0.0133
vn 0.0754 0.9971 -0.0140
vn 0.0728 0.9973 0.0125
vn 0.0835 0.9962 -0.0246
vn 0.0024 1.0000 -0.0050
vn 0.0237 0.9996 -0.0178
vn -0.1574 0.8368 -0.5244
vn 0.0176 0.9998 0.0043
vn 0.0462 0.9989 0.0042
vn 0.0434 0.9990 -0.0075
vn -0.0463 0.9989 0.0057
vn -0.0178 0.9998 0.0062
vn -0.0433 0.9990 -0.0061
vn -0.0746 0.9971 0.0130
vn -0.0768 0.9970 -0.0135
vn -0.0850 0.9961 -0.0242
vn -0.0642 0.9975 -0.0302
vn -0.0641 0.9979 0.0133
vn -0.0570 0.9983 0.0126
vn 0.2173 -0.2186 -0.9513
vn 0.3140 0.2749 -0.9088
vn 0.4317 -0.0632 -0.8998
vn 0.3293 0.4698 -0.8191
vn 0.1407 0.0153 -0.9899
vn 0.1577 0.3233 -0.9331
vn 0.2036 0.5937 -0.7785
vn 0.1319 0.4632 -0.8764
vn 0.2287 0.9508 -0.2089
vn 0.0316 0.9041 -0.4262
vn 0.1511 0.9589 -0.2400
vn 0.1795 0.3976 -0.8998
vn 0.2047 0.0266 -0.9785
vn 0.0121 -0.0294 -0.9995
vn 0.0009 -0.0214 -0.9998
vn -0.0405 0.2633 -0.9639
vn 0.0025 0.2578 -0.9662
vn -0.0159 0.0485 -0.9987
vn -0.3356 0.4508 -0.8271
vn -0.2066 0.3063 -0.9293
vn -0.1461 0.0159 -0.9891
vn -0.2126 -0.2234 -0.9513
vn -0.4276 -0.0685 -0.9013
vn -0.3136 0.2695 -0.9105
vn -0.2243 0.9522 -0.2072
vn -0.1373 0.4633 -0.8755
vn -0.2040 0.5942 -0.7780
vn -0.2063 0.4366 -0.8757
vn -0.1329 0.9722 -0.1926
vn 0.0048 0.9195 -0.3930
vn 0.0030 0.1629 -0.9866
vn -0.0743 0.1821 -0.9805
vn 0.1022 0.8063 -0.5826
vn -0.0772 0.9443 0.3199
vn -0.0293 0.6313 0.7750
vn 0.0158 0.8431 0.5375
vn -0.1151 0.4467 0.8873
vn -0.1051 0.9073 0.4072
vn -0.3468 0.5350 0.7704
vn -0.1454 0.9827 0.1148
vn -0.3106 0.6642 0.6800
vn -0.0447 0.9621 0.2691
vn -0.4309 0.6153 0.6601
vn -0.3610 0.8975 0.2532
vn -0.6748 0.5921 0.4405
vn -0.4852 0.7803 0.3945
vn -0.5512 0.4504 0.7024
vn -0.2924 0.7111 0.6394
vn 0.5513 0.6135 0.5654
vn 0.4073 0.3323 0.8507
vn 0.6148 0.3658 0.6987
vn 0.3721 0.3791 0.8472
vn 0.5153 0.6500 0.5585
vn 0.3548 0.6024 0.7150
vn 0.0014 0.5803 0.8144
vn 0.1427 0.3714 0.9174
vn 0.1276 0.5962 0.7926
vn 0.1429 0.3740 0.9164
vn -0.0452 0.5566 0.8296
vn 0.0115 0.3424 0.9395
vn -0.0271 0.2035 0.9787
vn 0.1001 0.3664 0.9250
vn -0.1405 0.2706 0.9524
vn 0.0170 0.6074 0.7942
vn -0.1466 0.7212 0.6770
vn -0.1355 0.4071 0.9033
vn -0.3427 0.5355 0.7719
vn -0.5924 0.3502 0.7255
vn -0.4484 0.1969 0.8719
vn 0.2666 0.9505 0.1599
vn 0.2841 0.6341 0.7192
vn 0.4584 0.6825 0.5692
vn 0.2743 0.6317 0.7250
vn 0.1857 0.9681 0.1682
vn 0.0925 0.9501 0.2980
vn 0.0395 0.8980 0.4381
vn 0.0036 0.5423 0.8402
vn 0.1745 0.5590 0.8106
vn -0.0491 0.6050 0.7947
vn 0.0845 0.9216 0.3789
vn 0.0146 0.8258 0.5638
vn -0.0070 -0.0005 -1.0000
vn -0.0035 -0.0003 -1.0000
vn -0.0035 -0.0001 -1.0000
vn 0.0341 0.3850 -0.9223
vn 0.7601 0.2926 -0.5802
vn 0.5428 0.0978 -0.8342
vn -0.0076 0.5784 -0.8158
vn 0.4505 0.7637 -0.4624
vn 0.6464 0.5399 -0.5391
vn 0.4849 0.7440 -0.4597
vn -0.0049 0.5848 -0.8112
vn -0.0251 0.8216 -0.5695
vn 0.0047 0.5847 -0.8112
vn -0.4796 0.7459 -0.4621
vn 0.0250 0.8216 -0.5695
vn -0.4447 0.7659 -0.4643
vn 0.0076 0.5784 -0.8157
vn -0.6380 0.5436 -0.5453
vn -0.7529 0.2978 -0.5869
vn -0.0342 0.3848 -0.9224
vn -0.5377 0.1001 -0.8372
vn -0.9996 -0.0250 0.0156
vn -0.9996 -0.0149 0.0223
vn -0.9996 -0.0206 0.0186
vn -0.9985 -0.0542 -0.0041
vn -0.9988 -0.0482 0.0000
vn -0.9982 -0.0599 -0.0078
vn 0.6890 0.6729 -0.2691
vn 0.0474 0.9979 0.0449
vn 0.5489 0.8359 0.0078
vn -0.0058 0.9999 0.0126
vn 0.6438 0.6945 -0.3212
vn -0.0269 0.9458 -0.3237
vn 0.0270 0.9458 -0.3237
vn -0.6355 0.7018 -0.3218
vn 0.0060 0.9999 0.0126
vn -0.6810 0.6805 -0.2706
vn -0.5437 0.8393 0.0079
vn -0.0474 0.9979 0.0450
vn 0.0107 0.9999 -0.0003
vn 0.0107 0.9999 -0.0004
vn 0.0216 0.9998 -0.0005
vn -0.9812 -0.0403 -0.1885
vn -0.6538 -0.6840 -0.3235
vn -0.5218 -0.8531 0.0021
vn -0.9975 -0.0693 -0.0116
vn -0.6683 -0.3578 -0.6522
vn -0.6641 -0.5710 -0.4827
vn -0.9987 -0.0090 -0.0494
vn -0.9881 0.1280 0.0854
vn -0.9979 0.0179 -0.0624
vn -0.9945 -0.0582 -0.0865
vn -0.9945 0.0912 0.0512
vn -0.9918 -0.0351 0.1226
vn -0.9874 0.1398 0.0742
vn -0.9515 0.3066 0.0253
vn -0.9856 0.1563 -0.0651
vn -0.9893 0.0713 0.1271
vn -0.9892 0.1425 0.0356
vn -1.0000 -0.0013 -0.0029
vn -0.9954 -0.0600 0.0744
vn -0.9678 -0.0466 0.2475
vn -0.9936 0.0489 0.1020
vn -0.9885 -0.0982 0.1154
vn -0.9975 0.0630 0.0329
vn -0.9988 0.0466 -0.0129
vn -0.9771 -0.0945 -0.1905
vn -0.9880 0.0721 -0.1365
vn -0.9858 -0.1134 -0.1239
vn -0.9870 0.0444 0.1542
vn -0.9764 -0.1305 0.1722
vn -0.9861 -0.1350 0.0970
vn -0.4935 0.6766 0.5465
vn -0.4893 0.8449 0.2164
vn -0.9965 0.0830 -0.0094
vn -0.9986 -0.0485 -0.0230
vn -0.5883 0.5152 0.6233
vn -0.9958 0.0297 -0.0861
vn -0.9949 -0.0126 -0.1000
vn -0.9701 -0.1709 -0.1721
vn -0.9941 -0.1088 -0.0050
vn -0.9889 0.1374 -0.0563
vn -0.9889 0.0959 -0.1135
vn -1.0000 -0.0003 0.0002
vn -0.9905 0.0784 -0.1126
vn -0.9969 0.0384 0.0681
vn -0.9931 -0.0229 -0.1151
vn -0.4361 0.2816 0.8547
vn -0.9870 0.0935 0.1304
vn -0.4638 -0.2264 0.8565
vn -0.5593 0.6512 0.5129
vn -0.9947 -0.0716 0.0740
vn -0.7071 0.4568 0.5398
vn -0.9987 -0.0105 -0.0490
vn -0.5790 -0.2930 0.7608
vn -0.9978 0.0661 -0.0066
vn -0.5945 -0.1303 0.7934
vn -0.9912 -0.1128 -0.0690
vn -0.7355 -0.2337 0.6359
vn -0.9350 0.1802 -0.3053
vn -0.9808 0.0312 -0.1924
vn -0.9729 0.1870 -0.1362
vn -0.6398 -0.4643 0.6124
vn -0.9959 -0.0764 0.0482
vn -0.6400 -0.6755 0.3662
vn -0.6631 -0.7452 -0.0705
vn -0.6563 -0.7236 0.2136
vn -0.9958 -0.0580 0.0704
vn -0.9988 0.0485 0.0078
vn -0.7382 -0.6368 -0.2228
vn -0.9945 0.0204 0.1024
vn -0.9892 0.1424 0.0359
vn -0.9889 0.1363 -0.0590
vn -1.0000 -0.0014 -0.0026
vn -0.9868 0.1477 0.0661
vn -0.9849 -0.0134 0.1728
vn -0.9983 0.0557 -0.0159
vn 0.0000 0.8660 0.5000
vn 0.0000 -0.8660 -0.5000
vn 0.7048 0.4198 -0.5719
vn 0.9974 -0.0672 -0.0254
vn 0.5426 0.2906 -0.7881
vn 0.9718 0.2255 0.0688
vn 0.9978 0.0216 0.0624
vn 0.9926 0.1177 0.0298
vn 0.7310 -0.1821 -0.6576
vn 0.9985 0.0204 0.0500
vn 0.9955 -0.0594 0.0740
vn 0.6459 -0.0095 -0.7634
vn 0.9900 0.0975 -0.1019
vn 0.6680 -0.3771 -0.6416
vn 0.9726 0.2326 0.0008
vn 0.9898 0.1427 0.0049
vn 0.9655 0.2532 0.0613
vn 0.9998 -0.0207 0.0081
vn 0.7035 0.3856 -0.5970
vn 0.9994 0.0230 0.0260
vn 0.9986 0.0211 0.0482
vn 0.9950 -0.0872 0.0483
vn 0.9984 -0.0535 0.0174
vn 0.9936 0.1062 -0.0385
vn 0.9960 -0.0852 0.0259
vn 0.9997 0.0048 -0.0246
vn 0.6723 -0.3563 -0.6489
vn 0.9990 -0.0452 -0.0061
vn 0.6695 -0.5787 -0.4657
vn 0.9960 0.0730 0.0508
vn 0.9936 -0.0891 -0.0695
vn 0.9997 0.0031 -0.0248
vn 0.9986 0.0416 0.0325
vn 0.9988 -0.0051 -0.0495
vn 0.9922 -0.1154 -0.0470
vn 0.9923 -0.1217 -0.0242
vn 0.9646 -0.0986 -0.2446
vn 0.9867 -0.0662 -0.1486
vn 0.9986 0.0305 -0.0440
vn 0.9865 0.0463 -0.1572
vn 0.9739 -0.0390 -0.2235
vn 0.9901 0.0091 0.1397
vn 0.9901 0.0557 -0.1289
vn 0.9993 0.0380 0.0064
vn 0.9960 -0.0626 0.0638
vn 0.9834 -0.1767 -0.0411
vn 0.9935 -0.1111 -0.0255
vn 0.9970 -0.0605 -0.0492
vn 0.5680 0.7839 -0.2507
vn 0.9991 -0.0393 0.0177
vn 0.6712 0.4974 -0.5496
vn 0.5280 0.7969 -0.2937
vn 0.9922 -0.0363 -0.1191
vn 0.7065 0.5703 0.4192
vn 0.9967 0.0296 -0.0755
vn 0.5437 0.7823 0.3038
vn 0.4849 0.8594 0.1623
vn 0.9967 0.0714 -0.0383
vn 0.6411 0.7187 -0.2692
vn 0.9964 -0.0680 -0.0500
vn 0.9940 0.0894 0.0634
vn 0.9997 -0.0009 0.0234
vn 0.9940 -0.1046 0.0327
vn 0.9964 0.0802 -0.0266
vn 0.9997 -0.0063 0.0225
vn 0.9952 -0.0893 0.0396
vn 0.9975 0.0007 0.0703
vn 0.9984 0.0551 0.0109
vn 0.9990 0.0156 0.0428
vn 0.6652 0.5981 0.4469
vn 0.6648 0.3635 0.6526
vn 0.9980 -0.0496 -0.0379
vn 0.7339 0.6152 0.2880
vn 0.9954 -0.0839 0.0462
vn 0.9965 0.0161 -0.0816
vn 0.9987 -0.0476 0.0192
vn 0.9950 -0.0028 0.0996
vn 0.9990 -0.0130 0.0434
vn 1.0000 -0.0054 -0.0051
vn 0.9991 0.0258 0.0331
vn 0.9901 -0.0130 -0.1398
vn 0.9901 -0.0519 0.1301
vn 0.9993 -0.0381 -0.0057
vn 0.6677 -0.6808 -0.3012
vn 0.9805 -0.0182 -0.1957
vn 0.5318 -0.8468 0.0133
vn 0.9989 0.0458 0.0062
vn 0.9971 0.0223 0.0732
vn 0.7225 -0.6634 -0.1948
vn 0.6615 -0.7493 -0.0311
vn 0.9967 -0.0611 -0.0528
vn 0.6740 -0.6504 0.3504
vn 0.9968 0.0526 -0.0607
vn 0.9799 0.1954 0.0402
vn 0.9936 0.1111 0.0216
vn 0.9992 0.0348 -0.0173
vn 0.7173 -0.5886 0.3730
vn 0.9974 -0.0050 -0.0716
vn 0.9808 0.0334 0.1920
vn 0.4981 -0.6769 0.5420
vn 0.5248 -0.8162 0.2417
vn 0.5019 -0.5066 0.7010
vn 0.9988 -0.0432 0.0220
vn 0.5069 -0.1658 0.8459
vn 0.5941 -0.3001 0.7463
vn 0.9977 0.0150 -0.0665
vn 0.9940 0.1023 -0.0397
vn 0.6691 0.1083 0.7353
vn 0.5369 -0.2658 0.8007
vn 0.9786 0.1918 0.0751
vn 0.9887 -0.0673 -0.1339
vn 0.9744 -0.1084 -0.1968
vn 0.9914 0.0664 -0.1128
vn 0.9999 -0.0099 0.0107
vn 0.9951 0.0539 0.0831
vn 0.9866 0.1523 0.0590
vn 0.0002 0.6980 0.7161
vn 0.3368 0.6499 0.6814
vn -0.0002 0.6980 0.7161
vn -0.3368 0.6498 0.6814
vn 0.8928 0.2600 0.3678
vn 0.8928 -0.2600 -0.3678
vn 0.0000 -0.7138 -0.7004
vn 0.0000 0.7138 0.7004
vn 0.2465 0.0969 -0.9643
vn 0.2395 0.0966 -0.9661
vn 0.2487 -0.0772 -0.9655
vn 0.6193 -0.7726 0.1397
vn -0.8246 0.0016 0.5657
vn 0.0408 -0.0078 0.9991
vn 0.0390 0.0650 0.9971
vn -0.0260 0.0880 0.9958
vn -0.6050 0.4525 0.6552
vn -0.8590 0.0584 0.5086
vn -0.0715 -0.1376 0.9879
vn -0.7145 0.1919 0.6728
vn -0.7388 -0.1811 0.6492
vn 0.1101 -0.0907 0.9898
vn 0.0750 0.0354 0.9966
vn 0.0681 -0.0610 0.9958
vn -0.5757 0.3518 0.7381
vn 0.0465 -0.0306 0.9984
vn 0.0964 0.0308 0.9949
vn -0.4782 0.5703 0.6679
vn 0.0200 0.0591 0.9981
vn -0.2126 0.7166 0.6643
vn 0.4742 0.7124 0.5173
vn 0.0923 0.8691 0.4859
vn -0.1444 0.1302 0.9809
vn 0.0268 -0.1012 0.9945
vn 0.2086 -0.0519 0.9766
vn 0.1288 -0.0349 0.9911
vn -0.0745 -0.0411 0.9964
vn -0.0018 0.0382 0.9993
vn -0.0396 -0.1555 0.9870
vn 0.0360 0.1201 0.9921
vn -0.0242 0.0176 0.9996
vn -0.0609 -0.0959 0.9935
vn 0.0761 -0.0997 0.9921
vn 0.0285 0.0093 0.9996
vn -0.0418 0.1055 0.9935
vn -0.2387 -0.1521 0.9591
vn -0.0220 -0.1615 0.9866
vn -0.1553 -0.1139 0.9813
vn -0.1269 0.0368 0.9912
vn -0.0219 0.0324 0.9992
vn -0.1815 -0.0526 0.9820
vn 0.1123 0.0234 0.9934
vn -0.0078 0.0296 0.9995
vn -0.1261 0.0104 0.9920
vn -0.0468 -0.0994 0.9939
vn 0.0266 -0.0090 0.9996
vn 0.0759 0.0961 0.9925
vn -0.0306 0.1328 0.9907
vn 0.0134 0.0335 0.9993
vn -0.1377 0.1435 0.9800
vn 0.1902 0.6465 0.7388
vn -0.0316 -0.0605 0.9977
vn 0.0543 -0.0843 0.9950
vn 0.3519 0.6472 0.6762
vn 0.0497 -0.0031 0.9988
vn 0.5684 0.4742 0.6724
vn 0.6779 0.3131 0.6651
vn 0.0183 0.1874 0.9821
vn 0.7256 0.0106 0.6880
vn 0.5952 -0.3804 0.7078
vn 0.0036 0.0367 0.9993
vn -0.0280 0.0017 0.9996
vn 0.8665 0.0670 0.4947
vn 0.0546 0.0128 0.9984
vn 0.7715 -0.3912 0.5017
vn 0.7635 0.2811 0.5814
vn -0.0567 -0.0070 0.9984
vn -0.0315 -0.0866 0.9957
vn -0.0868 0.0346 0.9956
vn -0.1186 -0.1154 0.9862
vn -0.0751 -0.0764 0.9942
vn 0.0830 0.1717 0.9817
vn 0.0408 0.0765 0.9962
vn 0.0262 0.2401 0.9704
vn 0.0204 0.2172 0.9759
vn -0.0018 0.0339 0.9994
vn 0.0305 0.0891 0.9956
vn -0.1096 0.0013 0.9940
vn -0.0130 -0.0195 0.9997
vn 0.0845 0.0004 0.9964
vn 0.0032 0.0738 0.9973
vn -0.0487 0.0315 0.9983
vn 0.0190 0.0387 0.9991
vn -0.0251 0.0014 0.9997
vn 0.2952 -0.6464 0.7035
vn 0.0012 0.0063 1.0000
vn 0.3676 -0.6340 0.6804
vn 0.6158 -0.3990 0.6794
vn 0.0088 -0.0242 0.9997
vn -0.0419 -0.0315 0.9986
vn -0.4191 -0.6216 0.6618
vn -0.1105 -0.8565 0.5042
vn -0.1149 0.0269 0.9930
vn -0.2052 0.0456 0.9777
vn -0.2148 0.1156 0.9698
vn 0.2628 -0.6635 0.7004
vn -0.0695 -0.0135 0.9975
vn 0.0262 -0.7187 0.6949
vn -0.5906 -0.4161 0.6914
vn -0.4247 -0.5790 0.6960
vn -0.0449 0.0420 0.9981
vn 0.0735 -0.0212 0.9971
vn 0.0211 0.0396 0.9990
vn -0.4903 -0.4905 0.7205
vn -0.0537 0.0709 0.9960
vn -0.0106 -0.0227 0.9997
vn 0.0633 -0.0935 0.9936
vn -0.0446 0.0174 0.9989
vn -0.0348 0.0876 0.9955
vn 0.0378 -0.0269 0.9989
vn 0.1304 0.0227 0.9912
vn 0.0074 0.0756 0.9971
vn 0.0846 0.0056 0.9964
vn 0.6406 0.7672 -0.0317
vn 0.4741 0.4616 -0.7498
vn 0.2455 0.6852 -0.6857
vn 0.2495 0.7617 -0.5979
vn 0.3941 0.9126 0.1088
vn 0.6838 0.7294 0.0211
vn 0.6838 0.7294 -0.0209
vn 0.3942 0.9126 -0.1087
vn 0.2407 0.7592 0.6047
vn 0.6405 0.7673 0.0318
vn 0.2388 0.6799 0.6933
vn 0.4669 0.4569 0.7571
vn 0.6517 0.4135 0.6358
vn 0.9501 0.3044 -0.0688
vn 0.7772 0.6275 -0.0472
vn 0.7772 0.6275 0.0471
vn 0.9501 0.3044 0.0688
vn 0.6570 0.4182 -0.6273
vn 0.5910 0.4165 -0.6908
vn 0.9731 0.2269 -0.0402
vn 0.6912 0.1773 -0.7006
vn 0.9731 0.2271 0.0400
vn 0.5842 0.4130 0.6987
vn 0.6837 0.1757 0.7083
vn -0.9104 0.3753 0.1739
vn -0.9910 0.0556 -0.1220
vn -0.9270 0.2226 0.3018
vn -0.8086 0.2709 -0.5223
vn -0.7984 0.4264 -0.4251
vn -0.8294 0.3670 -0.4213
vn -0.8653 0.4501 -0.2206
vn -0.8591 0.3605 -0.3632
vn -0.8291 0.4149 -0.3748
vn -0.8616 -0.3146 -0.3983
vn -0.8769 -0.4095 -0.2517
vn -0.8383 -0.4480 -0.3108
vn -0.8297 -0.1830 -0.5274
vn -0.8477 -0.2977 -0.4391
vn -0.8142 -0.3531 -0.4608
vn -0.9322 -0.1896 0.3083
vn -0.9923 -0.0339 -0.1192
vn -0.9184 -0.3499 0.1849
vn -0.7821 -0.1930 0.5924
vn -0.7398 -0.1745 0.6498
vn -0.7767 -0.3187 0.5432
vn -0.8926 -0.3852 0.2341
vn -0.8597 -0.3251 0.3940
vn -0.8536 -0.4367 0.2842
vn -0.7698 -0.6371 0.0390
vn -0.7948 -0.5912 -0.1368
vn -0.8071 -0.5904 0.0007
vn -0.7636 0.5980 0.2435
vn -0.7554 0.5163 0.4034
vn -0.7839 0.5174 0.3433
vn -0.8450 0.3472 0.4067
vn -0.8121 0.4873 0.3209
vn -0.7841 0.4885 0.3829
vn -0.7086 -0.5805 0.4011
vn -0.6944 -0.5708 0.4382
vn -0.6626 -0.6648 0.3450
vn -0.8722 -0.0503 0.4865
vn -0.8890 -0.2019 0.4109
vn -0.8703 -0.1558 0.4673
vn 0.0039 -0.0034 1.0000
vn 0.0043 -0.0030 1.0000
vn 0.0040 -0.0033 1.0000
vn -0.1168 0.0919 0.9889
vn -0.0739 0.1045 0.9918
vn -0.0594 0.1193 0.9911
vn 0.0012 -0.0017 1.0000
vn -0.0489 -0.0026 0.9988
vn -0.0701 0.0127 0.9975
vn -0.0366 0.0515 0.9980
vn -0.0140 0.0704 0.9974
vn 0.0014 0.0036 1.0000
vn -0.0370 -0.0260 0.9990
vn -0.9664 0.0765 -0.2452
vn -0.7228 0.0742 -0.6870
vn -0.7232 0.0818 -0.6858
vn -0.9535 0.2644 -0.1449
vn -0.9528 0.2664 -0.1455
vn -0.8831 0.3092 0.3529
vn -0.9580 0.1509 0.2437
vn -0.7168 0.1265 0.6857
vn -0.7175 0.1120 0.6875
vn 0.0421 0.1475 -0.9882
vn 0.5205 0.0717 -0.8509
vn 0.5181 0.0990 -0.8496
vn 0.3516 0.1804 -0.9186
vn -0.1516 0.2490 -0.9566
vn -0.1516 0.2248 -0.9625
vn -0.1447 0.1744 0.9740
vn -0.1430 0.1976 0.9698
vn 0.3593 0.1196 0.9255
vn -0.0830 0.1891 0.9784
vn 0.4111 0.1395 0.9008
vn 0.4123 0.1153 0.9037
vn 0.9784 0.1891 -0.0830
vn 0.9037 0.1153 0.4123
vn 0.9008 0.1395 0.4111
vn 0.9255 0.1196 0.3593
vn 0.9698 0.1976 -0.1430
vn 0.9740 0.1744 -0.1447
vn -0.5111 0.2859 -0.8106
vn -0.8543 0.2820 -0.4366
vn -0.8558 0.2727 -0.4397
vn -0.9134 0.0788 0.3995
vn -0.9960 0.0158 -0.0883
vn -0.9132 0.0769 0.4001
vn -0.7204 0.3430 0.6028
vn -0.3395 0.2339 0.9111
vn -0.3331 0.2451 0.9105
vn 0.0889 0.0233 0.9958
vn -0.3761 0.1731 0.9102
vn -0.3867 0.1539 0.9093
vn -0.4673 -0.0418 0.8831
vn -0.6198 -0.6948 0.3649
vn -0.3466 -0.8146 0.4650
vn -0.3553 -0.8053 0.4746
vn -0.0466 0.0613 0.9970
vn -0.5066 0.0182 0.8620
vn -0.0178 -0.0213 0.9996
vn -0.1425 -0.8651 0.4810
vn 0.3703 -0.8194 0.4376
vn 0.9441 0.2254 0.2406
vn 0.7148 0.1372 0.6857
vn 0.7109 0.1605 0.6847
vn 0.7633 0.1835 0.6195
vn 0.9605 0.2332 0.1521
vn 0.9648 0.2134 0.1539
vn 0.7231 0.1887 -0.6644
vn 0.9671 0.0768 -0.2426
vn 0.7212 0.1737 -0.6706
vn 0.8004 0.1818 -0.5713
vn 0.4040 0.2924 -0.8668
vn 0.8015 0.1961 -0.5650
vn -0.4951 0.0599 -0.8667
vn -0.0324 -0.0426 -0.9986
vn -0.4985 0.0525 -0.8653
vn -0.2000 0.2101 0.9570
vn -0.7616 0.1214 0.6366
vn -0.7683 0.1188 0.6289
vn 0.7526 0.1913 0.6301
vn 0.1863 0.2682 0.9452
vn 0.7594 0.1892 0.6225
vn 0.7314 0.0301 -0.6813
vn 0.9848 0.0553 -0.1644
vn 0.9839 0.0631 -0.1674
vn 0.9817 0.0483 -0.1840
vn 0.7177 0.0300 -0.6957
vn 0.7216 0.0301 -0.6916
vn 0.0040 -0.5355 -0.8445
vn 0.0000 -0.6115 0.7913
vn -0.0664 -0.6168 0.7843
vn 0.2434 -0.9694 0.0324
vn 0.0053 -0.0010 -1.0000
vn -0.3421 -0.0574 0.9379
vn 0.0221 0.0210 0.9995
vn 0.2174 -0.3096 0.9257
vn -0.0135 -0.6200 0.7845
vn 0.0039 -0.4230 0.9061
vn 0.0000 0.1257 -0.9921
vn 0.0117 0.4150 0.9097
vn 0.0136 0.2324 0.9725
vn -0.0348 0.2344 0.9715
vn -0.0374 0.4168 0.9082
vn -0.0386 0.4369 0.8987
vn 0.2194 -0.1975 -0.9554
vn 0.1721 -0.1923 -0.9661
vn 0.2620 0.9648 0.0244
vn 0.2297 -0.0445 0.9722
vn 0.2212 -0.0438 0.9743
vn 0.9411 -0.3372 0.0268
vn 0.8126 -0.5826 0.0161
vn 0.8343 -0.5509 0.0225
vn 0.9041 -0.4247 0.0477
vn 0.9857 -0.1600 0.0532
vn 0.9867 -0.1549 0.0490
vn 0.9854 -0.1542 0.0722
vn 0.9988 -0.0023 0.0498
vn 0.9987 -0.0083 0.0502
vn 0.9836 0.1718 0.0546
vn 0.9988 -0.0084 0.0491
vn 0.9988 -0.0022 0.0497
vn 0.9659 0.2452 0.0826
vn 0.9374 0.3423 0.0641
vn 0.9942 0.0664 0.0848
vn 0.9402 0.3369 0.0508
vn 0.9836 0.1737 0.0488
vn 0.9757 0.2129 0.0519
vn 0.9943 0.1061 0.0124
vn 0.9418 0.3347 -0.0318
vn 0.9977 0.0671 0.0132
vn 0.9309 0.3647 0.0202
vn 0.9980 0.0630 0.0076
vn 0.9942 0.0915 0.0560
vn 0.9583 0.2819 0.0456
vn 0.9914 0.1205 0.0501
vn 0.9130 0.4025 0.0662
vn 0.9976 0.0649 0.0225
vn 0.9951 0.0174 0.0970
vn 0.9756 0.2125 0.0546
vn 0.9947 0.0892 0.0502
vn 0.9977 0.0651 0.0212
vn 0.9755 0.2132 0.0536
vn 0.9975 0.0650 0.0292
vn 0.9942 0.0901 0.0578
vn 0.9926 0.1008 0.0672
vn 0.9944 0.0914 0.0529
vn 0.9937 0.0894 0.0676
vn 0.9930 0.0990 0.0647
vn 0.9957 0.0775 0.0501
vn 0.9942 0.0902 0.0579
vn 0.9955 0.0806 0.0490
vn 0.9900 0.1328 0.0487
vn 0.9936 0.0979 0.0572
vn 0.9887 0.1230 0.0852
vn 0.9904 0.1130 0.0799
vn 0.9889 0.1283 0.0746
vn 0.9891 0.1359 0.0566
vn 0.9915 0.1112 0.0678
vn 0.9897 0.1080 0.0934
vn 0.9899 0.0900 0.1099
vn 0.9884 0.1055 0.1094
vn 0.9906 0.0711 0.1165
vn 0.9884 0.0876 0.1244
vn -0.9911 0.0000 0.1334
vn 0.0900 -0.3847 0.9187
vn 0.0921 -0.3281 -0.9401
vn 0.7041 0.1559 0.6928
vn 0.9975 0.0626 -0.0325
vn 0.6977 0.3906 0.6006
vn 0.9981 -0.0039 -0.0616
vn 0.7313 0.2365 0.6398
vn 0.9967 -0.0776 -0.0252
vn 0.6617 0.6112 0.4342
vn 0.9912 0.0003 0.1327
vn 0.5193 0.8471 0.1125
vn 0.9989 -0.0420 -0.0219
vn 0.5683 0.8148 0.1148
vn 0.9971 -0.0483 0.0587
vn 0.9731 -0.1976 0.1186
vn 0.9953 -0.0843 -0.0472
vn 0.9906 -0.1178 0.0699
vn 0.9872 0.1227 0.1017
vn 0.9903 -0.0420 -0.1326
vn 0.9990 0.0427 -0.0165
vn 0.9957 0.0577 0.0721
vn 0.9979 0.0627 -0.0191
vn 0.9961 -0.0369 -0.0801
vn 0.5487 0.7920 0.2677
vn 0.9972 0.0036 -0.0746
vn 0.5434 0.8387 0.0361
vn 0.6421 0.7249 -0.2494
vn 0.9896 0.1325 0.0567
vn 0.5021 0.5420 -0.6739
vn 0.9978 -0.0455 0.0479
vn 0.9946 -0.1010 -0.0227
vn 0.7406 0.5526 -0.3823
vn 0.9849 0.1186 -0.1265
vn 0.9833 -0.1821 0.0037
vn 0.9981 -0.0288 -0.0539
vn 0.9940 -0.0982 0.0474
vn 0.9887 -0.1016 0.1103
vn 0.9997 -0.0039 0.0238
vn 0.6674 0.4786 -0.5705
vn 0.9981 -0.0186 -0.0587
vn 0.5004 0.2429 -0.8310
vn 0.6515 -0.0729 -0.7551
vn 0.9809 0.1444 -0.1302
vn 0.6778 -0.3876 -0.6248
vn 0.9984 0.0567 0.0070
vn 0.9957 0.0315 0.0866
vn 0.7322 -0.6461 -0.2156
vn 0.6651 -0.6779 -0.3131
vn 0.9821 -0.0183 -0.1874
vn 0.5290 -0.8486 0.0115
vn 0.6762 -0.3520 -0.6472
vn 0.9988 -0.0497 0.0031
vn 0.6724 -0.5684 -0.4742
vn 0.7388 -0.1902 -0.6465
vn 0.9977 0.0316 0.0604
vn 0.9950 -0.0543 0.0843
vn 0.9991 -0.0109 0.0410
vn 0.9984 -0.0519 0.0223
vn 1.0000 0.0041 -0.0080
vn 0.9973 0.0730 -0.0045
vn 0.9725 0.1396 0.1865
vn 0.9922 0.0716 0.1024
vn 0.6593 -0.7502 -0.0499
vn 0.9984 -0.0546 -0.0128
vn 0.6651 -0.6722 0.3253
vn 0.9850 -0.0950 -0.1439
vn 0.9869 -0.0179 0.1602
vn 0.9986 -0.0524 0.0069
vn 0.9950 -0.0868 -0.0492
vn 0.9981 -0.0263 0.0550
vn 0.9852 -0.0229 -0.1700
vn 0.9579 0.0536 -0.2821
vn 0.9857 0.1440 -0.0875
vn 0.9801 0.0498 -0.1919
vn 0.9984 -0.0229 0.0525
vn 0.9987 0.0491 0.0106
vn 0.9953 0.0400 -0.0883
vn 0.9953 -0.0461 0.0853
vn 0.9953 0.0462 -0.0853
vn 0.9998 0.0179 0.0097
vn 0.9916 -0.1251 0.0317
vn 0.9883 0.1485 0.0339
vn 0.9992 0.0121 0.0383
vn 0.9971 -0.0699 0.0295
vn 0.9971 0.0172 0.0743
vn 0.9932 0.1161 0.0091
vn 0.9993 0.0370 0.0007
vn 0.7140 -0.5868 0.3820
vn 0.9994 0.0019 -0.0333
vn 0.7174 -0.5932 0.3653
vn 0.9947 0.0799 0.0649
vn 0.7110 -0.4730 0.5204
vn 0.4520 0.0658 0.8896
vn 0.4672 -0.4303 0.7723
vn 0.9935 0.0288 0.1099
vn 0.9934 -0.0116 -0.1141
vn 0.9872 -0.1378 -0.0802
vn 0.9646 -0.2308 -0.1275
vn -0.0477 0.9979 -0.0446
vn 0.2853 0.8028 -0.5235
vn -0.0099 0.8401 -0.5423
vn 0.3257 0.7884 -0.5218
vn -0.0705 0.9938 -0.0860
vn 0.2311 0.9719 -0.0438
vn 0.2313 0.9719 0.0434
vn -0.0705 0.9938 0.0855
vn 0.3265 0.7849 0.5266
vn -0.0481 0.9978 0.0448
vn -0.0104 0.8366 0.5477
vn 0.2843 0.7995 0.5292
vn -0.2150 0.6820 -0.6990
vn -0.4666 0.5625 -0.6825
vn -0.2657 0.9628 -0.0487
vn -0.5232 0.5671 -0.6362
vn -0.5999 0.7997 0.0260
vn -0.2970 0.9549 0.0048
vn -0.9442 0.3245 -0.0562
vn -0.5362 0.4270 -0.7281
vn -0.8063 0.1854 -0.5617
vn -0.5531 0.5216 -0.6496
vn -0.9349 0.3546 0.0117
vn -0.7685 0.6394 0.0242
vn -0.5468 0.5178 0.6579
vn -0.7685 0.6394 -0.0243
vn -0.9349 0.3546 -0.0118
vn -0.5203 0.5603 0.6444
vn -0.2970 0.9549 -0.0048
vn -0.5999 0.7997 -0.0261
vn -0.2658 0.9628 0.0485
vn -0.4631 0.5559 0.6904
vn -0.2131 0.6747 0.7067
vn -0.5292 0.4228 0.7357
vn -0.9442 0.3245 0.0562
vn -0.8031 0.1834 0.5669
vn -0.2275 -0.9730 -0.0391
vn -0.4169 -0.5919 -0.6898
vn -0.2087 -0.8117 -0.5455
vn -0.4182 -0.6570 -0.6273
vn -0.3044 -0.9501 0.0688
vn -0.6275 -0.7772 0.0472
vn -0.3044 -0.9501 -0.0688
vn -0.4135 -0.6517 0.6358
vn -0.6275 -0.7772 -0.0472
vn -0.7681 -0.6395 0.0326
vn -0.4578 -0.4650 0.7577
vn -0.6812 -0.2360 0.6931
vn -0.7544 -0.2946 0.5866
vn -0.9376 -0.3182 -0.1406
vn -0.7610 -0.6449 -0.0706
vn -0.9923 -0.0792 0.0952
vn -0.5892 -0.1797 0.7878
vn -0.6557 0.1688 0.7359
vn -0.8605 0.1557 0.4851
vn -0.9534 0.2991 -0.0400
vn -0.9961 -0.0486 -0.0731
vn -0.8631 0.1575 -0.4799
vn -0.9961 -0.0486 0.0730
vn -0.9534 0.2991 0.0399
vn -0.9923 -0.0792 -0.0952
vn -0.6641 0.1667 -0.7288
vn -0.5974 -0.1822 -0.7809
vn -0.9376 -0.3182 0.1406
vn -0.7580 -0.3011 -0.5786
vn -0.7610 -0.6449 0.0706
vn -0.7681 -0.6395 -0.0326
vn -0.6866 -0.2423 -0.6854
vn -0.4626 -0.4719 -0.7505
vn 0.2619 -0.6822 -0.6826
vn -0.0500 -0.9977 -0.0460
vn -0.0102 -0.7162 -0.6979
vn -0.0704 -0.9941 -0.0829
vn 0.3476 -0.6593 -0.6667
vn 0.2320 -0.9718 -0.0412
vn 0.3949 -0.9123 0.1082
vn 0.2458 -0.7633 -0.5974
vn 0.6841 -0.7292 0.0194
vn 0.5116 -0.3776 -0.7718
vn 0.6479 -0.7572 -0.0832
vn 0.2563 -0.6481 -0.7171
vn 0.7579 -0.2771 -0.5907
vn 0.9133 -0.3879 0.1245
vn 0.7302 -0.6818 0.0436
vn 0.9132 -0.3879 -0.1245
vn 0.7551 -0.2690 0.5979
vn 0.7302 -0.6818 -0.0435
vn 0.6479 -0.7571 0.0833
vn 0.5048 -0.3722 0.7789
vn 0.2495 -0.6426 0.7244
vn 0.2376 -0.7606 0.6042
vn 0.3949 -0.9123 -0.1082
vn 0.6841 -0.7292 -0.0194
vn 0.3485 -0.6512 0.6742
vn -0.0704 -0.9941 0.0829
vn 0.2320 -0.9718 0.0412
vn -0.0500 -0.9977 0.0460
vn 0.2605 -0.6747 0.6906
vn -0.0099 -0.7084 0.7058
vn 0.9993 -0.0376 0.0013
vn 0.9791 -0.2025 0.0204
vn 0.9996 -0.0294 -0.0021
vn -0.0312 0.5483 -0.8357
vn 0.0689 0.6868 -0.7235
vn 0.1174 0.6560 -0.7456
vn 0.1063 0.7540 -0.6482
vn -0.0982 0.7508 -0.6532
vn 0.9993 -0.0376 0.0012
vn -0.0982 0.7508 -0.6531
vn -0.9996 -0.0294 -0.0021
vn -0.9791 -0.2025 0.0204
vn -0.9993 -0.0376 0.0012
vn -0.1063 0.7540 -0.6482
vn 0.0982 0.7508 -0.6532
vn 0.0312 0.5483 -0.8357
vn -0.1174 0.6560 -0.7456
vn -0.0689 0.6868 -0.7235
vn 0.0982 0.7508 -0.6531
vn -0.9872 -0.1596 0.0000
vn -0.9501 -0.3120 -0.0014
vn -0.9483 -0.3172 -0.0053
vn -0.9860 -0.1655 -0.0185
vn -0.9484 -0.3172 -0.0049
vn -0.8714 -0.4898 0.0283
vn -0.8273 -0.5612 0.0269
vn -0.8713 -0.4899 0.0275
vn -0.8189 -0.5669 -0.0893
vn -0.8624 -0.4964 -0.0991
vn -0.8192 -0.5667 -0.0878
vn -0.6802 -0.7325 0.0277
vn -0.2823 -0.9569 0.0682
vn -0.6799 -0.7329 0.0258
vn -0.2574 -0.9663 -0.0044
vn -0.6643 -0.7474 0.0070
vn -0.2574 -0.9663 0.0000
vn 0.0014 -1.0000 0.0000
vn -0.2404 -0.9707 0.0078
vn -0.2404 -0.9707 0.0074
vn 0.0901 -0.3847 0.9187
vn -0.7455 0.6561 -0.1174
vn -0.8357 0.5483 0.0312
vn -0.7235 0.6869 -0.0689
vn -0.6482 0.7540 -0.1063
vn -0.6532 0.7508 0.0981
vn -0.6685 0.6421 0.3754
vn -0.9982 0.0031 0.0601
vn -0.6638 0.4257 0.6150
vn -0.9983 0.0456 0.0366
vn -0.5058 -0.0866 0.8583
vn -0.6642 0.2515 0.7040
vn -0.9978 0.0335 0.0577
vn -0.7016 -0.6808 0.2104
vn -0.6965 -0.5911 0.4067
vn -0.9886 -0.1478 0.0280
vn -0.6451 -0.4196 0.6386
vn -0.5085 -0.0229 0.8608
vn -0.9975 0.0129 -0.0700
vn -0.5956 -0.2926 0.7481
vn -0.9940 0.1010 -0.0429
vn -0.9986 -0.0306 0.0435
vn -0.9969 -0.0730 -0.0301
vn -0.9964 0.0763 0.0366
vn -0.9902 0.0541 -0.1286
vn -0.9610 -0.1387 -0.2394
vn -0.9844 -0.0801 -0.1569
vn -0.9921 -0.1212 -0.0321
vn -0.9995 -0.0168 0.0253
vn -0.9934 0.0981 0.0593
vn -0.9940 -0.0231 -0.1072
vn -0.9996 -0.0264 0.0089
vn -0.9926 -0.0012 0.1217
vn -0.9993 -0.0195 -0.0313
vn -0.9897 -0.0378 -0.1382
vn -0.9779 0.0440 -0.2045
vn -0.9752 0.0785 -0.2071
vn -0.9920 0.0426 -0.1185
vn -0.9966 0.0811 -0.0107
vn -0.9922 -0.0764 -0.0984
vn -0.6596 -0.7516 -0.0088
vn -0.6759 -0.6624 0.3232
vn -0.7176 -0.6224 0.3123
vn -0.9991 0.0413 -0.0050
vn -0.9974 0.0007 -0.0718
vn -0.9808 0.0834 0.1761
vn -0.9964 0.0841 0.0081
vn -0.9935 0.0508 0.1020
vn -0.7055 -0.6010 -0.3756
vn -0.9997 0.0118 0.0218
vn -0.9992 0.0312 -0.0253
vn -0.9978 -0.0216 0.0622
vn -0.7045 -0.5727 -0.4190
vn -0.5427 -0.7924 -0.2785
vn -0.9990 0.0032 -0.0455
vn -0.6725 -0.3754 -0.6378
vn -0.6783 -0.6186 -0.3964
vn -0.9843 0.1398 0.1081
vn -0.9984 0.0511 -0.0254
vn -0.9858 -0.0273 -0.1656
vn -0.9970 0.0780 -0.0021
vn -0.9946 0.0620 0.0830
vn -0.9973 -0.0125 -0.0725
vn -0.9731 -0.2127 0.0883
vn -0.9845 -0.0660 0.1625
vn -0.9838 -0.1641 0.0720
vn -0.9849 0.1186 -0.1265
vn -0.9981 -0.0288 -0.0539
vn -0.9833 -0.1821 0.0037
vn -0.9969 -0.0513 0.0592
vn -0.7466 0.5408 -0.3874
vn -0.9941 -0.1074 -0.0161
vn -1.0000 -0.0025 -0.0091
vn -0.9987 -0.0501 0.0130
vn -0.9989 -0.0219 0.0404
vn -0.9980 -0.0565 -0.0270
vn -0.9970 0.0697 -0.0346
vn -0.9935 -0.0980 0.0582
vn -0.9981 -0.0200 -0.0591
vn -0.6679 0.4782 -0.5703
vn -0.5004 0.2426 -0.8311
vn -0.9809 0.1444 -0.1302
vn -0.6515 -0.0729 -0.7551
vn -0.6778 -0.3876 -0.6248
vn -0.7276 -0.2191 -0.6501
vn -0.9966 -0.0476 0.0666
vn -0.9985 0.0262 0.0475
vn -0.6610 0.5574 -0.5024
vn -0.9780 -0.0280 -0.2066
vn -0.5285 0.8062 -0.2658
vn -0.9987 -0.0385 0.0333
vn -0.5864 0.7741 -0.2384
vn -0.9961 -0.0663 -0.0579
vn -0.6427 0.7119 -0.2831
vn -0.9954 0.0937 0.0206
vn -0.4773 0.8768 0.0579
vn -0.6538 0.3235 -0.6840
vn -0.5218 -0.0021 -0.8531
vn -0.9812 0.1885 -0.0403
vn -0.9997 -0.0001 0.0240
vn -0.7155 0.1983 -0.6699
vn -0.9972 -0.0744 -0.0017
vn -0.6499 0.0337 -0.7593
vn -0.6641 -0.3487 -0.6614
vn -0.9952 0.0451 -0.0866
vn -0.9996 -0.0000 0.0277
vn -0.7251 -0.1545 -0.6711
vn -0.9957 -0.0760 0.0534
vn -0.1675 -0.9858 0.0113
vn -0.0010 -0.9999 0.0110
vn -0.0068 -0.9970 -0.0770
vn -0.1729 -0.9812 -0.0863
vn -0.1868 -0.9795 -0.0759
vn -0.9998 0.0070 0.0194
vn -0.9777 0.2096 0.0115
vn -0.9998 0.0069 0.0194
vn -0.9997 0.0116 -0.0237
vn -0.9761 0.2138 -0.0385
vn -0.9798 0.1976 -0.0295
vn 0.0013 0.9999 0.0157
vn 0.1914 0.9814 0.0155
vn 0.2003 0.9797 -0.0112
vn 0.0030 0.9999 -0.0115
vn 0.1927 0.9810 -0.0238
vn 1.0000 0.0055 -0.0082
vn 0.9814 0.1917 -0.0126
vn 0.9779 0.2078 -0.0240
vn 0.9783 0.2072 -0.0054
vn 1.0000 0.0046 0.0020
vn 1.0000 0.0045 0.0019
vn 0.9950 -0.0985 -0.0132
vn 0.9734 -0.2285 -0.0165
vn 0.9931 -0.1169 -0.0120
vn 0.9656 -0.2582 0.0310
vn 0.9910 -0.1293 0.0351
vn 0.9759 -0.2156 0.0328
vn 0.9375 0.3471 0.0254
vn 0.9984 0.0536 0.0194
vn 0.9529 0.3027 -0.0205
vn -0.0000 0.3910 -0.9204
vn 0.0000 0.1906 -0.9817
vn -0.0000 0.4057 -0.9140
vn 0.0015 0.4026 -0.9154
vn -0.0027 0.7841 -0.6206
vn -0.0000 0.4172 -0.9088
vn 0.0039 0.7772 -0.6292
vn 0.0282 0.3932 -0.9190
vn 0.0053 0.7822 -0.6230
vn -0.0041 0.7773 -0.6291
vn -0.0139 0.7815 -0.6237
vn -0.0334 0.9054 -0.4232
vn -0.0001 0.0022 1.0000
vn 0.0152 0.0014 0.9999
vn 0.0038 0.0014 1.0000
vn 0.3415 0.0613 0.9379
vn 0.0122 -0.0005 0.9999
vn 0.2914 -0.0985 0.9515
vn -0.1430 0.0888 0.9857
vn -0.1610 0.0293 0.9865
vn 0.1684 -0.0084 0.9857
vn 0.3191 0.0802 0.9443
vn 0.1290 0.3618 0.9233
vn 0.0666 0.2686 0.9609
vn 0.0019 0.3935 0.9193
vn 0.0013 0.3934 0.9194
vn 0.0020 0.3940 0.9191
vn 0.0014 0.3919 0.9200
vn -0.0211 0.4239 0.9054
vn 0.0008 0.3917 0.9201
vn -0.1649 0.3620 0.9175
vn -0.3516 0.0778 0.9329
vn -0.1003 0.2711 0.9573
vn 0.1735 0.0295 0.9844
vn 0.1543 0.0884 0.9841
vn -0.1546 -0.0169 0.9878
vn -0.3437 0.0613 0.9371
vn -0.2930 -0.1006 0.9508
vn -0.0145 -0.0009 0.9999
vn -0.0002 0.0015 1.0000
vn -0.0069 -0.0122 0.9999
vn -0.3412 0.0052 0.9400
vn -0.9647 -0.1533 -0.2142
vn -0.9828 -0.1837 -0.0177
vn -0.9805 -0.1225 -0.1534
vn -0.7519 0.6336 0.1821
vn -0.9963 -0.0766 -0.0395
vn -0.9932 -0.1038 0.0523
vn -0.9971 0.0634 -0.0422
vn -0.4953 0.8053 0.3259
vn -0.4888 0.8720 -0.0242
vn -0.4801 0.6675 -0.5692
vn -0.9970 0.0778 -0.0045
vn -0.6442 0.7404 -0.1918
vn -0.9947 -0.0640 0.0805
vn -0.9784 -0.1521 0.1398
vn -0.9687 -0.2286 0.0963
vn -0.9894 -0.0726 0.1261
vn -0.9991 0.0293 0.0299
vn -0.9895 0.1253 -0.0719
vn 0.7822 -0.5947 -0.1854
vn 0.7997 -0.6004 -0.0032
vn 0.8159 -0.5623 -0.1348
vn 0.8692 -0.4569 -0.1889
vn 0.8680 -0.3660 -0.3355
vn 0.8340 -0.4919 -0.2500
vn 0.8180 -0.1794 -0.5465
vn 0.8007 -0.3513 -0.4853
vn 0.8357 -0.2970 -0.4620
vn 0.0218 -0.0068 0.9997
vn 0.6805 -0.1676 0.7134
vn 0.0211 0.0213 0.9995
vn -0.1486 -0.1807 0.9722
vn -0.7871 -0.0344 0.6159
vn -0.1451 -0.2233 0.9639
vn -0.4514 0.6059 0.6550
vn -0.8041 0.5945 -0.0049
vn -0.8182 0.5748 0.0111
vn -0.9891 0.1458 0.0185
vn -0.7104 0.2088 -0.6721
vn -0.7104 0.1774 -0.6811
vn 0.0906 0.2104 -0.9734
vn -0.5851 0.3761 -0.7185
vn -0.5805 0.4058 -0.7059
vn -0.2704 -0.3799 -0.8846
vn 0.4315 -0.5641 -0.7040
vn 0.4226 -0.6015 -0.6780
vn -0.0180 0.9936 -0.1111
vn -0.0653 0.9397 -0.3358
vn 0.0031 0.9967 -0.0814
vn -0.1239 0.9570 -0.2624
vn -0.1676 0.8471 -0.5044
vn -0.1689 0.8509 -0.4973
vn -0.0725 0.9963 0.0458
vn -0.1011 0.9865 -0.1291
vn -0.1043 0.9809 -0.1640
vn -0.2346 0.9612 -0.1451
vn -0.1987 0.9797 0.0278
vn -0.1979 0.9798 0.0280
vn 0.0880 -0.7518 -0.6535
vn -0.0081 -0.8956 -0.4449
vn -0.0495 -0.7519 -0.6575
vn -0.0567 -0.9214 -0.3844
vn -0.0870 -0.9721 -0.2177
vn -0.0451 -0.9084 -0.4157
vn -0.0258 -0.9767 -0.2130
vn -0.0689 -0.9237 -0.3769
vn -0.0250 -0.9767 -0.2129
vn 0.1400 -0.0001 0.9902
vn 0.1695 -0.1686 0.9710
vn 0.1453 -0.0070 0.9894
vn -0.8190 -0.5669 -0.0893
vn -0.8193 -0.5667 -0.0878
vn -0.1684 0.2586 0.9512
vn -0.1730 0.5306 0.8298
vn -0.6687 0.2418 0.7031
vn -0.9698 -0.0079 0.2438
vn -0.8363 -0.1418 0.5296
vn -0.9651 -0.0113 0.2615
vn -0.8274 -0.0110 0.5615
vn -0.9693 -0.0139 0.2455
vn -0.8272 -0.0302 0.5610
vn -0.8658 0.0130 0.5002
vn -0.9708 -0.0382 0.2367
vn -0.8113 -0.4597 0.3612
vn -0.8584 0.0833 0.5062
vn -0.8621 -0.0085 0.5067
vn -0.3887 -0.0013 0.9214
vn -0.3761 0.0777 0.9233
vn -0.8553 -0.0157 0.5179
vn -0.3449 0.0233 0.9383
vn 0.0035 -0.0001 -1.0000
vn 0.0035 -0.0003 -1.0000
vn 0.0070 -0.0005 -1.0000
vn 0.1282 -0.0094 0.9917
vn -0.4345 -0.1584 0.8866
vn 0.0662 -0.3755 0.9245
vn -0.1283 -0.0094 0.9917
vn -0.0662 -0.3755 0.9245
vn 0.4396 -0.1557 0.8846
vn 0.9996 -0.0250 0.0156
vn 0.9996 -0.0206 0.0186
vn 0.9996 -0.0149 0.0223
vn 0.9985 -0.0542 -0.0041
vn 0.9982 -0.0599 -0.0078
vn 0.9988 -0.0482 0.0000
vn -0.0107 0.9999 -0.0004
vn -0.0107 0.9999 -0.0003
vn -0.0216 0.9998 -0.0005
vn 0.6411 -0.7674 0.0110
vn 0.2251 -0.7380 0.6361
vn 0.6164 -0.7873 -0.0109
vn 0.9298 -0.3655 -0.0438
vn 0.5893 -0.4100 -0.6962
vn 0.5927 -0.3877 -0.7060
vn -0.9935 -0.0443 -0.1048
vn -0.9963 0.0618 0.0604
vn -0.9936 -0.0463 -0.1026
vn -0.9796 0.1478 0.1364
vn -0.9128 0.3237 0.2491
vn -0.9114 0.3372 0.2357
vn -0.4132 -0.5851 0.6978
vn -0.2275 -0.9730 0.0391
vn -0.2079 -0.8084 0.5507
vn 0.0253 -0.3662 0.9302
vn 0.0252 -0.4649 0.8850
vn -0.0888 -0.7611 0.6425
vn -0.0886 -0.4301 0.8984
vn -0.0921 -0.4390 0.8938
vn -0.0213 -0.7872 0.6163
vn -0.0232 -0.4572 0.8891
vn -0.0152 -0.7810 0.6243
vn 0.0076 -0.7804 0.6252
vn 0.0339 -0.9267 0.3743
vn 0.0326 -0.7854 0.6181
vn -0.7456 0.6560 -0.1174
vn -0.6531 0.7508 0.0981
vn 0.0194 0.0536 0.9984
vn 0.0254 0.3471 0.9375
vn -0.0205 0.3027 0.9529
vn 0.0351 -0.1293 0.9910
vn 0.0310 -0.2583 0.9656
vn 0.0328 -0.2156 0.9759
vn -0.0165 -0.2285 0.9734
vn -0.0132 -0.0985 0.9950
vn -0.0120 -0.1169 0.9931
vn 0.9710 -0.1686 0.1695
vn 0.9902 -0.0001 0.1400
vn 0.9894 -0.0070 0.1453
vn 0.1400 -0.0001 0.9901
vn 0.1454 -0.0070 0.9894
vn -0.0254 0.3471 0.9375
vn -0.0194 0.0536 0.9984
vn 0.0205 0.3027 0.9529
vn -0.0310 -0.2583 0.9656
vn -0.0351 -0.1293 0.9910
vn -0.0328 -0.2156 0.9759
vn 0.0132 -0.0985 0.9950
vn 0.0165 -0.2285 0.9734
vn 0.0120 -0.1169 0.9931
vn -0.9902 -0.0001 0.1400
vn -0.9710 -0.1686 0.1695
vn -0.9894 -0.0070 0.1453
vn 0.9887 -0.0435 0.1434
vn 0.9791 -0.1859 0.0824
vn 0.9882 -0.1392 0.0635
vn -0.9904 -0.1342 -0.0324
vn -0.9749 -0.2202 -0.0315
vn -0.9645 -0.2629 -0.0263
vn -0.9375 0.3471 -0.0254
vn -0.9984 0.0536 -0.0194
vn -0.9529 0.3027 0.0205
vn -0.9729 -0.1960 0.1226
vn -0.9949 -0.0894 0.0458
vn -0.9928 -0.1008 0.0642
vn -0.0102 0.3661 0.9305
vn -0.0174 0.6287 0.7775
vn -0.2589 0.8704 -0.4188
vn -0.1928 0.8647 -0.4639
vn -0.2811 0.6175 -0.7346
vn -0.0002 0.0683 -0.9977
vn 0.0000 0.0683 -0.9977
vn -0.0620 -0.7555 -0.6522
vn -0.0678 -0.8972 -0.4364
vn -0.0654 -0.7486 -0.6597
vn -0.0540 -0.5552 -0.8300
vn -0.0572 -0.7493 -0.6597
vn -0.0292 0.9814 0.1896
vn -0.0252 0.9995 0.0173
vn -0.0284 0.9780 0.2066
vn -0.0211 0.9996 0.0172
vn -0.0222 0.9816 0.1895
vn 0.0004 1.0000 -0.0004
vn 0.6482 0.7540 -0.1063
vn 0.6532 0.7508 0.0981
vn 0.7456 0.6560 -0.1174
vn 0.7235 0.6869 -0.0689
vn 0.8357 0.5483 0.0312
vn 0.9943 0.0699 0.0806
vn 0.9934 0.0606 0.0977
vn 0.7239 0.0582 0.6874
vn 0.7169 0.0585 0.6948
vn 0.6979 0.0589 0.7138
vn 0.9893 0.0548 0.1349
vn 0.0006 1.0000 -0.0081
vn 0.0025 1.0000 0.0035
vn 0.0022 1.0000 0.0031
vn 0.0031 1.0000 0.0022
vn 0.7455 0.6561 -0.1174
vn -0.2743 -0.1805 0.9446
vn -0.1885 -0.1745 0.9664
vn -0.2854 -0.1649 0.9441
vn 0.0577 -0.0017 0.9983
vn -0.0374 -0.0175 0.9991
vn 0.0590 -0.0008 0.9983
vn 0.0949 -0.3174 -0.9435
vn 0.2206 -0.5627 -0.7967
vn 0.1220 -0.3053 -0.9444
vn 0.0821 -0.5446 -0.8346
vn 0.0134 -0.2709 -0.9625
vn 0.0570 -0.5454 -0.8362
vn -0.0130 -0.9989 0.0443
vn -0.0511 -0.9649 -0.2578
vn -0.0739 -0.9634 -0.2578
vn 0.1528 -0.9721 0.1777
vn 0.1714 -0.9683 0.1818
vn 0.1462 -0.9819 -0.1207
vn -0.2690 -0.5289 0.8049
vn -0.2898 -0.5294 0.7973
vn -0.2510 -0.2587 0.9328
vn 0.2720 0.0106 0.9623
vn 0.2926 0.0154 0.9561
vn 0.2562 -0.2854 0.9235
vn -0.2148 0.7777 0.5908
vn -0.2371 0.7702 0.5921
vn -0.2003 0.9218 0.3319
vn -0.1395 0.9430 0.3020
vn -0.1110 0.9428 0.3144
vn -0.2377 0.7946 0.5587
vn 0.1944 0.7009 -0.6863
vn 0.1812 0.7129 -0.6775
vn 0.3147 0.8364 -0.4487
vn -0.1970 0.6411 -0.7417
vn -0.3282 0.4052 -0.8533
vn -0.2099 0.6501 -0.7303
vn 0.8367 0.0041 0.5476
vn 0.7977 -0.2926 0.5273
vn 0.9980 0.0433 0.0461
vn 0.9924 0.0720 0.0998
vn 0.7795 -0.3382 0.5273
vn 0.9731 -0.2244 0.0529
vn 0.7831 -0.3372 -0.5225
vn 0.9924 0.0720 -0.1000
vn 0.9731 -0.2243 -0.0531
vn 0.9980 0.0431 -0.0460
vn 0.8011 -0.2935 -0.5216
vn 0.8402 0.0038 -0.5422
vn -0.2818 0.9551 -0.0914
vn 0.2832 0.8465 0.4508
vn -0.2160 0.0997 0.9713
vn -0.2668 -0.0665 0.9614
vn -0.2101 0.0977 0.9728
vn 0.9085 -0.4052 -0.1020
vn 0.8566 -0.5061 -0.1006
vn 0.9929 -0.0922 -0.0745
vn 0.9931 -0.0919 -0.0725
vn 0.9950 -0.0615 -0.0789
vn -0.8928 0.2600 0.3678
vn -0.8928 -0.2600 -0.3678
vn -0.9982 0.0311 0.0505
vn -0.9991 0.0177 0.0376
vn -0.9944 -0.0308 0.1010
vn -0.9921 -0.0194 0.1240
vn -0.7381 0.2757 -0.6157
vn -0.9932 -0.0325 0.1114
vn 0.9891 -0.1305 -0.0683
vn 0.9923 -0.0999 -0.0727
vn 0.9926 -0.0997 -0.0689
vn 0.9858 -0.0952 -0.1382
vn 0.9943 -0.0838 -0.0664
vn 0.9880 -0.0841 -0.1293
vn 0.9949 -0.0831 -0.0574
vn 0.9883 -0.0842 -0.1274
vn 0.9944 -0.0833 -0.0644
vn 0.9973 -0.0736 -0.0052
vn 0.9947 -0.1022 0.0103
vn 0.9905 -0.1055 -0.0880
vn 0.9916 -0.0767 -0.1037
vn 0.9916 -0.0840 -0.0988
vn 0.9893 -0.1339 -0.0574
vn 0.9868 -0.1471 -0.0683
vn 0.9857 -0.1351 -0.1004
vn 0.9987 0.0069 -0.0503
vn 0.9990 0.0200 -0.0398
vn 0.9984 0.0007 -0.0563
vn 0.8581 -0.5090 -0.0684
vn 0.8581 -0.5089 -0.0678
vn 0.8824 -0.4645 -0.0744
vn -0.0001 0.0000 -1.0000
vn 0.9278 0.1739 -0.3302
vn 0.9279 0.1733 -0.3302
vn -0.0932 0.9944 0.0493
vn -0.0014 0.9916 0.1293
vn -0.8431 0.4267 0.3274
vn -0.8447 0.4256 0.3245
vn -0.8613 0.3574 0.3612
vn 0.9728 0.1967 -0.1224
vn 0.9728 0.1966 -0.1222
vn 0.9795 0.1544 -0.1291
vn -0.8538 -0.0001 0.5205
vn -0.8575 -0.0032 0.5145
vn -0.8698 0.0706 0.4883
vn 0.9418 0.3209 -0.1002
vn 0.9278 0.3613 -0.0932
vn 0.9417 0.3209 -0.1007
vn 0.7094 0.0094 -0.7048
vn 0.7092 0.0157 -0.7048
vn 0.0035 -0.0069 -1.0000
vn 0.0236 0.0004 -0.9997
vn 0.7234 0.0137 -0.6903
vn 0.9982 0.0311 0.0505
vn 0.9944 -0.0308 0.1010
vn 0.9991 0.0177 0.0376
vn 0.9921 -0.0194 0.1240
vn 0.9932 -0.0325 0.1114
vn 0.7382 0.2755 -0.6158
vn 0.0664 -0.6168 0.7843
vn -0.0221 0.0210 0.9995
vn 0.3421 -0.0574 0.9379
vn -0.0039 -0.4230 0.9061
vn 0.0135 -0.6200 0.7845
vn 0.0002 0.0683 -0.9977
vn -0.0136 0.2324 0.9725
vn -0.0117 0.4150 0.9097
vn 0.0374 0.4168 0.9082
vn 0.0348 0.2344 0.9715
vn 0.0386 0.4369 0.8987
vn -0.2194 -0.1975 -0.9554
vn -0.1721 -0.1923 -0.9661
vn -0.2620 0.9648 0.0244
vn 0.0001 0.0003 1.0000
vn 0.0004 0.0001 1.0000
vn 0.0030 0.0010 1.0000
vn -0.0001 0.0000 1.0000
vn 0.0030 0.0009 1.0000
vn 0.0005 0.0000 1.0000
vn 0.0047 0.0014 1.0000
vn 0.9990 -0.0013 -0.0443
vn 1.0000 -0.0020 -0.0029
vn 0.9987 -0.0004 -0.0504
vn 1.0000 -0.0024 0.0032
vn 0.9993 -0.0011 -0.0375
vn 1.0000 -0.0024 0.0073
vn 0.0932 0.9944 0.0493
vn 0.0012 0.9916 0.1294
vn 0.8575 -0.0034 0.5145
vn 0.8539 -0.0003 0.5205
vn 0.8698 0.0705 0.4883
vn -0.9994 -0.0332 0.0002
vn 0.8447 0.4256 0.3245
vn 0.8431 0.4267 0.3274
vn 0.8613 0.3574 0.3612
vn -1.0000 0.0030 0.0047
vn 0.8710 0.4883 -0.0540
vn 0.8710 0.4909 -0.0189
vn 0.8710 0.4763 -0.1203
vn 0.8710 0.4740 -0.1291
vn 0.8710 0.4878 -0.0588
vn 0.8710 0.4913 -0.0008
vn 0.8707 0.4913 0.0228
vn 0.8710 0.4912 0.0111
vn 0.8707 0.4906 0.0350
vn 0.0000 0.9997 0.0250
vn -0.8864 0.4630 -0.0042
vn -0.8838 -0.4678 0.0047
vn -0.8838 -0.4678 0.0021
vn -0.8838 0.4678 -0.0047
vn -0.8838 0.4678 -0.0021
vn -0.8864 -0.4630 0.0042
vn 0.0440 0.9990 -0.0039
vn 0.5138 -0.5226 0.6804
vn 0.5337 -0.5035 0.6795
vn 0.6642 -0.7469 -0.0333
vn 0.7304 -0.6779 0.0830
vn 0.5239 -0.3874 0.7586
vn 0.7499 -0.6564 0.0824
vn 0.9953 0.0962 0.0095
vn 0.9813 0.1915 0.0191
vn 0.5716 0.8205 -0.0000
vn 0.9954 0.0955 0.0094
vn 1.0000 -0.0008 -0.0003
vn -0.9728 0.1966 -0.1222
vn -0.9728 0.1967 -0.1224
vn -0.9795 0.1544 -0.1291
vn -0.9278 0.3613 -0.0932
vn -0.9418 0.3209 -0.1002
vn -0.9417 0.3209 -0.1007
vn 0.0041 0.7773 -0.6291
vn 0.0334 0.9054 -0.4232
vn 0.0139 0.7815 -0.6237
vn -0.0282 0.3932 -0.9190
vn -0.0039 0.7772 -0.6292
vn -0.0053 0.7822 -0.6230
vn 0.0026 0.7841 -0.6206
vn -0.0015 0.4026 -0.9154
vn 0.0068 0.9999 0.0148
vn 0.0135 0.9995 0.0282
vn 0.0000 1.0000 0.0015
vn 0.0554 -0.9973 0.0490
vn 0.0003 0.5172 0.8559
vn 0.9909 0.0140 0.1340
vn 0.9980 -0.0018 -0.0638
vn 0.9912 0.0123 0.1315
vn 0.9944 0.0127 -0.1045
vn 0.9954 -0.0119 0.0947
vn 0.9960 -0.0150 -0.0878
vn -0.8581 -0.5089 -0.0678
vn -0.8581 -0.5090 -0.0684
vn -0.8824 -0.4645 -0.0744
vn -0.9923 -0.0999 -0.0727
vn -0.9891 -0.1305 -0.0683
vn -0.9926 -0.0997 -0.0689
vn -0.9931 -0.0919 -0.0725
vn -0.9929 -0.0922 -0.0745
vn -0.9950 -0.0615 -0.0789
vn 0.0000 -0.9674 0.2532
vn 0.0000 0.6849 0.7286
vn 0.9263 -0.3767 -0.0000
vn -0.9263 -0.3767 -0.0000
vn 0.9888 0.1208 -0.0871
vn 0.9707 0.1062 -0.2155
vn 0.9890 0.1224 -0.0834
vn 0.9949 0.0024 -0.1009
vn 0.9994 0.0160 0.0300
vn 0.9948 0.0036 -0.1022
vn 0.9694 0.1527 -0.1921
vn 0.9317 0.1467 -0.3323
vn 0.9694 0.1594 -0.1867
vn 0.9913 0.0074 -0.1315
vn 0.9998 0.0090 0.0195
vn 0.9910 0.0086 -0.1334
vn -0.6208 0.6560 0.4292
vn 0.4570 0.7413 0.4916
vn -0.6147 0.7886 0.0160
vn 0.4778 0.8775 -0.0412
vn -0.6016 0.7972 -0.0504
vn 0.4706 0.7733 0.4249
vn -0.6201 0.7249 -0.3001
vn 0.4628 0.8184 -0.3406
vn -0.6171 0.4651 -0.6348
vn 0.4704 0.4967 -0.7293
vn -0.6110 0.4369 -0.6602
vn 0.4682 0.7997 -0.3758
vn 0.4670 0.3936 -0.7918
vn -0.6121 -0.0665 -0.7880
vn -0.6150 0.3449 -0.7091
vn -0.6072 -0.1019 -0.7880
vn 0.4728 0.3548 -0.8066
vn 0.4775 -0.1096 -0.8718
vn -0.6208 -0.3536 -0.6997
vn 0.4570 -0.3961 -0.7964
vn -0.6147 -0.6749 -0.4081
vn 0.4777 -0.7806 -0.4031
vn -0.6016 -0.7156 -0.3550
vn 0.4706 -0.4572 -0.7546
vn -0.6201 -0.7778 -0.1025
vn 0.4628 -0.8791 -0.1141
vn -0.6171 -0.7201 0.3172
vn 0.4705 -0.7949 0.3832
vn -0.6110 -0.7085 0.3533
vn 0.4683 -0.8804 -0.0744
vn -0.6150 -0.6532 0.4417
vn 0.4670 -0.7368 0.4889
vn -0.4031 -0.3927 0.8266
vn 0.3232 -0.3679 0.8719
vn -0.3984 -0.3560 0.8453
vn 0.4728 -0.7106 0.5210
vn -0.6208 -0.0436 0.7827
vn 0.4570 -0.0551 0.8877
vn -0.4059 0.4323 0.8052
vn 0.3236 0.5097 0.7972
vn -0.3924 0.5010 0.7714
vn 0.4706 0.0187 0.8821
vn -0.6128 -0.6639 0.4287
vn -0.4077 -0.3630 0.8378
vn -0.9999 -0.0116 -0.0040
vn -0.6074 -0.0949 0.7887
vn -0.3981 0.4833 0.7797
vn -0.9998 0.0039 0.0180
vn -0.6074 0.6356 0.4765
vn -0.6074 0.7942 -0.0182
vn -0.9998 0.0175 0.0056
vn -0.6130 0.7424 -0.2703
vn -0.6103 0.4554 -0.6482
vn -0.9999 0.0013 -0.0137
vn -0.6128 0.3606 -0.7032
vn -0.6157 -0.0864 -0.7832
vn -0.9999 0.0121 -0.0023
vn -0.6074 -0.3122 -0.7305
vn -0.6074 -0.6969 -0.3814
vn -0.9998 -0.0124 -0.0136
vn -0.6130 -0.7781 -0.1371
vn -0.6103 -0.7185 0.3337
vn -0.9999 -0.0080 0.0112
vn 0.9956 0.0725 -0.0597
vn 0.9798 0.0529 -0.1931
vn 0.9957 0.0733 -0.0573
vn 0.9945 -0.0052 -0.1046
vn 0.9994 0.0143 0.0305
vn 0.9943 -0.0039 -0.1066
vn 0.3125 -0.3416 0.8863
vn 0.4609 -0.7215 0.5167
vn 0.9996 -0.0264 0.0013
vn 0.4655 -0.7912 0.3967
vn 0.4726 -0.8772 -0.0849
vn 0.9997 -0.0050 0.0236
vn 0.4550 -0.8057 -0.3793
vn 0.4550 -0.4450 -0.7713
vn 0.9994 -0.0257 -0.0236
vn 0.4675 -0.1303 -0.8743
vn 0.4609 0.3665 -0.8082
vn 0.9997 0.0221 -0.0144
vn 0.4655 0.4868 -0.7391
vn 0.4726 0.8021 -0.3651
vn 0.9997 -0.0075 -0.0230
vn 0.4550 0.8874 -0.0744
vn 0.4550 0.7711 0.4455
vn 0.9994 0.0340 0.0077
vn 0.2990 0.5521 0.7783
vn 0.4550 -0.0002 0.8905
vn 0.9994 0.0104 0.0333
vn -0.9905 0.0230 -0.1353
vn -0.9990 0.0038 0.0440
vn -0.9909 0.0214 -0.1328
vn -0.9809 0.0588 -0.1855
vn -0.9991 0.0414 -0.0099
vn -0.9990 0.0447 -0.0038
vn -0.2602 -0.8959 -0.3601
vn -0.0000 -1.0000 0.0002
vn -0.2730 -0.9072 -0.3201
vn -0.9735 0.0537 -0.2222
vn -0.9998 0.0189 -0.0050
vn -0.9745 0.0509 -0.2185
vn -0.8285 0.2617 -0.4951
vn -0.9221 0.2385 -0.3046
vn -0.9235 0.2367 -0.3018
vn -0.9965 -0.0196 0.0812
vn -0.9938 0.0006 -0.1116
vn -0.9951 -0.0253 -0.0957
vn -0.9982 -0.0041 -0.0596
vn -0.9912 0.0137 0.1317
vn -0.9915 0.0121 0.1292
vn 0.0259 -0.4857 0.8738
vn 0.0689 -0.3276 0.9423
vn 0.0250 -0.4857 0.8738
vn 0.1131 -0.3184 0.9412
vn 0.0831 -0.4796 0.8735
vn 0.1161 -0.2845 0.9516
vn 0.1689 -0.0056 0.9856
vn 0.1676 0.0025 0.9859
vn 0.1239 -0.2618 0.9571
vn 0.0180 -0.4107 0.9116
vn -0.0031 -0.4378 0.8991
vn 0.0654 -0.1898 0.9797
vn -0.8555 0.2868 -0.4312
vn 0.4736 0.2483 0.8450
vn -0.2348 -0.4925 0.8381
vn 1.0000 -0.0021 -0.0037
vn -0.0727 0.9971 -0.0234
vn -0.4109 0.8831 -0.2265
vn -0.9935 0.0386 0.1069
vn -0.9943 0.0474 0.0950
vn -0.9932 0.0416 0.1086
vn -0.9560 -0.0845 0.2808
vn -0.9518 -0.0930 0.2922
vn -0.9561 -0.0849 0.2805
vn 0.9687 0.1578 0.1915
vn 0.9708 0.1507 0.1869
vn 0.9600 0.1065 0.2590
vn 0.0881 -0.7887 0.6085
vn -0.0081 -0.6124 0.7905
vn -0.0496 -0.7926 0.6077
vn -0.0825 -0.4955 0.8647
vn -0.1146 -0.3362 0.9348
vn -0.0717 -0.5251 0.8480
vn -0.1987 -0.3425 0.9183
vn -0.2346 -0.4958 0.8362
vn -0.1978 -0.3425 0.9185
vn 0.3849 0.3248 -0.8639
vn 0.3990 0.5765 -0.7130
vn 0.3733 0.3331 -0.8659
vn -0.1769 0.8386 -0.5152
vn -0.1994 0.8353 -0.5124
vn -0.1394 0.6457 -0.7508
vn -0.4291 -0.8716 0.2369
vn -0.3591 -0.9325 -0.0379
vn -0.3585 -0.9328 -0.0374
vn 0.3937 -0.8537 -0.3409
vn 0.3969 -0.8535 -0.3377
vn 0.4510 -0.6889 -0.5675
vn -0.3495 -0.1824 -0.9190
vn -0.3832 -0.4531 -0.8049
vn -0.3434 -0.1866 -0.9204
vn -0.3985 0.1298 0.9079
vn -0.3058 -0.1460 0.9408
vn -0.2989 -0.1392 0.9441
vn 0.3905 -0.3463 0.8530
vn 0.3888 -0.3483 0.8530
vn 0.4654 -0.5654 0.6810
vn -0.0697 0.9761 0.2057
vn 0.1105 0.8905 0.4414
vn 0.1369 0.9024 0.4086
vn 0.2651 0.8887 0.3740
vn 0.2590 0.8876 0.3809
vn 0.3628 0.7218 0.5893
vn -0.2008 -0.9792 0.0299
vn -0.0709 -0.9678 -0.2415
vn -0.0552 -0.9727 -0.2255
vn 0.1219 -0.3282 0.9367
vn 0.1818 -0.5893 0.7872
vn 0.1560 -0.5896 0.7925
vn 0.1953 -0.5637 0.8026
vn 0.0712 -0.3150 0.9464
vn 0.1007 -0.3044 0.9472
vn 0.0649 -0.3109 -0.9482
vn 0.1765 -0.0379 -0.9836
vn 0.0756 -0.3189 -0.9448
vn -0.0610 -0.3169 -0.9465
vn -0.1736 -0.5569 -0.8123
vn -0.0722 -0.3080 -0.9486
vn 0.1051 -0.9728 -0.2063
vn 0.0936 -0.9714 -0.2181
vn 0.2203 -0.8619 -0.4567
vn -0.1974 0.9763 -0.0886
vn -0.0951 0.9762 0.1949
vn -0.0841 0.9789 0.1863
vn 0.0964 0.6318 -0.7691
vn 0.2174 0.7994 -0.5600
vn 0.1077 0.6228 -0.7749
vn -0.0847 0.6175 -0.7820
vn -0.2045 0.3781 -0.9029
vn -0.0958 0.6250 -0.7747
vn -0.2084 0.4602 0.8630
vn -0.2234 0.4565 0.8612
vn -0.1954 0.7056 0.6811
vn 0.2902 0.8934 0.3430
vn 0.2970 0.8932 0.3376
vn 0.3374 0.7408 0.5809
vn -0.0147 0.0935 -0.9955
vn -0.0117 0.0950 -0.9954
vn -0.0133 0.0941 -0.9955
vn -0.1843 0.0210 -0.9826
vn -0.1828 0.0223 -0.9829
vn -0.1816 0.0225 -0.9831
vn -0.1987 0.6266 -0.7536
vn -0.2347 0.7441 -0.6255
vn -0.1979 0.6266 -0.7538
vn -0.0825 0.7533 -0.6525
vn -0.1147 0.6261 -0.7713
vn -0.0717 0.7757 -0.6271
vn 0.0881 0.9454 -0.3138
vn -0.0081 0.8391 -0.5440
vn -0.0495 0.9488 -0.3119
vn 0.0180 0.6954 0.7184
vn -0.0031 0.6738 0.7389
vn 0.0653 0.8403 0.5382
vn 0.1239 0.7927 0.5968
vn 0.1689 0.9139 0.3692
vn 0.1676 0.9171 0.3618
vn 0.1131 0.7571 0.6435
vn 0.0830 0.6347 0.7683
vn 0.1162 0.7792 0.6159
vn 0.0258 0.6326 0.7740
vn 0.0688 0.7546 0.6525
vn 0.0250 0.6326 0.7741
vn -0.0501 -0.9979 0.0408
vn -0.0500 -0.9979 0.0409
vn -0.0501 -0.9979 0.0404
vn 0.9442 0.2788 -0.1752
vn 0.9448 0.2817 -0.1671
vn 0.9398 0.2841 -0.1896
vn 0.6725 0.1055 0.7325
vn 0.2433 0.0061 0.9699
vn 0.6769 0.0929 0.7302
vn -0.2469 0.1538 0.9567
vn -0.6127 0.3718 0.6974
vn -0.6382 0.3363 0.6926
vn -0.7202 0.3321 0.6091
vn -0.3661 0.1584 0.9170
vn -0.3501 0.1824 0.9188
vn -0.0007 1.0000 -0.0061
vn 0.0006 1.0000 -0.0025
vn 0.8895 -0.0628 -0.4526
vn 0.8761 0.0536 -0.4791
vn 0.8645 0.0688 -0.4978
vn 0.8678 0.2928 -0.4015
vn 0.8536 0.1542 -0.4976
vn 0.8480 0.2558 -0.4641
vn 0.0081 -0.9973 0.0731
vn 0.0496 -0.9447 0.3242
vn -0.0880 -0.9431 0.3206
vn 0.0826 -0.9944 -0.0654
vn 0.1147 -0.9648 -0.2369
vn 0.0717 -0.9969 -0.0314
vn 0.1989 -0.9544 -0.2224
vn 0.2347 -0.9708 -0.0493
vn 0.1979 -0.9546 -0.2226
vn -0.8520 -0.5236 0.0000
vn -0.4881 -0.8728 -0.0000
vn -0.5519 -0.8080 -0.2063
vn -0.6987 -0.5842 -0.4130
vn -0.0400 -0.9731 -0.2271
vn -0.0012 1.0000 -0.0020
vn 0.0022 1.0000 -0.0009
vn 0.4109 0.8831 -0.2265
vn 0.0727 0.9971 -0.0234
vn -0.5488 0.8358 -0.0136
vn -0.5313 0.7989 0.2819
vn -0.0460 0.9977 -0.0490
vn 0.0281 0.9996 -0.0034
vn -0.4782 0.8229 0.3067
vn 0.0358 0.9382 0.3444
vn 0.4730 0.8257 0.3073
vn -0.0278 0.9996 -0.0034
vn -0.0356 0.9382 0.3443
vn 0.0460 0.9977 -0.0488
vn 0.5260 0.8022 0.2826
vn 0.5436 0.8392 -0.0135
vn 0.0487 0.2657 -0.9628
vn 0.6825 0.4666 -0.5625
vn 0.5451 0.2501 -0.8002
vn 0.6362 0.5232 -0.5671
vn -0.0048 0.2970 -0.9549
vn -0.0261 0.5999 -0.7997
vn -0.6444 0.5203 -0.5603
vn 0.0261 0.5999 -0.7997
vn 0.0048 0.2970 -0.9549
vn -0.6904 0.4630 -0.5559
vn -0.0485 0.2658 -0.9628
vn -0.5501 0.2494 -0.7970
vn -0.5487 -0.7974 -0.2511
vn -0.6893 -0.5568 -0.4636
vn -0.0473 -0.9627 -0.2662
vn 0.9935 0.0386 0.1069
vn 0.9932 0.0416 0.1086
vn 0.9943 0.0474 0.0950
vn 0.0995 -0.0883 0.9911
vn -0.4786 -0.1363 0.8674
vn 0.0182 -0.4229 0.9060
vn 0.4741 -0.1397 0.8693
vn -0.0994 -0.0884 0.9911
vn -0.0180 -0.4230 0.9060
vn 0.9518 -0.0930 0.2922
vn 0.9560 -0.0845 0.2808
vn 0.9561 -0.0849 0.2805
vn 0.1286 0.9916 0.0100
vn -0.4398 0.8850 0.1531
vn 0.0653 0.9243 0.3759
vn 0.4776 0.8146 0.3290
vn -0.0035 0.9999 -0.0127
vn -0.0252 0.9461 0.3230
vn 0.0460 0.9980 -0.0431
vn 0.5216 0.8011 0.2935
vn 0.5422 0.8402 -0.0038
vn 0.5979 0.2495 -0.7617
vn -0.1088 0.3941 -0.9126
vn -0.0211 0.6838 -0.7294
vn 0.0317 0.6406 -0.7672
vn 0.6075 0.5857 -0.5367
vn 0.6857 0.2455 -0.6852
vn -0.6360 0.6210 -0.4581
vn -0.0828 0.6491 -0.7562
vn -0.7250 0.2530 -0.6406
vn -0.6047 0.2407 -0.7592
vn 0.0209 0.6838 -0.7293
vn 0.1087 0.3942 -0.9126
vn -0.9708 0.1507 0.1869
vn -0.9687 0.1578 0.1915
vn -0.9600 0.1065 0.2590
vn 0.9177 0.0562 0.3934
vn 0.9071 0.0700 0.4150
vn 0.9143 0.0600 0.4006
vn 0.9482 0.0093 0.3176
vn 0.9425 0.0172 0.3338
vn 0.9374 0.0260 0.3473
vn 0.0481 -0.9908 0.1264
vn 0.0480 -0.9909 0.1261
vn 0.0480 -0.9908 0.1265
vn -0.9014 0.4143 -0.1256
vn -0.9081 0.3977 -0.1313
vn -0.9055 0.4041 -0.1294
vn -0.9522 0.2657 -0.1509
vn -0.9558 0.2504 -0.1539
vn -0.9510 0.2720 -0.1471
vn 0.0342 0.3848 -0.9224
vn 0.7529 0.2979 -0.5868
vn 0.5377 0.1001 -0.8372
vn -0.0076 0.5784 -0.8157
vn 0.4447 0.7659 -0.4643
vn 0.6380 0.5436 -0.5453
vn 0.4796 0.7459 -0.4621
vn -0.0047 0.5847 -0.8112
vn -0.0250 0.8216 -0.5695
vn -0.4849 0.7440 -0.4597
vn 0.0251 0.8216 -0.5695
vn 0.0049 0.5847 -0.8112
vn -0.4505 0.7637 -0.4624
vn 0.0076 0.5784 -0.8158
vn -0.6464 0.5399 -0.5391
vn -0.7601 0.2926 -0.5802
vn -0.0341 0.3850 -0.9223
vn -0.5428 0.0978 -0.8342
vn 0.0318 -0.6405 -0.7673
vn -0.1087 -0.3942 -0.9126
vn 0.6047 -0.2407 -0.7592
vn -0.0209 -0.6838 -0.7293
vn 0.0855 0.0705 -0.9938
vn 0.6749 -0.3501 -0.6495
vn 0.0434 -0.2313 -0.9719
vn 0.6890 -0.2631 -0.6754
vn 0.0448 0.0480 -0.9978
vn 0.7046 0.0061 -0.7096
vn -0.0446 0.0477 -0.9979
vn -0.6806 -0.2650 -0.6830
vn -0.6965 0.0057 -0.7175
vn -0.6676 -0.3496 -0.6574
vn -0.0860 0.0705 -0.9938
vn -0.0438 -0.2311 -0.9719
vn -0.5979 -0.2495 -0.7617
vn 0.1088 -0.3941 -0.9126
vn 0.0211 -0.6838 -0.7294
vn -0.6429 -0.2270 0.7315
vn -0.0957 -0.0797 0.9922
vn -0.5883 0.1209 0.7995
vn 0.5931 0.1226 0.7958
vn 0.0956 -0.0797 0.9922
vn 0.6477 -0.2254 0.7278
vn -0.5352 0.8119 0.2332
vn -0.0402 0.9956 -0.0848
vn -0.5469 0.8355 -0.0540
vn 0.0687 0.9976 -0.0041
vn -0.4654 0.8517 0.2410
vn 0.0472 0.9331 0.3566
vn -0.0688 0.9976 -0.0040
vn -0.0472 0.9331 0.3566
vn 0.4708 0.8491 0.2396
vn 0.5519 0.8322 -0.0535
vn 0.0400 0.9956 -0.0847
vn 0.5403 0.8086 0.2328
vn 0.1536 -0.9370 -0.3138
vn -0.5684 -0.7560 -0.3247
vn 0.0902 -0.7610 -0.6424
vn -0.1536 -0.9370 -0.3138
vn -0.0903 -0.7611 -0.6424
vn 0.5767 -0.7522 -0.3187
vn 0.7785 -0.5070 -0.3699
vn 0.0834 -0.6491 -0.7561
vn 0.7252 -0.2524 -0.6406
vn -0.1084 -0.3945 -0.9125
vn 0.6048 -0.2398 -0.7594
vn -0.0204 -0.6839 -0.7293
vn 0.0845 0.0703 -0.9939
vn 0.6749 -0.3492 -0.6501
vn 0.0426 -0.2316 -0.9719
vn 0.6908 -0.2604 -0.6745
vn 0.0460 0.0490 -0.9977
vn 0.7056 0.0098 -0.7086
vn -0.0460 0.0488 -0.9977
vn -0.6828 -0.2619 -0.6820
vn -0.6977 0.0100 -0.7163
vn -0.6675 -0.3485 -0.6580
vn -0.0848 0.0703 -0.9939
vn -0.0429 -0.2315 -0.9719
vn -0.5980 -0.2484 -0.7620
vn 0.1084 -0.3944 -0.9125
vn 0.0205 -0.6838 -0.7294
vn -0.0834 -0.6492 -0.7560
vn -0.7714 -0.5142 -0.3749
vn -0.7180 -0.2595 -0.6458
vn -0.6991 -0.5836 0.4132
vn -0.6928 -0.4432 0.5689
vn -0.9968 0.0449 0.0659
vn -0.6974 -0.5487 0.4610
vn -0.9997 0.0136 0.0190
vn -0.9993 -0.0314 -0.0191
vn -0.6609 -0.7295 0.1763
vn -0.6672 -0.5753 0.4732
vn -0.9977 -0.0680 -0.0058
vn -0.9996 0.0242 -0.0142
vn -0.9956 -0.0008 -0.0938
vn -0.7241 -0.6428 0.2501
vn -0.9872 -0.0921 -0.1305
vn -0.4744 -0.8488 -0.2335
vn -0.6645 -0.7243 0.1839
vn -0.9966 -0.0697 0.0434
vn -0.7022 -0.3561 -0.6165
vn -0.6951 -0.5498 -0.4632
vn 0.0004 1.0000 0.0009
vn -0.0015 1.0000 -0.0004
vn -0.0014 1.0000 0.0028
vn 0.0019 1.0000 0.0015
vn 0.0022 1.0000 0.0041
vn 0.0020 1.0000 0.0007
vn 0.0505 0.9981 -0.0343
vn 0.0505 0.9980 -0.0370
vn -0.5770 -0.2722 0.7700
vn -0.0553 -0.0173 0.9983
vn -0.5617 0.0690 0.8245
vn 0.0117 -0.0481 0.9988
vn -0.4893 -0.3499 0.7988
vn 0.0245 -0.3706 0.9285
vn -0.0117 -0.0481 0.9988
vn -0.0245 -0.3706 0.9285
vn 0.4947 -0.3493 0.7958
vn 0.5668 0.0703 0.8208
vn 0.0554 -0.0173 0.9983
vn 0.5824 -0.2711 0.7664
vn -0.0068 0.9999 0.0148
vn 0.1285 0.9917 0.0100
vn -0.4347 0.8870 0.1554
vn 0.0652 0.9243 0.3760
vn -0.0048 0.9999 -0.0125
vn -0.0261 0.9459 0.3234
vn 0.4825 0.8121 0.3281
vn 0.5501 0.8351 -0.0091
vn 0.0485 0.9978 -0.0447
vn 0.5309 0.7965 0.2894
vn -0.0135 0.9995 0.0282
vn 0.9856 0.1440 -0.0889
vn 0.7707 0.6315 -0.0849
vn 0.7765 0.6190 -0.1181
vn 0.2219 0.9549 -0.1971
vn 0.7545 0.6326 -0.1750
vn 0.7452 0.6410 -0.1835
vn -0.0366 0.9609 0.2744
vn 0.2509 0.9319 0.2619
vn 0.2783 0.9238 0.2629
vn 0.2482 0.9428 0.2226
vn -0.0394 0.9735 0.2254
vn -0.1151 0.9606 0.2531
vn -0.2557 0.9364 0.2402
vn -0.1791 0.9628 0.2022
vn 0.0149 0.9947 0.1017
vn -0.0216 -0.7806 0.6247
vn 0.4998 -0.6883 0.5258
vn 0.4408 -0.7180 0.5387
vn 0.4025 -0.9154 -0.0030
vn 0.8735 -0.4749 -0.1069
vn 0.8579 -0.5123 -0.0405
vn 0.9037 -0.4042 0.1411
vn 0.9972 -0.0382 0.0641
vn 0.9816 -0.1374 0.1329
vn 0.9338 0.1972 0.2985
vn 0.9518 -0.0246 0.3058
vn 0.9555 0.0165 0.2944
vn 0.9795 0.0011 0.2013
vn 0.9581 0.2126 0.1920
vn 0.9646 0.1820 0.1907
vn -0.9839 0.1402 -0.1108
vn -0.7748 0.6143 -0.1496
vn -0.7707 0.6284 -0.1054
vn -0.7514 0.6282 -0.2019
vn -0.2204 0.9537 -0.2046
vn -0.7439 0.6401 -0.1920
vn -0.2540 0.9221 0.2921
vn 0.0334 0.9514 0.3063
vn -0.2814 0.9136 0.2934
vn 0.0382 0.9733 0.2265
vn -0.2494 0.9424 0.2229
vn 0.1141 0.9609 0.2525
vn 0.1788 0.9628 0.2026
vn 0.2554 0.9364 0.2405
vn -0.0152 0.9947 0.1021
vn -0.4978 -0.6986 0.5139
vn 0.0238 -0.7913 0.6109
vn -0.4388 -0.7282 0.5265
vn -0.4028 -0.9153 -0.0029
vn -0.8581 -0.5123 -0.0344
vn -0.8739 -0.4745 -0.1054
vn -0.9035 -0.4028 0.1463
vn -0.9810 -0.1361 0.1383
vn -0.9969 -0.0367 0.0694
vn -0.9509 -0.0240 0.3085
vn -0.9333 0.1978 0.2997
vn -0.9548 0.0171 0.2968
vn -0.9801 0.0002 0.1985
vn -0.9656 0.1810 0.1865
vn -0.9590 0.2117 0.1885
vn 0.9904 0.0036 0.1383
vn 0.9904 0.0006 0.1384
vn 0.9905 0.0091 0.1376
vn 0.9572 0.1411 0.2527
vn 0.9904 0.0069 0.1377
vn 0.9904 -0.0000 0.1384
vn 0.9561 0.1511 0.2510
vn 0.7703 0.3779 0.5137
vn 0.2936 0.5487 0.7828
vn 0.7201 0.1184 0.6837
vn 0.9725 -0.0724 0.2212
vn 0.6960 0.4078 0.5910
vn 0.7615 0.1327 0.6344
vn 0.0108 -0.9999 -0.0000
vn -0.9954 0.0955 0.0094
vn -1.0000 -0.0008 -0.0003
vn -0.9999 0.0113 -0.0113
vn -0.9999 -0.0071 -0.0141
vn -0.9999 0.0100 -0.0115
vn -0.9998 -0.0105 -0.0146
vn 0.0175 0.0000 -0.9998
vn -0.9953 0.0962 0.0095
vn -0.9813 0.1915 0.0191
vn -0.0440 0.9990 -0.0039
vn -0.9998 0.0000 -0.0175
vn 1.0000 0.0030 0.0047
vn -0.0757 0.0198 0.9969
vn -0.0376 0.0797 0.9961
vn -0.0248 0.0905 0.9956
vn 0.0171 0.0175 0.9997
vn -0.0311 -0.0312 0.9990
vn 0.9994 -0.0332 0.0002
vn 0.0099 -0.0073 0.9999
vn 0.0108 -0.0063 0.9999
vn 0.0098 -0.0074 0.9999
vn 0.0091 -0.0084 0.9999
vn -0.9993 -0.0011 -0.0375
vn -1.0000 -0.0024 0.0032
vn -1.0000 -0.0024 0.0073
vn -0.9987 -0.0004 -0.0504
vn -1.0000 -0.0020 -0.0029
vn -0.9990 -0.0013 -0.0443
vn -0.3755 -0.4467 -0.8121
vn -0.9014 -0.0930 -0.4228
vn -0.8811 0.0128 -0.4728
vn 0.5036 0.1534 -0.8502
vn -0.2347 0.0201 -0.9719
vn -0.2402 0.0387 -0.9699
vn 0.5493 0.4240 -0.7201
vn -0.0586 0.0507 -0.9970
vn -0.1099 0.1566 -0.9815
vn -0.5426 -0.2153 -0.8119
vn 0.0249 0.2761 -0.9608
vn 0.0964 0.1374 -0.9858
vn 0.9545 0.2981 0.0004
vn 0.7299 0.6836 0.0004
vn 0.7299 0.6836 0.0005
vn 0.9545 0.2981 0.0002
vn 0.7297 0.6838 0.0005
vn 0.8692 0.4944 -0.0033
vn 0.7847 0.6198 -0.0044
vn 0.7846 0.6200 0.0007
vn 0.7126 0.6388 0.2901
vn 0.8128 0.5461 0.2028
vn 0.8129 0.5456 0.2039
vn -0.9395 -0.3074 -0.1513
vn -0.8169 -0.5227 0.2437
vn -0.7970 -0.5864 0.1447
vn -0.9215 -0.3763 -0.0965
vn -0.9327 -0.3606 -0.0106
vn -0.6660 -0.7435 0.0606
vn -0.4189 -0.9079 -0.0143
vn -0.4083 0.9099 -0.0732
vn -0.3499 0.9368 0.0000
vn 0.4083 0.9099 -0.0732
vn 0.3499 0.9368 0.0000
vn 0.2252 0.9743 0.0000
vn -1.0000 0.0004 0.0021
vn -0.2596 0.2722 0.9265
vn -0.9591 0.2804 -0.0384
vn 0.8555 0.2868 -0.4312
vn 0.7903 0.1124 0.6023
vn 0.2446 0.2118 0.9462
vn 0.7967 0.1098 0.5944
vn -0.9848 0.0719 0.1581
vn -0.9865 0.0692 0.1481
vn -0.6701 0.1909 0.7173
usemtl material_1
s 1
f 2516/1/1 2517/2/2 1310/3/3
f 2517/2/4 2516/1/5 1334/4/6
f 2517/2/4 1334/4/6 1331/5/7
f 1323/6/8 1320/7/9 1321/8/10
f 1320/7/9 1323/6/8 1319/9/11
f 1324/10/12 1319/9/11 1323/6/8
f 1319/9/11 1324/10/12 1318/11/13
f 2518/12/14 1317/13/15 1316/14/16
f 2519/15/17 2518/12/14 1316/14/16
f 2518/12/18 2519/15/19 1301/16/20
f 2520/17/21 2129/18/22 2130/19/23
f 2520/17/21 2136/20/24 2129/18/25
f 2131/21/26 2136/20/27 2520/17/28
f 2136/20/24 2131/21/29 2121/22/30
f 2125/23/31 2133/24/32 2126/25/33
f 2126/25/33 2133/24/32 2132/26/34
f 1327/27/35 1329/28/36 1328/29/37
f 1329/28/36 1327/27/35 1326/30/38
f 1326/30/38 1330/31/39 1329/28/36
f 1330/31/39 1326/30/38 1325/32/40
f 855/33/41 857/34/42 856/35/43
f 855/33/41 859/36/44 857/34/42
f 2522/37/45 850/38/46 2521/39/47
f 850/38/46 2522/37/45 853/40/48
f 850/38/46 853/40/48 851/41/49
f 851/41/50 853/40/48 852/42/51
f 441/43/52 2523/44/53 442/45/54
f 445/46/55 2523/44/53 441/43/56
f 446/47/57 2523/44/53 445/46/55
f 2523/44/53 446/47/57 444/48/58
f 2524/49/59 444/48/58 446/47/57
f 444/48/58 2524/49/59 409/50/60
f 2524/49/59 410/51/61 409/50/60
f 1715/52/62 410/51/61 2524/49/59
f 410/51/61 1715/52/62 412/53/63
f 412/53/63 1715/52/62 1714/54/64
f 412/53/63 1714/54/64 413/55/65
f 413/55/65 1714/54/64 414/56/66
usemtl material_0
f 25/57/67 3/58/68 4/59/69
f 25/57/70 4/59/71 5/60/72
f 4/59/73 6/61/74 7/62/75
f 6/61/76 4/59/77 3/58/78
f 7/62/79 8/63/80 4/59/81
f 6/61/82 10/64/83 9/65/84
f 9/65/85 11/66/86 6/61/87
f 7/62/88 6/61/89 11/66/90
f 13/67/91 3/58/92 12/68/93
f 10/64/94 13/67/95 7/69/96
f 7/69/97 11/70/98 10/64/99
f 3/58/100 13/67/101 6/61/102
f 13/67/103 10/64/104 6/61/105
f 14/71/106 15/72/107 16/73/108
f 17/74/109 18/75/110 19/76/111
f 18/75/112 20/77/113 19/76/114
f 18/75/115 21/78/116 20/77/117
f 14/71/118 20/77/119 21/78/120
f 20/77/121 14/71/122 16/73/123
f 22/79/124 16/73/125 23/80/126
f 19/76/127 20/77/128 22/79/129
f 16/73/130 22/79/131 20/77/132
f 21/78/133 18/75/134 24/81/135
f 12/68/136 7/69/137 13/67/138
f 7/69/139 12/68/140 8/82/141
f 4/83/142 8/82/143 12/68/144
f 12/68/145 5/84/146 4/83/147
f 5/84/148 12/68/149 25/57/150
f 3/58/151 25/57/152 12/68/153
f 26/85/154 27/86/155 28/87/156
f 27/86/157 26/85/158 29/88/159
f 27/86/160 29/88/161 30/89/162
f 31/90/163 27/86/164 30/89/165
f 32/91/166 33/92/167 29/88/168
f 30/89/169 29/88/170 33/92/171
f 33/92/172 32/91/173 34/93/174
f 34/93/175 32/91/176 35/94/177
f 32/91/178 36/95/179 35/94/180
f 32/91/181 37/96/182 36/95/183
f 37/96/184 32/91/185 29/88/186
f 29/88/187 26/85/188 37/96/189
f 41/97/190 42/98/191 40/99/192
f 42/98/193 39/100/194 40/99/195
f 43/101/196 44/102/197 15/103/198
f 44/102/199 43/101/200 45/104/201
f 23/105/202 44/102/203 46/106/204
f 27/107/205 47/108/206 45/104/207
f 46/106/208 45/104/209 47/108/210
f 45/104/211 46/106/212 44/102/213
f 47/108/214 27/107/215 31/109/216
f 48/110/217 28/111/218 27/107/219
f 45/104/220 48/110/221 27/107/222
f 48/110/223 45/104/224 43/101/225
f 51/112/226 49/113/227 50/114/228
f 50/114/229 52/115/230 51/112/231
f 52/115/232 50/114/233 64/116/234
f 64/116/235 50/114/236 53/117/237
f 50/114/238 54/118/239 53/117/240
f 54/118/241 50/114/242 55/119/243
f 49/113/244 55/119/245 50/114/246
f 55/119/247 49/113/248 56/120/249
f 55/119/250 56/120/251 57/121/252
f 55/119/253 57/121/254 54/118/255
f 54/118/256 57/121/257 58/122/258
f 60/123/259 61/124/260 59/125/261
f 60/123/262 62/126/263 61/124/264
f 57/121/265 56/120/266 63/127/267
f 56/120/268 54/128/269 58/129/270
f 58/129/271 63/127/272 56/120/273
f 56/120/274 64/130/275 54/128/276
f 64/130/277 56/120/278 49/113/279
f 54/128/280 64/130/281 53/131/282
f 49/113/283 51/112/284 64/130/285
f 52/132/286 64/130/287 51/112/288
f 40/133/289 39/134/290 38/135/291
f 40/136/292 38/137/292 62/126/292
f 60/123/293 40/136/293 62/126/293
f 40/136/294 60/123/294 41/138/294
f 65/139/295 70/140/296 69/141/297
f 69/141/298 70/140/299 67/142/300
f 71/143/301 72/144/302 68/145/303
f 66/146/304 72/147/305 73/148/306
f 72/147/307 71/149/308 73/148/309
f 62/150/310 38/151/310 61/124/311
f 39/100/312 61/124/313 38/151/314
f 42/98/315 61/124/316 39/100/317
f 42/98/318 59/125/319 61/124/320
f 59/125/321 42/98/322 41/97/321
f 59/125/323 41/97/324 60/152/325
f 70/140/326 68/153/327 67/154/327
f 68/153/328 70/140/329 71/149/330
f 70/140/331 73/148/332 71/149/333
f 73/148/334 70/140/335 65/139/336
f 73/148/337 65/139/338 66/146/338
f 69/155/339 66/146/340 65/139/341
f 74/156/342 75/157/343 76/158/343
f 74/156/344 76/158/345 77/159/346
f 77/159/347 76/158/348 78/160/349
f 77/159/350 78/160/351 79/161/346
f 79/161/342 78/160/343 80/162/343
f 79/161/344 80/162/345 81/163/346
f 81/163/347 80/162/348 82/164/349
f 81/163/350 82/164/351 83/165/346
f 84/166/352 83/165/342 82/164/343
f 83/165/344 84/166/352 85/167/353
f 78/160/354 76/158/355 87/168/356
f 87/168/357 88/169/358 78/160/359
f 80/162/360 78/160/361 88/169/362
f 82/164/354 80/162/355 88/169/356
f 88/169/363 89/170/364 82/164/365
f 84/166/366 82/164/367 89/170/368
f 91/171/369 90/172/370 92/173/371
f 92/173/372 93/174/373 91/171/374
f 86/175/360 91/171/361 93/174/362
f 75/157/354 86/175/355 93/174/356
f 93/174/357 87/168/358 75/157/359
f 76/158/360 75/157/361 87/168/362
f 97/176/375 98/177/376 96/178/377
f 97/176/378 99/179/346 98/177/379
f 99/179/344 86/175/345 98/177/346
f 99/179/342 91/171/343 86/175/343
f 96/178/380 94/180/381 100/181/382
f 101/182/383 96/178/384 100/181/385
f 97/176/386 96/178/387 101/182/388
f 102/183/389 99/179/390 97/176/391
f 102/183/389 103/184/392 99/179/393
f 103/184/394 91/171/351 99/179/346
f 103/184/395 90/172/396 91/171/349
f 102/183/397 97/176/386 104/185/398
f 104/185/398 97/176/386 101/182/388
f 106/186/399 107/187/400 105/188/400
f 106/186/399 108/189/400 107/187/400
f 108/189/400 106/186/401 109/190/402
f 109/190/403 110/191/400 108/189/400
f 111/192/400 104/193/398 101/194/388
f 101/194/388 112/195/400 111/192/400
f 112/195/400 101/194/388 100/196/404
f 100/196/405 113/197/400 112/195/400
f 100/196/405 114/198/400 113/197/400
f 114/198/400 100/196/406 115/199/407
f 115/199/388 116/200/400 114/198/400
f 115/199/388 105/188/400 116/200/400
f 105/188/400 115/199/408 106/186/409
f 69/141/410 72/201/410 66/202/410
f 67/142/411 72/201/411 69/141/411
f 72/201/412 67/142/412 68/203/412
f 118/204/413 117/205/414 109/206/415
f 106/207/416 118/204/417 109/206/418
f 119/208/419 118/204/420 106/207/421
f 120/209/422 119/208/423 106/207/424
f 115/210/425 120/209/426 106/207/427
f 95/211/387 120/209/386 115/210/388
f 100/181/428 95/211/429 115/210/430
f 94/180/431 95/211/432 100/181/433
f 85/167/434 118/204/378 83/165/346
f 118/204/375 85/167/435 117/205/436
f 98/177/347 86/175/348 75/157/349
f 98/177/350 75/157/351 74/156/346
f 96/178/437 98/177/346 74/156/393
f 96/178/391 74/156/390 94/180/391
f 94/180/378 74/156/346 77/159/379
f 94/180/375 77/159/376 95/211/377
f 95/211/437 77/159/346 79/161/393
f 95/211/391 79/161/390 120/209/391
f 120/209/378 79/161/346 81/163/379
f 120/209/375 81/163/376 119/208/377
f 119/208/437 81/163/346 83/165/393
f 119/208/391 83/165/390 118/204/391
f 88/212/438 121/213/439 122/214/439
f 88/212/438 122/214/439 123/215/439
f 123/215/439 89/216/440 88/212/441
f 89/216/442 123/215/439 124/217/439
f 125/218/439 93/219/443 92/220/444
f 93/219/445 125/218/439 126/221/439
f 93/219/438 126/221/439 127/222/439
f 93/219/438 127/222/439 128/223/439
f 128/223/439 87/224/445 93/219/446
f 87/224/438 128/223/439 129/225/439
f 87/224/438 129/225/439 121/213/439
f 121/213/439 88/212/445 87/224/446
f 104/226/447 111/227/447 130/228/447
f 130/228/447 102/229/447 104/226/447
f 102/229/447 130/228/447 131/230/447
f 131/230/447 103/231/447 102/229/447
f 103/231/447 131/230/447 132/232/447
f 103/231/447 132/232/447 133/233/447
f 90/234/447 103/231/447 133/233/447
f 90/234/447 133/233/447 134/235/447
f 134/235/447 92/236/447 90/234/447
f 92/236/447 134/235/447 125/237/447
f 135/238/448 136/239/448 137/240/448
f 135/238/449 137/240/449 138/241/449
f 139/242/450 140/243/450 136/244/450
f 139/242/451 136/244/451 135/245/451
f 141/246/448 142/247/448 143/248/448
f 141/246/449 143/248/449 144/249/449
f 145/250/450 146/251/450 142/252/450
f 145/250/451 142/252/451 141/253/451
f 147/254/448 148/255/448 149/256/448
f 147/254/449 149/256/449 150/257/449
f 151/258/450 152/259/450 148/260/450
f 151/258/451 148/260/451 147/261/451
f 153/262/452 154/263/452 155/264/452
f 153/262/449 155/264/449 156/265/449
f 157/266/450 158/267/450 154/268/450
f 157/266/451 154/268/451 153/269/451
f 159/270/448 160/271/448 161/272/448
f 159/270/449 161/272/449 162/273/449
f 163/274/450 164/275/450 160/276/450
f 163/274/451 160/276/451 159/277/451
f 165/278/448 166/279/448 167/280/448
f 165/278/453 167/280/453 168/281/453
f 169/282/450 170/283/450 166/284/450
f 169/282/454 166/284/454 165/285/454
f 171/286/448 172/287/448 173/288/448
f 171/286/453 173/288/453 174/289/453
f 175/290/450 176/291/450 172/292/450
f 175/290/451 172/292/451 171/293/451
f 177/294/455 178/295/455 180/296/455
f 179/297/455 177/294/455 180/296/455
f 181/298/456 177/299/457 179/300/458
f 181/298/459 179/300/460 182/301/461
f 178/302/462 181/303/463 183/304/464
f 181/303/465 178/302/466 177/305/467
f 180/306/468 184/307/469 182/308/470
f 179/309/471 180/306/472 182/308/473
f 180/310/474 183/311/475 184/312/476
f 183/311/477 180/310/478 178/313/479
f 190/314/480 185/315/480 188/316/480
f 185/315/481 190/314/481 191/317/481
f 187/318/482 193/319/483 191/317/484
f 193/319/485 187/318/486 189/320/487
f 194/321/488 191/317/489 190/314/490
f 191/317/491 194/321/492 187/318/493
f 186/322/494 195/323/495 196/324/496
f 196/324/497 185/325/498 186/322/499
f 185/325/500 196/324/501 188/326/502
f 203/327/503 201/328/504 202/329/505
f 201/328/506 203/327/507 204/330/508
f 188/326/509 196/324/510 195/323/511
f 205/331/512 204/330/513 203/327/514
f 205/331/515 203/327/516 206/332/517
f 209/333/455 208/334/455 207/335/455
f 207/336/518 211/337/519 209/338/520
f 211/337/521 207/336/522 212/339/523
f 208/340/524 212/341/525 207/342/526
f 212/341/527 208/340/528 213/343/529
f 214/344/530 215/345/531 216/346/532
f 218/347/533 215/348/534 214/344/535
f 214/344/536 219/349/537 218/347/538
f 215/348/539 218/350/540 217/351/541
f 221/352/447 222/353/447 223/354/447
f 222/353/447 221/352/447 224/355/447
f 225/356/439 226/357/439 222/353/439
f 226/357/439 227/358/439 222/353/439
f 228/359/542 229/360/543 225/356/544
f 230/361/545 225/356/546 229/360/547
f 229/360/548 231/362/549 230/361/549
f 225/356/439 232/363/439 226/357/439
f 232/363/439 225/356/439 230/361/439
f 233/364/447 234/365/447 235/366/447
f 234/365/447 233/364/447 236/367/447
f 237/368/400 238/369/400 234/365/400
f 237/368/400 234/365/400 239/370/400
f 195/371/550 190/314/550 188/316/550
f 190/314/551 195/371/551 240/372/551
f 241/373/552 238/369/553 242/374/554
f 243/375/400 238/369/400 237/368/400
f 238/369/400 243/375/400 244/376/400
f 245/377/555 246/378/555 247/379/555
f 246/378/555 245/377/555 248/380/555
f 247/379/556 249/381/556 250/382/556
f 249/381/556 247/379/556 246/378/556
f 251/383/557 252/384/557 253/385/557
f 251/383/557 253/385/557 254/386/557
f 255/387/558 256/388/558 257/389/558
f 256/388/558 255/387/558 258/390/558
f 258/391/400 254/392/400 256/393/400
f 258/391/400 251/394/400 254/392/400
f 251/394/400 258/391/400 259/395/400
f 251/394/400 259/395/400 260/396/400
f 261/397/559 258/398/559 255/399/559
f 258/398/559 261/397/559 259/400/559
f 261/397/560 260/401/560 259/400/560
f 260/401/560 261/397/560 262/402/560
f 263/403/561 267/404/562 264/405/563
f 267/406/564 268/407/564 266/408/564
f 264/409/565 266/410/565 265/411/565
f 264/409/566 265/411/566 263/412/566
f 270/413/567 269/414/568 271/415/569
f 270/413/570 271/415/571 272/416/572
f 273/417/573 270/413/574 272/416/575
f 274/418/576 275/419/577 270/413/578
f 275/419/579 269/414/580 270/413/581
f 276/420/582 274/418/583 277/421/584
f 275/419/585 274/418/586 278/422/587
f 276/420/588 278/422/589 274/418/590
f 273/417/591 277/421/592 274/418/593
f 274/418/594 270/413/595 273/417/596
f 279/423/597 280/424/598 281/425/599
f 281/425/600 280/424/601 282/426/602
f 280/424/603 283/427/604 282/426/605
f 284/428/606 280/424/607 285/429/608
f 279/423/609 285/429/610 280/424/611
f 286/430/612 287/431/447 288/432/613
f 287/431/447 286/430/612 289/433/447
f 290/434/614 289/433/447 286/430/612
f 289/433/447 290/434/614 291/435/447
f 292/436/447 291/435/447 290/434/614
f 290/434/615 293/437/616 292/436/617
f 296/438/618 295/439/619 294/440/620
f 297/441/621 296/438/622 294/440/623
f 296/438/622 297/441/621 298/442/624
f 297/441/621 288/432/625 298/442/624
f 288/432/626 297/441/621 299/443/346
f 299/443/346 286/430/612 288/432/627
f 299/443/346 300/444/628 286/430/612
f 300/444/628 290/434/614 286/430/612
f 300/444/628 301/445/629 290/434/614
f 301/445/630 293/437/631 290/434/632
f 296/438/633 302/446/634 295/439/635
f 303/447/447 302/446/447 296/438/622
f 296/438/622 304/448/447 303/447/447
f 304/448/447 296/438/622 298/442/624
f 298/442/624 287/431/447 304/448/447
f 287/431/447 298/442/624 288/432/613
f 195/371/636 193/319/636 240/372/636
f 193/319/637 195/371/637 186/449/637
f 186/449/638 191/317/638 193/319/638
f 191/317/639 186/449/639 185/315/639
f 305/450/447 306/451/612 307/452/447
f 306/451/612 305/450/447 308/453/613
f 311/454/618 310/455/619 309/456/620
f 312/457/621 311/454/622 309/456/623
f 311/454/622 312/457/621 313/458/624
f 312/457/621 308/453/625 313/458/624
f 308/453/626 312/457/621 314/459/346
f 315/460/628 308/453/627 314/459/346
f 308/453/625 315/460/628 306/451/612
f 315/460/628 316/461/614 306/451/612
f 316/461/614 307/452/447 306/451/612
f 315/460/628 317/462/629 316/461/614
f 307/452/447 316/461/614 318/463/447
f 319/464/447 318/463/447 316/461/614
f 316/461/640 320/465/616 319/464/617
f 317/462/630 320/465/631 316/461/632
f 311/454/633 321/466/634 310/455/641
f 322/467/447 321/466/447 311/454/622
f 311/454/622 323/468/447 322/467/447
f 323/468/447 311/454/622 313/458/624
f 313/458/624 305/450/447 323/468/447
f 305/450/447 313/458/624 308/453/613
f 190/314/642 240/372/643 194/321/644
f 192/469/645 194/321/646 240/372/647
f 324/470/612 325/471/447 326/472/613
f 325/471/447 324/470/612 327/473/447
f 328/474/614 327/473/447 324/470/612
f 327/473/447 328/474/614 329/475/447
f 330/476/447 329/475/447 328/474/614
f 328/474/640 331/477/616 330/476/617
f 334/478/618 333/479/619 332/480/620
f 335/481/621 334/478/622 332/480/623
f 334/478/622 335/481/621 336/482/624
f 335/481/621 326/472/625 336/482/624
f 326/472/626 335/481/621 337/483/346
f 337/483/346 324/470/612 326/472/627
f 337/483/346 338/484/628 324/470/612
f 338/484/628 328/474/614 324/470/612
f 338/484/628 339/485/629 328/474/614
f 339/485/630 331/477/631 328/474/632
f 334/478/633 340/486/634 333/479/641
f 341/487/447 340/486/447 334/478/622
f 334/478/622 342/488/447 341/487/447
f 342/488/447 334/478/622 336/482/624
f 336/482/624 325/471/447 342/488/447
f 325/471/447 336/482/624 326/472/613
f 240/372/648 189/320/649 192/469/650
f 189/320/651 240/372/652 193/319/653
f 345/489/654 346/490/654 344/491/654
f 344/491/655 343/492/655 345/489/655
f 347/493/656 348/494/657 349/495/658
f 350/496/659 347/493/660 349/495/661
f 347/493/660 350/496/659 351/497/662
f 352/498/663 351/497/664 350/496/659
f 352/498/663 350/496/659 353/499/665
f 353/499/665 354/500/666 352/498/663
f 354/500/666 353/499/665 355/501/667
f 356/502/668 357/503/669 358/504/670
f 358/504/670 359/505/671 356/502/668
f 359/505/671 358/504/670 360/506/672
f 361/507/673 359/505/671 360/506/672
f 360/506/674 362/508/675 361/507/673
f 360/506/672 363/509/676 362/508/675
f 363/509/676 360/506/672 358/504/670
f 359/505/671 361/507/673 364/510/677
f 357/503/669 356/502/668 365/511/678
f 361/507/679 366/512/680 364/510/681
f 366/512/682 361/507/683 367/513/684
f 367/513/685 361/507/686 368/514/687
f 361/507/673 362/508/675 368/514/688
f 362/508/675 350/496/659 368/514/688
f 353/499/665 350/496/659 362/508/675
f 353/499/665 362/508/675 363/509/676
f 363/509/676 369/515/689 353/499/665
f 363/509/690 357/503/669 369/515/689
f 357/503/669 363/509/691 358/504/670
f 355/501/667 353/499/665 369/515/689
f 368/514/688 350/496/659 349/495/661
f 349/495/692 367/513/693 368/514/694
f 349/495/695 348/494/696 367/513/697
f 371/516/447 372/517/612 373/518/447
f 372/517/612 371/516/447 374/519/613
f 377/520/618 376/521/619 375/522/620
f 378/523/621 377/520/622 375/522/623
f 377/520/622 378/523/621 379/524/624
f 378/523/621 374/519/625 379/524/624
f 374/519/626 378/523/621 380/525/346
f 381/526/628 374/519/627 380/525/346
f 374/519/625 381/526/628 372/517/612
f 381/526/628 382/527/614 372/517/612
f 382/527/614 373/518/447 372/517/612
f 381/526/628 383/528/629 382/527/614
f 373/518/447 382/527/614 384/529/447
f 385/530/447 384/529/447 382/527/614
f 382/527/640 386/531/616 385/530/617
f 383/528/630 386/531/631 382/527/632
f 377/520/633 387/532/634 376/521/641
f 388/533/447 387/532/447 377/520/622
f 377/520/622 389/534/447 388/533/447
f 389/534/447 377/520/622 379/524/624
f 379/524/624 371/516/447 389/534/447
f 371/516/447 379/524/624 374/519/613
f 390/535/698 391/536/698 392/537/698
f 392/537/699 393/538/699 390/535/699
f 393/538/700 394/539/700 395/540/700
f 394/539/701 393/538/701 392/537/701
f 396/541/702 397/542/702 398/543/702
f 398/543/703 399/544/703 396/541/703
f 400/545/704 397/542/704 396/541/704
f 397/542/705 400/545/705 401/546/705
f 402/547/698 403/548/698 404/549/698
f 404/549/699 405/550/699 402/547/699
f 405/550/700 406/551/700 407/552/700
f 406/551/701 405/550/701 404/549/701
f 409/553/706 408/554/707 410/555/708
f 411/556/709 410/555/710 408/554/711
f 410/555/712 411/556/713 412/557/714
f 411/556/715 413/558/716 412/557/717
f 411/556/718 414/559/719 413/558/720
f 414/559/721 411/556/722 431/560/723
f 415/561/724 416/562/725 417/563/726
f 416/562/725 415/561/724 418/564/727
f 417/563/728 416/562/729 419/565/730
f 418/564/731 419/565/732 416/562/733
f 419/565/734 418/564/735 420/566/736
f 421/567/737 422/568/738 423/569/739
f 421/567/737 424/570/740 422/568/741
f 421/567/737 425/571/742 424/570/740
f 425/571/742 421/567/737 426/572/743
f 426/572/743 417/563/744 425/571/742
f 417/563/744 426/572/743 415/561/745
f 200/573/746 197/574/747 427/575/748
f 428/576/749 420/566/750 429/577/751
f 420/566/752 428/576/753 419/565/754
f 430/578/755 419/565/756 428/576/757
f 430/579/758 417/563/759 419/565/760
f 431/580/761 432/581/762 439/582/763
f 433/583/764 432/581/765 431/580/766
f 411/584/767 433/583/768 431/580/769
f 433/583/770 411/584/771 434/585/772
f 408/586/773 434/585/774 411/584/775
f 434/585/776 408/586/777 435/587/778
f 436/588/779 435/587/780 408/586/781
f 436/588/782 437/589/783 435/587/784
f 437/589/783 436/588/785 438/590/786
f 439/591/787 440/592/788 441/593/789
f 440/592/790 442/594/791 441/593/792
f 442/594/793 440/592/794 443/595/795
f 440/592/796 444/596/797 443/595/798
f 440/592/799 409/597/800 444/596/801
f 409/597/802 440/592/803 408/554/804
f 445/598/805 439/599/806 441/600/807
f 439/599/808 445/598/809 446/601/810
f 446/601/811 447/602/812 439/599/813
f 448/603/814 415/604/724 449/605/815
f 415/604/724 448/603/814 418/606/727
f 449/605/816 415/604/745 426/607/743
f 449/605/816 426/607/743 450/608/817
f 450/608/817 426/607/743 421/609/737
f 450/608/817 421/609/737 451/610/818
f 451/610/818 421/609/737 452/611/819
f 423/612/739 452/611/820 421/609/737
f 427/575/821 197/574/822 198/613/823
f 436/614/782 453/615/824 438/616/786
f 453/615/824 436/614/782 454/617/825
f 436/614/826 440/618/827 454/617/828
f 455/619/829 454/617/830 440/618/831
f 440/618/832 456/620/833 455/619/834
f 456/620/835 440/618/836 439/621/837
f 432/622/838 456/620/839 439/621/840
f 199/623/841 427/575/842 198/613/843
f 457/624/698 458/625/698 459/626/698
f 458/625/844 457/624/844 460/627/844
f 461/628/698 462/629/698 463/630/698
f 462/629/844 461/628/844 464/631/844
f 465/632/845 466/633/845 467/634/845
f 466/633/703 465/632/703 468/635/703
f 469/636/846 470/637/846 471/638/846
f 470/637/346 469/636/346 472/639/346
f 473/640/400 471/641/400 470/642/400
f 471/643/447 474/644/447 469/645/447
f 475/646/439 476/647/439 477/648/439
f 475/649/447 478/650/447 479/651/447
f 476/652/847 475/653/847 479/654/847
f 479/654/560 480/655/560 476/652/560
f 481/656/848 482/657/849 483/658/850
f 485/659/851 483/658/852 486/660/853
f 483/658/854 482/657/855 486/660/856
f 481/656/857 487/661/858 482/657/859
f 489/662/860 490/663/861 488/664/862
f 490/663/863 482/657/864 488/664/865
f 488/664/866 482/657/867 487/661/868
f 487/661/869 491/665/870 488/664/871
f 488/664/872 491/665/873 492/666/874
f 492/666/875 489/662/876 488/664/877
f 490/663/878 489/662/879 491/667/880
f 486/660/881 482/657/882 490/663/883
f 489/668/884 492/669/885 493/670/886
f 489/668/887 493/670/888 494/671/889
f 494/671/890 491/672/891 489/668/892
f 495/673/893 492/669/894 491/674/895
f 492/669/896 495/673/897 493/670/898
f 496/675/899 493/670/900 495/673/901
f 493/670/902 496/675/903 497/676/904
f 493/670/905 497/676/906 498/677/907
f 498/677/908 494/671/909 493/670/910
f 427/575/911 199/623/912 200/573/913
f 485/659/914 499/678/915 483/658/916
f 499/678/917 500/679/918 483/658/919
f 500/679/920 499/678/921 501/680/922
f 502/681/923 501/680/924 499/678/925
f 502/681/926 503/682/927 501/680/928
f 504/683/929 501/680/930 503/682/931
f 501/680/932 504/683/933 505/684/934
f 484/685/935 501/680/936 505/684/937
f 501/680/938 484/685/939 500/679/940
f 484/685/941 481/656/942 500/679/943
f 481/656/944 483/658/945 500/679/946
f 503/682/947 502/681/948 506/686/949
f 506/686/950 497/676/951 503/682/952
f 498/677/953 497/676/954 506/686/955
f 503/682/956 497/676/957 496/675/958
f 496/675/959 504/683/960 503/682/961
f 499/678/962 485/659/963 505/687/964
f 505/687/965 502/681/966 499/678/967
f 504/688/968 502/681/969 505/687/970
f 506/686/971 502/681/972 504/688/973
f 496/689/974 506/686/975 504/688/976
f 496/689/977 498/677/978 506/686/979
f 485/659/980 486/660/981 481/690/982
f 485/659/983 481/690/984 484/691/985
f 484/691/986 505/687/987 485/659/988
f 491/667/989 487/692/990 490/663/991
f 481/690/992 490/663/993 487/692/994
f 490/663/995 481/690/996 486/660/997
f 495/693/998 498/677/999 496/689/1000
f 498/677/1001 495/693/1002 494/671/1003
f 491/672/1004 494/671/1005 495/693/1006
f 507/694/1007 508/695/1008 509/696/1009
f 508/695/1010 507/694/1011 510/697/1012
f 511/698/1013 510/699/1013 512/700/1013
f 510/699/1014 511/698/1014 513/701/1014
f 510/699/1015 514/702/1015 512/700/1015
f 510/699/1016 507/703/1016 515/704/1016
f 514/702/1017 510/699/1017 516/705/1017
f 517/706/1018 518/707/1018 516/708/1018
f 518/707/1019 517/706/1019 512/709/1019
f 509/710/1020 517/706/1020 515/711/1020
f 517/706/1021 509/710/1021 508/712/1021
f 517/706/1022 508/712/1022 512/709/1022
f 508/712/1023 519/713/1023 512/709/1023
f 519/713/1024 508/712/1024 513/714/1024
f 517/715/1025 516/716/1025 510/717/1025
f 520/718/1026 521/719/560 522/720/560
f 521/719/560 520/718/1026 523/721/1027
f 523/721/1026 520/718/1026 524/722/400
f 525/723/400 524/722/400 520/718/1026
f 526/724/1028 527/725/1028 528/726/346
f 528/726/346 527/725/1028 529/727/346
f 528/726/346 529/727/346 530/728/1029
f 530/728/1029 529/727/346 531/729/1029
f 531/729/1029 532/730/439 530/728/1029
f 532/730/439 531/729/1029 533/731/439
f 533/731/439 534/732/1030 532/730/439
f 534/732/1031 533/731/439 535/733/1031
f 522/720/560 534/732/1031 535/733/1032
f 534/732/1031 522/720/560 521/719/560
f 536/734/1033 537/735/1034 538/736/1035
f 537/735/1036 536/734/1037 539/737/1038
f 540/738/1039 538/736/1040 541/739/1041
f 538/736/1042 540/738/1043 536/734/1044
f 542/740/1045 536/734/1046 540/738/1047
f 536/734/1048 542/740/1049 543/741/1050
f 543/741/1051 544/742/1052 545/743/1053
f 545/743/1054 536/734/1055 543/741/1056
f 536/734/1057 545/743/1058 539/737/1059
f 199/744/1060 204/330/1060 200/745/1060
f 204/330/1061 199/744/1061 201/328/1061
f 546/746/447 547/747/447 548/748/447
f 547/747/447 546/746/447 549/749/447
f 550/750/400 549/751/400 546/752/400
f 550/750/400 546/752/400 551/753/400
f 548/754/346 551/753/346 546/752/346
f 551/753/346 548/754/346 552/755/346
f 553/756/400 554/757/400 555/758/400
f 554/757/400 553/756/400 556/759/400
f 556/759/400 553/756/400 557/760/400
f 556/759/400 557/760/400 558/761/400
f 559/762/1062 560/763/1062 556/764/1062
f 556/764/1062 558/761/1062 559/762/1062
f 561/765/346 562/766/346 555/767/346
f 555/767/346 554/768/346 561/765/346
f 563/769/559 564/770/559 557/760/559
f 557/760/559 553/771/559 563/769/559
f 557/760/560 559/762/560 558/761/560
f 559/762/560 557/760/560 564/770/560
f 565/772/1063 566/773/1064 567/774/1065
f 566/773/1066 565/772/1067 568/775/1068
f 569/776/1069 570/777/455 571/778/1069
f 570/777/455 569/776/1069 572/779/455
f 573/780/447 574/781/1070 575/782/1071
f 576/783/1072 573/780/1073 575/782/1074
f 577/784/1075 578/785/1076 576/783/1077
f 578/785/1078 573/780/1079 576/783/1080
f 573/780/447 578/785/1081 579/786/1082
f 580/787/1083 573/780/1084 579/786/1085
f 574/781/1086 573/780/1087 580/787/1088
f 581/788/1089 574/781/1090 580/787/1091
f 580/787/1092 582/789/1093 581/788/1094
f 582/789/1095 580/787/1096 583/790/1097
f 579/786/1098 583/790/1099 580/787/1100
f 583/790/1101 579/786/1082 584/791/1102
f 579/786/1082 585/792/1103 584/791/1102
f 579/786/1082 578/785/1081 585/792/1103
f 585/792/1103 578/785/1081 586/793/1104
f 587/794/1105 582/789/1106 583/790/1101
f 575/782/1071 574/781/1070 588/795/1107
f 574/781/1070 569/796/1108 588/795/1107
f 569/796/1109 574/781/1110 581/788/1111
f 586/793/1104 589/797/1112 590/798/1113
f 578/785/1114 577/784/1115 586/793/1116
f 589/797/1117 586/793/1118 577/784/1119
f 577/784/1120 591/799/1121 589/797/1122
f 591/799/1123 577/784/1124 592/800/1125
f 576/783/1126 592/800/1127 577/784/1128
f 593/801/1129 592/800/1130 576/783/1131
f 575/782/1132 593/801/1133 576/783/1134
f 593/801/1135 575/782/1071 594/802/1136
f 594/802/1136 575/782/1071 588/795/1107
f 592/800/1137 593/801/1135 595/803/1138
f 596/804/1139 592/800/1137 595/803/1138
f 592/800/1137 596/804/1139 591/799/455
f 596/804/1139 595/803/1138 572/779/1140
f 204/330/1141 205/331/1141 197/805/1141
f 204/330/1142 197/805/1142 200/745/1142
f 597/806/1143 598/807/1144 599/808/1145
f 600/809/1146 597/806/1143 599/808/1145
f 600/809/1146 601/810/1147 597/806/1143
f 601/810/1148 600/809/1146 602/811/1149
f 603/812/1150 601/810/1151 602/811/1149
f 603/812/1150 604/813/1152 605/814/1153
f 602/811/1149 604/813/1152 603/812/1150
f 602/811/1149 606/815/1154 604/813/1152
f 602/811/1149 607/816/1155 606/815/1154
f 602/811/1149 600/809/1146 607/816/1155
f 600/809/1146 608/817/1156 607/816/1155
f 599/808/1145 608/817/1156 600/809/1146
f 599/808/1145 609/818/1157 608/817/1156
f 599/808/1158 610/819/1159 609/818/1160
f 610/819/1161 599/808/1162 598/807/1163
f 198/820/1164 201/328/1164 199/744/1164
f 201/328/1165 198/820/1165 611/821/1165
f 197/805/1166 611/821/1166 198/820/1166
f 611/821/1167 197/805/1167 205/331/1167
f 612/822/1168 605/814/1153 613/823/1169
f 612/822/1168 603/812/1150 605/814/1153
f 614/824/1170 603/812/1150 612/822/1168
f 603/812/1150 614/824/1170 601/810/1151
f 614/824/1170 597/806/1143 601/810/1151
f 597/806/1143 614/824/1170 615/825/1171
f 615/825/1171 598/807/1144 597/806/1143
f 598/807/1172 615/825/1173 616/826/1174
f 606/815/1154 617/827/1175 618/828/1176
f 617/827/1175 606/815/1154 607/816/1155
f 607/816/1155 608/817/1156 617/827/1175
f 608/817/1156 619/829/1177 617/827/1175
f 608/817/1156 620/830/1178 619/829/1177
f 620/830/1178 621/831/1179 619/829/1180
f 621/831/1179 620/830/1178 622/832/1181
f 620/830/1178 623/833/1069 622/832/1181
f 623/833/1182 620/830/1183 610/819/1184
f 609/818/1185 610/819/1186 620/830/1187
f 620/830/1178 608/817/1156 609/818/1157
f 617/827/1175 619/829/1177 624/834/1188
f 619/829/1189 621/831/1179 624/834/1188
f 616/826/1190 622/832/1191 623/833/1192
f 616/826/1193 615/825/1194 622/832/1195
f 614/824/1170 622/832/1181 615/825/1171
f 614/824/1170 621/831/1179 622/832/1181
f 612/822/1168 621/831/1179 614/824/1170
f 621/831/1179 612/822/1168 624/834/1188
f 612/822/1168 613/823/1169 624/834/1188
f 624/834/1188 613/823/1169 625/835/1196
f 618/828/1176 624/834/1188 625/835/1196
f 624/834/1188 618/828/1176 617/827/1175
f 611/821/1197 202/329/1198 201/328/1199
f 202/329/1200 611/821/1201 370/836/1202
f 626/837/1203 627/838/1203 628/839/1203
f 627/838/1203 626/837/1203 629/840/1203
f 629/840/447 626/841/447 630/842/447
f 631/843/1204 630/844/1204 632/845/1204
f 631/843/1204 632/845/1204 633/846/1204
f 627/847/560 630/848/560 631/849/560
f 630/848/560 627/847/560 629/850/560
f 634/851/1205 635/852/1205 636/853/1205
f 635/852/1205 634/851/1205 637/854/1205
f 638/855/447 637/856/447 634/857/447
f 638/855/447 634/857/447 639/858/447
f 642/859/1206 641/860/1206 640/861/1206
f 642/859/1207 640/861/1207 643/862/1207
f 646/863/1208 645/864/1208 644/865/1208
f 646/863/1209 644/865/1209 647/866/1209
f 648/867/447 650/868/447 649/869/447
f 650/868/447 648/867/447 651/870/447
f 654/871/1210 653/872/1210 652/873/1210
f 654/871/1211 652/873/1211 655/874/1211
f 656/875/447 658/876/447 657/877/447
f 658/876/447 656/875/447 659/878/447
f 660/879/1212 662/880/1213 663/881/1214
f 662/880/1215 660/879/1216 661/882/1217
f 672/883/439 664/884/1218 665/885/1219
f 664/884/1220 672/883/439 666/886/1221
f 664/887/1222 667/888/1223 665/885/1224
f 665/885/1225 667/888/1226 668/889/1227
f 669/890/1228 670/891/1229 671/892/1230
f 672/893/439 665/894/439 671/895/439
f 665/894/439 669/890/1231 671/895/1232
f 669/890/1233 665/894/439 668/896/1234
f 673/897/1235 674/898/400 667/899/1236
f 674/898/400 673/897/1237 675/900/1238
f 676/901/1239 670/902/1229 669/903/1240
f 669/903/1241 677/904/1242 676/901/1243
f 677/904/1244 669/903/1245 668/905/1246
f 668/905/1247 667/899/1248 677/904/1249
f 673/906/1250 667/899/1251 664/907/1252
f 664/907/1253 675/908/1254 673/906/1255
f 675/908/1256 664/907/1257 666/909/560
f 677/910/1258 667/911/400 676/901/1259
f 676/901/1260 667/911/400 670/912/1261
f 667/911/400 674/913/400 670/912/400
f 678/914/439 679/915/439 680/916/439
f 679/915/439 678/914/439 681/917/439
f 682/918/447 681/919/447 678/920/447
f 682/918/447 678/920/447 683/921/447
f 680/922/346 683/923/346 678/924/346
f 683/923/346 680/922/346 684/925/346
f 679/915/455 684/926/455 680/927/455
f 684/926/455 679/915/455 685/928/455
f 681/917/560 685/928/560 679/915/560
f 685/928/560 681/917/560 682/929/560
f 688/930/1262 687/931/1263 686/932/1264
f 705/933/1265 688/930/1266 707/934/1267
f 688/930/1268 689/935/1269 707/934/1270
f 689/935/1271 688/930/1272 690/936/1273
f 688/930/1274 686/932/1275 690/936/1276
f 688/930/1277 705/933/1278 691/937/1279
f 693/938/1280 691/937/1281 692/939/1282
f 693/938/1283 692/939/1284 694/940/1285
f 695/941/1286 693/938/1287 694/940/1288
f 693/938/1289 695/941/1290 696/942/1291
f 693/938/1292 696/942/1293 687/931/1294
f 687/931/1295 688/930/1296 693/938/1297
f 691/937/1298 693/938/1299 688/930/1300
f 694/940/1301 692/939/1302 697/943/1303
f 697/943/1304 698/944/1305 694/940/1306
f 699/945/1307 694/940/1308 698/944/1309
f 694/940/1310 699/945/1311 700/946/1312
f 694/940/1313 700/946/1314 695/941/1315
f 692/939/1316 691/937/1317 697/943/1318
f 698/944/1319 701/947/1320 699/945/1321
f 701/947/1322 698/944/1323 702/948/1324
f 702/948/1325 703/949/1326 701/947/1327
f 698/944/1328 704/950/1329 702/948/1330
f 704/950/1331 698/944/1332 697/943/1333
f 697/943/1334 691/937/1335 704/950/1336
f 704/950/1337 691/937/1338 705/933/1339
f 702/948/1340 704/950/1341 705/933/1342
f 702/948/1343 706/951/1344 703/949/1345
f 706/951/1346 702/948/1347 707/934/1348
f 707/934/1349 702/948/1350 705/933/1351
f 707/934/1352 689/935/1353 706/951/1354
f 710/952/1355 709/953/1356 711/954/1357
f 713/955/1355 712/956/1356 714/957/1357
f 716/958/1355 715/959/1356 717/960/1357
f 720/961/1355 719/962/1356 721/963/1357
f 724/964/1355 723/965/1356 725/966/1357
f 728/967/1355 727/968/1356 729/969/1357
f 731/970/1358 732/971/1359 730/972/1360
f 205/331/1361 370/836/1362 611/821/1363
f 370/836/1364 205/331/1365 206/332/1366
f 733/973/1367 736/974/1368 735/975/1369
f 738/976/1358 739/977/1359 737/978/1360
f 209/979/455 210/980/455 208/981/455
f 741/982/1367 743/983/1368 742/984/1369
f 745/985/1358 746/986/1359 744/987/1370
f 210/988/1371 211/989/1372 748/990/1373
f 211/989/1374 210/988/1375 209/991/1376
f 749/992/1367 751/993/1368 750/994/1369
f 753/995/1358 754/996/1359 752/997/1360
f 210/998/1377 748/999/1378 208/1000/1379
f 208/1000/1380 748/999/1381 213/1001/1382
f 756/1002/1383 758/1003/1384 757/1004/1385
f 757/1004/1386 758/1003/1387 759/1005/1388
f 760/1006/1367 762/1007/1368 761/1008/1369
f 764/1009/1358 765/1010/1359 763/1011/1370
f 768/1012/1389 769/1013/1390 1339/1014/1391
f 769/1013/1392 768/1012/1393 770/1015/1394
f 768/1012/1395 767/1016/1396 770/1015/1397
f 771/1017/1398 217/1018/1399 772/1019/1400
f 216/1020/1401 771/1017/1402 772/1019/1403
f 216/1020/1404 770/1015/1405 767/1016/1406
f 770/1015/1407 216/1020/1408 772/1019/1409
f 772/1019/1410 769/1013/1411 770/1015/1412
f 769/1013/1413 772/1019/1414 773/1021/1415
f 773/1021/1416 774/1022/1417 769/1013/1418
f 769/1013/1419 774/1022/1420 1339/1014/1421
f 773/1021/1422 776/1023/1423 774/1022/1424
f 217/1018/1425 775/1024/1426 773/1021/1427
f 773/1021/1428 772/1019/1429 217/1018/1430
f 773/1021/1431 775/1024/1432 776/1023/1433
f 777/1025/1434 779/1026/1435 778/1027/1436
f 781/1028/1358 782/1029/1359 780/1030/1370
f 783/1031/447 784/1032/447 785/1033/447
f 784/1032/447 787/1034/447 786/1035/447
f 783/1031/447 787/1034/447 784/1032/447
f 787/1034/1437 783/1031/1437 788/1036/1437
f 788/1036/1438 783/1031/1438 789/1037/1438
f 790/1038/447 791/1039/447 792/1040/447
f 793/1041/447 791/1039/447 790/1038/447
f 794/1042/447 793/1041/447 790/1038/447
f 794/1042/447 795/1043/447 793/1041/447
f 796/1044/447 793/1041/447 795/1043/447
f 796/1044/447 795/1043/447 797/1045/447
f 798/1046/447 796/1044/447 797/1045/447
f 796/1044/447 798/1046/447 787/1034/447
f 798/1046/447 786/1035/447 787/1034/447
f 791/1039/447 799/1047/447 800/1048/447
f 799/1047/447 791/1039/447 793/1041/447
f 803/1049/1439 801/1050/400 802/1051/1440
f 801/1050/1441 803/1049/400 804/1052/1442
f 1624/1053/1443 804/1054/1444 805/1055/346
f 804/1054/1445 803/1049/1446 805/1055/346
f 1624/1056/1447 805/1055/1448 807/1057/439
f 807/1057/439 805/1055/1449 806/1058/1450
f 807/1059/560 806/1058/1451 802/1051/560
f 803/1049/447 806/1058/447 805/1055/447
f 807/1059/1452 802/1051/560 801/1060/1453
f 802/1051/447 806/1058/447 803/1049/447
f 808/1061/1367 811/1062/1368 810/1063/1369
f 813/1064/1454 814/1065/1359 812/1066/1360
f 222/353/439 227/358/439 223/354/439
f 816/1067/1367 818/1068/1435 817/1069/1436
f 820/1070/1358 821/1071/1359 819/1072/1360
f 823/1073/400 224/355/400 221/352/400
f 824/1074/1434 826/1075/1368 825/1076/1436
f 831/1077/1455 830/1078/1456 832/1079/1456
f 831/1077/1457 832/1079/1458 833/1080/1457
f 835/1081/346 834/1082/346 836/1083/346
f 833/1084/1459 834/1085/1459 837/1086/1459
f 838/1087/1460 839/1088/1460 840/1089/1460
f 840/1089/1461 841/1090/1462 838/1087/1461
f 841/1090/1463 842/1091/1464 838/1087/1465
f 844/1092/1466 843/1093/1466 845/1094/1466
f 837/1086/1467 831/1095/1467 833/1084/1467
f 831/1095/1468 837/1086/1468 846/1096/1468
f 832/1097/1469 847/1098/1469 848/1099/1469
f 850/1100/1470 845/1094/1471 851/1101/1471
f 845/1094/1472 850/1100/1473 844/1092/1474
f 852/1102/1475 829/1103/1476 853/1104/1477
f 853/1104/1478 829/1103/1479 854/1105/1479
f 855/1106/1480 827/1107/1481 856/1108/1481
f 827/1107/1482 857/1109/1482 856/1108/1482
f 857/1109/1483 827/1107/1483 843/1110/1483
f 849/1111/1484 858/1112/1485 846/1113/1486
f 849/1111/1487 846/1113/1488 847/1114/1489
f 837/1115/1490 847/1114/1491 846/1113/1492
f 837/1115/1493 848/1116/1494 847/1114/1495
f 837/1115/1496 835/1117/1497 848/1116/1498
f 835/1117/1499 837/1115/1500 834/1118/1501
f 859/1119/1502 839/1120/1503 857/1121/1504
f 839/1120/1505 856/1122/1506 857/1121/1507
f 856/1122/1508 839/1120/1509 858/1112/1510
f 856/1122/1511 858/1112/1512 855/1123/1513
f 854/1124/1514 858/1112/1515 849/1111/1516
f 849/1111/1517 853/1125/1518 854/1124/1519
f 849/1111/1520 852/1126/1521 853/1125/1522
f 849/1111/1523 841/1127/1524 852/1126/1525
f 852/1126/1526 841/1127/1527 851/1128/1528
f 841/1127/1529 850/1129/1530 851/1128/1531
f 850/1129/1532 841/1127/1533 844/1130/1534
f 840/1131/1535 844/1130/1536 841/1127/1537
f 859/1119/1538 840/1131/1539 839/1120/1540
f 860/1132/1541 861/1133/1542 862/1134/1543
f 860/1132/1541 862/1134/1543 863/1135/1544
f 863/1135/1544 864/1136/1545 860/1132/1541
f 864/1136/1545 863/1135/1544 865/1137/1546
f 224/355/400 823/1073/400 866/1138/400
f 867/1139/1547 868/1140/1548 869/1141/1549
f 867/1139/1550 869/1141/1551 870/1142/1552
f 871/1143/1553 867/1139/1554 870/1142/1555
f 867/1139/1554 871/1143/1556 872/1144/1556
f 868/1145/1557 873/1146/1558 869/1147/1558
f 2322/1148/1559 861/1149/1559 874/1150/1559
f 874/1150/1560 873/1151/1560 2322/1148/1560
f 860/1152/1561 874/1150/1562 861/1149/1562
f 875/1153/1563 874/1150/1564 860/1152/1565
f 860/1152/1566 864/1154/1567 875/1153/1566
f 876/1155/1568 875/1153/1569 864/1154/1570
f 877/1156/1571 878/1157/400 875/1158/400
f 877/1156/1572 875/1158/400 879/1159/1573
f 880/1160/1574 877/1156/1575 879/1159/1576
f 879/1159/1576 881/1161/1577 880/1160/1574
f 226/357/455 823/1073/455 227/358/455
f 880/1162/1578 882/1163/1579 877/1164/1580
f 883/1165/1581 877/1164/1582 882/1163/1583
f 877/1164/1584 883/1165/1585 878/1166/1585
f 884/1167/1586 885/1168/1587 886/1169/1588
f 884/1167/1589 886/1169/1590 887/1170/1591
f 866/1138/455 823/1073/455 226/357/455
f 888/1171/1592 889/1172/1593 890/1173/1594
f 888/1171/1595 890/1173/1596 891/1174/1597
f 227/358/1598 221/352/1598 223/354/1598
f 892/1175/1599 893/1176/1600 894/1177/1601
f 892/1175/1602 894/1177/1603 895/1178/1604
f 896/1179/1605 897/1180/1606 898/1181/1607
f 896/1179/1608 898/1181/1609 899/1182/1610
f 823/1073/1598 221/352/1598 227/358/1598
f 900/1183/1611 901/1184/1612 902/1185/1613
f 900/1183/1614 902/1185/1615 903/1186/1616
f 904/1187/400 905/1188/400 906/1189/400
f 904/1187/400 906/1189/400 907/1190/400
f 908/1191/400 909/1192/400 910/1193/400
f 909/1192/400 908/1191/400 911/1194/400
f 912/1195/1617 913/1196/1618 914/1197/1619
f 915/1198/1620 914/1197/1621 913/1196/1622
f 866/1138/400 231/362/400 229/360/400
f 916/1199/1623 917/1200/1624 918/1201/1625
f 919/1202/1626 918/1201/1627 917/1200/1628
f 920/1203/1629 921/1204/1630 922/1205/1631
f 923/1206/1632 922/1205/1633 921/1204/1634
f 924/1207/1635 925/1208/1636 926/1209/1637
f 927/1210/1638 926/1209/1639 925/1208/1640
f 928/1211/1641 929/1212/1642 930/1213/1643
f 931/1214/1644 930/1213/1645 929/1212/1646
f 932/1215/1647 933/1216/1648 934/1217/1649
f 935/1218/1650 934/1217/1651 933/1216/1652
f 936/1219/1653 937/1220/1654 938/1221/1655
f 937/1220/1656 936/1219/1657 939/1222/1658
f 939/1222/1659 936/1219/1660 940/1223/1661
f 940/1223/1662 941/1224/1663 939/1222/1664
f 937/1225/1665 939/1222/1666 942/1226/1667
f 941/1224/1668 942/1226/1669 939/1222/1670
f 866/1138/1671 232/363/1671 231/362/1671
f 943/1227/1672 945/1228/1673 944/1229/1674
f 946/1230/1675 945/1228/1676 943/1227/1677
f 950/1231/1678 944/1229/1679 947/1232/1680
f 944/1229/1681 945/1228/1682 947/1232/1683
f 948/1233/1684 950/1231/1685 949/1234/1686
f 949/1234/1687 950/1231/1688 947/1232/1689
f 943/1227/1690 944/1229/1691 950/1231/1692
f 946/1230/1693 950/1231/1694 948/1233/1695
f 950/1231/1696 946/1230/1697 943/1227/1698
f 952/1235/1699 957/1236/1700 951/1237/1701
f 951/1237/1702 953/1238/1703 952/1235/1704
f 954/1239/1705 953/1238/1706 951/1237/1707
f 954/1239/1708 956/1240/1709 955/1241/1710
f 956/1240/1711 954/1239/1712 951/1237/1713
f 952/1235/1714 958/1242/1715 957/1236/1716
f 959/1243/1717 957/1236/1718 958/1242/1719
f 957/1236/1720 959/1243/1721 956/1240/1722
f 956/1240/1723 951/1237/1724 957/1236/1725
f 959/1243/1726 955/1241/1727 956/1240/1728
f 232/363/1729 866/1138/1729 226/357/1729
f 961/1244/1730 962/1245/1731 963/1246/1732
f 962/1245/1733 961/1244/1734 960/1247/1735
f 964/1248/400 965/1249/400 966/1250/400
f 967/1251/1736 960/1252/1737 961/1244/1738
f 967/1251/1739 961/1244/1740 968/1253/1741
f 963/1254/1742 968/1253/1743 961/1244/1744
f 968/1253/1745 963/1254/1746 969/1255/1747
f 2449/1256/1748 970/1257/1749 971/1258/1750
f 972/1259/1751 971/1258/1752 970/1257/1753
f 971/1258/1754 972/1259/1755 973/1260/1756
f 974/1261/1757 972/1262/1758 970/1257/1759
f 972/1262/1760 974/1261/1761 975/1263/1762
f 965/1249/400 964/1248/400 976/1264/400
f 978/1265/1763 980/1266/1764 977/1267/1765
f 980/1266/1766 979/1268/1767 977/1267/1768
f 979/1268/1769 981/1269/1770 977/1267/1771
f 979/1268/1772 980/1266/1773 982/1270/1774
f 982/1270/1775 981/1269/1776 979/1268/1777
f 981/1269/1778 982/1270/1779 983/1271/1780
f 981/1269/1781 983/1271/1782 984/1272/1783
f 981/1269/1784 984/1272/1785 977/1267/1786
f 978/1265/1787 977/1267/1788 984/1272/1789
f 986/1273/1790 985/1274/1791 983/1275/1792
f 982/1276/1793 986/1273/1794 983/1275/1795
f 984/1277/1796 987/1278/1797 989/1279/1798
f 985/1274/1799 987/1278/1800 984/1277/1801
f 983/1275/1802 985/1274/1803 984/1277/1804
f 988/1280/1805 980/1281/1806 978/1282/1807
f 988/1280/1808 978/1282/1809 989/1279/1810
f 989/1279/1811 978/1282/1812 984/1277/1813
f 976/1264/1814 990/1283/1814 965/1249/1814
f 990/1283/1814 991/1284/1814 965/1249/1814
f 990/1283/439 992/1285/439 991/1284/439
f 988/1280/1815 986/1286/1816 982/1287/1817
f 980/1281/1818 988/1280/1819 982/1287/1820
f 993/1288/1821 2458/1289/1822 2456/1290/1823
f 2458/1289/1824 993/1288/1825 994/1291/1826
f 995/1292/1827 994/1291/1828 993/1288/1829
f 994/1291/1830 995/1292/1831 996/1293/1832
f 998/1294/1833 999/1295/1834 1000/1296/1835
f 1000/1296/1836 997/1297/1837 998/1294/1838
f 1001/1298/1839 998/1294/1840 1002/1299/1841
f 998/1294/1842 1001/1298/1843 999/1295/1844
f 1001/1298/1845 1002/1299/1846 1005/1300/1847
f 1002/1299/1848 998/1294/1849 997/1297/1850
f 1003/1301/1851 1004/1302/1852 1005/1300/1853
f 1005/1300/1854 1002/1299/1855 1003/1301/1856
f 1003/1301/1857 1006/1303/1858 1004/1302/1859
f 1003/1301/1860 1002/1299/1861 997/1297/1862
f 1006/1303/1863 1003/1301/1864 997/1297/1865
f 1000/1296/1866 1006/1303/1867 997/1297/1868
f 1007/1304/439 991/1284/439 992/1285/439
f 1000/1305/1869 1008/1306/1870 1006/1307/1871
f 1006/1307/1872 1008/1306/1873 1009/1308/1874
f 1006/1307/1875 1009/1308/1876 1004/1309/1877
f 1012/1310/1878 1010/1311/1879 999/1312/1880
f 999/1312/1881 1010/1311/1882 1000/1305/1883
f 1000/1305/1884 1010/1311/1885 1008/1306/1886
f 1011/1313/1887 1001/1314/1888 1005/1315/1889
f 1012/1310/1890 1001/1314/1891 1011/1313/1892
f 1012/1310/1893 999/1312/1894 1001/1314/1895
f 1004/1316/1896 1009/1317/1897 1005/1315/1898
f 1011/1313/1899 1005/1315/1900 1009/1317/1901
f 992/1285/555 964/1248/555 1007/1304/555
f 964/1248/555 966/1250/555 1007/1304/555
f 1007/1304/556 966/1250/556 991/1284/556
f 966/1250/556 965/1249/556 991/1284/556
f 234/365/400 236/367/400 239/370/400
f 1013/1318/1902 1015/1319/1903 1014/1320/1904
f 1015/1319/1905 1013/1318/1906 1016/1321/1907
f 1016/1321/1908 1013/1318/1909 1017/1322/1910
f 1017/1322/1911 1013/1318/1912 1018/1323/1913
f 1019/1324/439 235/366/439 1020/1325/439
f 1021/1326/1914 1022/1327/1915 1023/1328/1916
f 1026/1329/1917 1023/1328/1918 1022/1327/1919
f 1023/1328/1920 1026/1329/1921 1027/1330/1922
f 1028/1331/1923 1027/1330/1924 1026/1329/1925
f 1024/1332/1926 1023/1328/1927 1027/1330/1928
f 1027/1330/1929 1029/1333/1930 1024/1332/1931
f 1029/1333/1932 1025/1334/1933 1024/1332/1934
f 1030/1335/1935 1031/1336/1936 1029/1333/1937
f 1032/1337/1938 1031/1336/1939 1030/1335/1940
f 1029/1333/1941 1027/1330/1942 1030/1335/1943
f 1033/1338/1944 1032/1337/1945 1030/1335/1946
f 1027/1330/1947 1033/1338/1948 1030/1335/1949
f 1027/1330/1950 1028/1331/1951 1033/1338/1952
f 1034/1339/1953 1025/1334/1954 1035/1340/1955
f 1031/1336/1956 1035/1340/1957 1029/1333/1958
f 1035/1340/1959 1025/1334/1960 1029/1333/1961
f 1036/1341/1962 1031/1336/1963 1032/1337/1964
f 1035/1340/1965 1031/1336/1966 1034/1339/1967
f 1037/1342/1968 1034/1339/1969 1031/1336/1970
f 1017/1343/1971 1031/1336/1972 1036/1341/1973
f 1017/1343/1974 1037/1342/1975 1031/1336/1976
f 1037/1342/1977 1017/1343/1978 1018/1344/1979
f 1018/1344/1980 1038/1345/1981 1037/1342/1982
f 1018/1344/1983 1039/1346/1984 1038/1345/1985
f 1037/1342/1986 1038/1345/1987 1034/1339/1988
f 1038/1345/1989 1025/1334/1990 1034/1339/1991
f 1025/1334/1992 1038/1345/1993 1040/1347/1994
f 1039/1346/1995 1040/1347/1996 1038/1345/1997
f 1040/1347/1998 1039/1346/1999 1041/1348/2000
f 1021/1326/2001 1040/1347/2002 1041/1348/2003
f 1040/1347/2004 1021/1326/2005 1023/1328/2006
f 1023/1328/2007 1024/1332/2008 1025/1334/2009
f 1025/1334/2010 1040/1347/2011 1023/1328/2012
f 1041/1349/2013 1042/1350/2014 1043/1351/2015
f 1042/1350/2016 1041/1349/2017 1039/1352/2018
f 1041/1349/2019 1044/1353/2020 1021/1354/2021
f 1043/1351/2022 1044/1353/2023 1041/1349/2024
f 1042/1350/2025 1045/1355/2026 1043/1351/2027
f 1042/1350/2028 1046/1356/2029 1045/1355/2030
f 1044/1353/2031 1045/1355/2032 1047/1357/2033
f 1045/1355/2034 1044/1353/2035 1043/1351/2036
f 1048/1358/2037 1033/1359/2038 1028/1360/2039
f 1033/1359/2040 1048/1358/160 1049/1361/2041
f 1048/1358/157 1050/1362/2042 1049/1361/2043
f 1049/1361/2044 1050/1362/2045 1051/1363/2046
f 1051/1363/2047 1052/1364/2048 1049/1361/2049
f 1051/1363/2050 1053/1365/2051 1052/1364/2052
f 1053/1365/2053 1051/1363/2054 1054/1366/2055
f 1053/1365/2056 1036/1367/2057 1032/1368/2058
f 1053/1365/2059 1032/1368/2060 1052/1364/2061
f 1052/1364/2062 1032/1368/2063 1049/1361/2064
f 1049/1361/2065 1032/1368/2066 1033/1359/2067
f 235/366/439 1019/1324/439 233/364/439
f 1044/1369/2068 1022/1370/2069 1021/1371/2070
f 1022/1370/2071 1044/1369/2072 1055/1372/2073
f 1044/1369/2074 1056/1373/2075 1055/1372/2076
f 1056/1373/2077 1057/1374/2078 1055/1372/2079
f 1055/1372/2080 1057/1374/2081 1022/1370/2082
f 1022/1370/2083 1057/1374/2084 1026/1375/2085
f 1057/1374/2086 1048/1376/2087 1026/1375/2088
f 1026/1375/2089 1048/1376/2090 1028/1377/2091
f 1047/1378/2092 1056/1373/2093 1044/1369/2094
f 1048/1376/2095 1059/1379/2096 1058/1380/2097
f 1059/1379/2098 1048/1376/2099 1057/1374/2100
f 1057/1374/2101 1056/1373/2102 1059/1379/2103
f 1060/1381/2104 1061/1382/2105 1062/1383/2106
f 1061/1382/2107 1060/1381/2108 1063/1384/2109
f 1063/1384/2110 1060/1381/2111 1064/1385/2112
f 1064/1385/2113 1060/1381/2114 1065/1386/2115
f 237/368/455 239/370/455 1019/1324/455
f 1066/1387/2116 1067/1388/2117 1068/1389/2118
f 1066/1387/2119 1068/1389/2120 1069/1390/2121
f 1070/1391/2122 1068/1389/2123 1071/1392/2124
f 1071/1392/2125 1068/1389/2126 1067/1388/2127
f 1067/1388/2128 1072/1393/2129 1071/1392/2130
f 1070/1391/2131 1074/1394/2132 1073/1395/2133
f 1070/1391/2134 1073/1395/2135 1068/1389/2136
f 1069/1390/2137 1068/1389/2138 1073/1395/2139
f 1074/1394/2140 1075/1396/2141 1073/1395/2142
f 1073/1395/2143 1075/1396/2144 1076/1397/2145
f 1076/1397/2146 1075/1396/2147 1079/1398/2148
f 1076/1397/2149 1079/1398/2150 1078/1399/2151
f 1077/1400/2152 1076/1397/2153 1081/1401/2154
f 1076/1397/2155 1077/1400/2156 1069/1390/2157
f 1076/1397/2158 1069/1390/2159 1073/1395/2160
f 1086/1402/2161 1069/1390/2162 1080/1403/2163
f 1080/1403/2164 1069/1390/2165 1077/1400/2166
f 1080/1403/2167 1082/1404/2168 1086/1402/2169
f 1080/1403/2170 1081/1401/2171 1082/1404/2172
f 1082/1404/2173 1084/1405/2174 1083/1406/2175
f 1084/1405/2176 1082/1404/2177 1081/1401/2178
f 1081/1401/2179 1080/1403/2180 1077/1400/2181
f 1078/1399/2182 1081/1401/2183 1076/1397/2184
f 1081/1401/2185 1078/1399/2186 1084/1405/2187
f 1019/1324/455 1020/1325/455 237/368/455
f 1082/1404/2188 1083/1406/2189 1064/1407/2190
f 1064/1407/2191 1085/1408/2192 1082/1404/2193
f 1085/1408/2194 1064/1407/2195 1065/1409/2196
f 1067/1388/2197 1065/1409/2198 1072/1393/2199
f 1065/1409/2200 1067/1388/2201 1085/1408/2202
f 1086/1402/2203 1082/1404/2204 1085/1408/2205
f 1086/1402/2206 1085/1408/2207 1067/1388/2208
f 1086/1402/2209 1067/1388/2210 1066/1387/2211
f 1066/1387/2212 1069/1390/2213 1086/1402/2214
f 1088/1410/2215 1087/1411/2216 1089/1412/2217
f 1089/1412/2218 1062/1413/2219 1061/1414/2220
f 1089/1412/2221 1061/1414/2222 1088/1410/2223
f 1090/1415/2224 1088/1410/2225 1061/1414/2226
f 1091/1416/2227 1088/1410/2228 1092/1417/2229
f 1088/1410/2230 1093/1418/2231 1092/1417/2232
f 1093/1418/2233 1088/1410/2234 1090/1415/2235
f 1091/1416/2236 1094/1419/2237 1087/1411/2238
f 1088/1410/2239 1091/1416/2240 1087/1411/2241
f 1095/1420/2242 1096/1421/2243 1092/1417/2244
f 1097/1422/2245 1092/1417/2246 1096/1421/2247
f 1092/1417/2248 1097/1422/2249 1091/1416/2250
f 1097/1422/2251 1094/1419/2252 1091/1416/2253
f 1093/1418/2254 1095/1420/2255 1092/1417/2256
f 1097/1422/2257 1099/1423/2258 1098/1424/2259
f 1099/1423/2260 1097/1422/2261 1096/1421/2262
f 1098/1424/2263 1094/1419/2264 1097/1422/2265
f 1100/1425/2266 1094/1419/2267 1098/1424/2268
f 1101/1426/2269 1099/1423/2270 1102/1427/2271
f 1096/1421/2272 1102/1427/2273 1099/1423/2274
f 1096/1421/2275 1095/1420/2276 1102/1427/2277
f 1099/1423/2278 1103/1428/2279 1098/1424/2280
f 1103/1428/2281 1100/1425/2282 1098/1424/2283
f 1104/1429/2284 1094/1419/2285 1100/1425/2286
f 1103/1428/2287 1106/1430/2288 1105/1431/2289
f 1106/1430/2290 1103/1428/2291 1099/1423/2292
f 1099/1423/2293 1101/1426/2294 1106/1430/2295
f 1107/1432/2296 1104/1429/2297 1103/1428/2298
f 1100/1425/2299 1103/1428/2300 1104/1429/2301
f 1103/1428/2302 1105/1431/2303 1108/1433/2304
f 1103/1428/2305 1108/1433/2306 1107/1432/2307
f 1109/1434/2308 1107/1432/2309 1108/1433/2310
f 1089/1412/2311 1109/1434/2312 1062/1413/2313
f 1109/1434/2314 1089/1412/2315 1107/1432/2316
f 1104/1429/2317 1107/1432/2318 1089/1412/2319
f 1089/1412/2320 1087/1411/2321 1104/1429/2322
f 1087/1411/2323 1094/1419/2324 1104/1429/2325
f 239/370/1598 236/367/1598 233/364/1598
f 1072/1435/2326 1110/1436/2327 1111/1437/2328
f 1072/1435/2329 1111/1437/2330 1071/1438/2331
f 1112/1439/2332 1108/1440/2333 1105/1441/2334
f 1108/1440/2335 1112/1439/2336 1111/1437/2337
f 1111/1437/2338 1109/1442/2339 1108/1440/2340
f 1109/1442/2341 1111/1437/2342 1110/1436/2343
f 1062/1443/2344 1109/1442/2345 1110/1436/2346
f 1111/1437/2347 1112/1439/2348 1071/1438/2349
f 1071/1438/2350 1112/1439/2351 1070/1444/2352
f 233/364/1598 1019/1324/1598 239/370/1598
f 1113/1445/2353 1078/1446/2354 1079/1447/2355
f 1078/1446/2356 1113/1445/2357 1114/1448/2358
f 1113/1445/2359 1095/1449/2360 1114/1448/2361
f 1095/1449/2362 1115/1450/2363 1114/1448/2364
f 1115/1450/2365 1095/1449/2366 1093/1451/2367
f 1090/1452/2368 1115/1450/2369 1093/1451/2370
f 1090/1452/2371 1116/1453/2372 1115/1450/2373
f 1083/1454/2374 1115/1450/2375 1116/1453/2376
f 1115/1450/2377 1083/1454/2378 1084/1455/2379
f 1115/1450/2380 1084/1455/2381 1078/1446/2382
f 1115/1450/2383 1078/1446/2384 1114/1448/2385
f 238/369/2386 244/376/2387 242/374/2388
f 242/374/2389 244/376/2390 1117/1456/2390
f 1075/1457/2391 1113/1458/2392 1079/1459/2393
f 1118/1460/2394 1113/1458/2395 1075/1457/2396
f 1074/1461/2397 1118/1460/2398 1075/1457/2399
f 1074/1461/2400 1119/1462/213 1118/1460/2401
f 1119/1462/2402 1074/1461/2403 1070/1463/2404
f 1106/1464/2405 1118/1460/2406 1119/1462/199
f 1118/1460/2407 1106/1464/2408 1101/1465/2409
f 1101/1465/2410 1113/1458/2411 1118/1460/2412
f 1113/1458/2413 1101/1465/2414 1102/1466/2415
f 1105/1467/2416 1106/1464/2417 1119/1462/2418
f 1120/1468/2419 1121/1469/2420 1122/1470/2421
f 1121/1469/2422 1120/1468/2423 1123/1471/2424
f 1123/1471/2425 1120/1468/2426 1124/1472/2427
f 1124/1472/2428 1120/1468/2429 1125/1473/2430
f 1117/1456/439 1020/1325/439 242/374/439
f 1126/1474/2431 1128/1475/2432 1122/1476/2433
f 1122/1476/2434 1121/1477/2435 1126/1474/2436
f 1129/1478/2437 1147/1479/2438 1126/1474/2439
f 1126/1474/2440 1127/1480/2441 1129/1478/2442
f 1127/1480/2323 1130/1481/2324 1129/1478/2325
f 1127/1480/2443 1126/1474/2444 1131/1482/2445
f 1126/1474/2446 1121/1477/2447 1131/1482/2448
f 1132/1483/2449 1131/1482/2450 1121/1477/2451
f 1144/1484/2452 1130/1481/2453 1133/1485/2454
f 1133/1485/2455 1130/1481/2456 1134/1486/2457
f 1134/1486/2458 1130/1481/2459 1127/1480/2460
f 1131/1482/2461 1134/1486/2462 1127/1480/2463
f 1134/1486/2464 1131/1482/2465 1135/1487/2466
f 1134/1486/2467 1135/1487/2468 1133/1485/2469
f 1135/1487/2470 1136/1488/2471 1133/1485/2472
f 1136/1488/2473 1138/1489/2474 1137/1490/2475
f 1138/1489/2476 1136/1488/2477 1135/1487/2478
f 1135/1487/2479 1139/1491/2480 1138/1489/2481
f 1131/1482/2482 1139/1491/2483 1135/1487/2484
f 1131/1482/2485 1132/1483/2486 1139/1491/2487
f 1140/1492/2488 1141/1493/2489 1142/1494/2490
f 1140/1492/2491 1142/1494/2492 1143/1495/2493
f 1144/1484/2494 1143/1495/2495 1142/1494/2496
f 1136/1488/2497 1145/1496/2498 1143/1495/2499
f 1136/1488/2500 1137/1490/2501 1145/1496/2502
f 1143/1495/2503 1145/1496/2504 1140/1492/2505
f 1143/1495/2506 1133/1485/2507 1136/1488/2508
f 1133/1485/2509 1143/1495/2510 1144/1484/2511
f 1141/1493/2512 1146/1497/2513 1142/1494/2514
f 1142/1494/2515 1146/1497/2516 1147/1479/2517
f 1148/1498/2518 1147/1479/2519 1146/1497/2520
f 1147/1479/2521 1149/1499/2522 1142/1494/2523
f 1142/1494/2524 1149/1499/2525 1144/1484/2526
f 1149/1499/2527 1130/1481/2528 1144/1484/2529
f 1129/1478/2530 1130/1481/2531 1149/1499/2532
f 1149/1499/2533 1147/1479/2534 1129/1478/2535
f 1128/1475/2536 1147/1479/2537 1148/1498/2538
f 1128/1475/2539 1126/1474/2540 1147/1479/2541
f 1150/1500/2542 1152/1501/2543 1151/1502/2544
f 1150/1500/2545 1151/1502/2546 1153/1503/2547
f 1152/1501/2548 1154/1504/2549 1125/1505/2550
f 1152/1501/2551 1150/1500/2552 1154/1504/2553
f 1155/1506/2554 1154/1504/2555 1150/1500/2556
f 1150/1500/2557 1156/1507/2558 1155/1506/2559
f 1155/1506/2560 1156/1507/2561 1157/1508/2562
f 1154/1504/2563 1155/1506/2564 1157/1508/2565
f 1158/1509/2566 1154/1504/2567 1157/1508/2568
f 1161/1510/2569 1158/1509/2570 1159/1511/2571
f 1158/1509/2572 1161/1510/2573 1124/1512/2574
f 1158/1509/2575 1124/1512/2576 1125/1505/2577
f 1125/1505/2578 1154/1504/2579 1158/1509/2580
f 1158/1509/2581 1157/1508/2582 1159/1511/2583
f 1160/1513/2584 1159/1511/2585 1157/1508/2586
f 1157/1508/2587 1156/1507/2588 1160/1513/2589
f 1164/1514/2590 1156/1507/2591 1163/1515/2592
f 1156/1507/2593 1164/1514/2594 1162/1516/2595
f 1163/1515/2596 1165/1517/2597 1166/1518/2598
f 1163/1515/2599 1166/1518/2600 1164/1514/2601
f 1167/1519/2602 1164/1514/2603 1166/1518/2604
f 1150/1500/2605 1163/1515/2606 1156/1507/2607
f 1153/1503/2608 1163/1515/2609 1150/1500/2610
f 1163/1515/2611 1153/1503/2612 1165/1517/2613
f 1168/1520/2614 1160/1513/2615 1162/1516/2616
f 1162/1516/2617 1164/1514/2618 1168/1520/2619
f 1169/1521/2620 1168/1520/2621 1164/1514/2622
f 1170/1522/2623 1169/1521/2624 1164/1514/2625
f 1164/1514/2626 1167/1519/2627 1170/1522/2628
f 1160/1513/2629 1156/1507/2630 1162/1516/2631
f 1160/1513/2632 1168/1520/2633 1159/1511/2634
f 1161/1510/2635 1159/1511/2636 1171/1523/2637
f 1171/1523/2638 1159/1511/2639 1168/1520/2640
f 1171/1523/2641 1168/1520/2642 1169/1521/2643
f 1020/1325/1729 243/375/1729 237/368/1729
f 1152/1524/2644 1172/1525/128 1151/1526/2645
f 1173/1527/2646 1148/1528/2647 1146/1529/2648
f 1148/1528/2649 1173/1527/2650 1174/1530/2651
f 1148/1528/2652 1174/1530/2653 1172/1525/2654
f 1172/1525/119 1128/1531/2655 1148/1528/2656
f 1120/1532/115 1128/1531/2657 1172/1525/2658
f 1152/1524/2659 1120/1532/112 1172/1525/2660
f 1120/1532/110 1152/1524/2661 1125/1533/2662
f 1122/1534/2663 1128/1531/2664 1120/1532/134
f 1172/1525/2665 1174/1530/2666 1151/1526/2667
f 1174/1530/2668 1173/1527/2669 1151/1526/2670
f 1151/1526/2671 1173/1527/2672 1153/1535/2673
f 243/375/2674 1020/1325/2674 1117/1456/2674
f 1175/1536/2037 1170/1537/2038 1167/1538/2039
f 1170/1537/2040 1175/1536/160 1176/1539/161
f 1175/1536/157 1137/1540/2042 1176/1539/159
f 1176/1539/2675 1137/1540/2045 1138/1541/2046
f 1138/1541/2676 1177/1542/2677 1176/1539/2678
f 1177/1542/2679 1138/1541/2680 1139/1543/2681
f 1139/1543/2682 1178/1544/2683 1177/1542/2684
f 1171/1545/2685 1177/1542/2686 1178/1544/2687
f 1177/1542/2688 1171/1545/2689 1169/1546/2690
f 1177/1542/2691 1169/1546/2692 1176/1539/2693
f 1176/1539/2065 1169/1546/2066 1170/1537/2067
f 250/382/439 245/377/439 247/379/439
f 1166/1547/2694 1175/1548/2695 1167/1549/2696
f 1179/1550/2697 1175/1548/2698 1166/1547/2699
f 1180/1551/2700 1179/1550/2701 1166/1547/2702
f 1165/1552/2703 1180/1551/2704 1166/1547/2705
f 1173/1553/2706 1165/1552/2707 1153/1554/2708
f 1165/1552/2709 1173/1553/2710 1180/1551/2711
f 1173/1553/2712 1141/1555/2713 1180/1551/2714
f 1180/1551/2715 1141/1555/2716 1140/1556/2717
f 1140/1556/2718 1179/1550/2719 1180/1551/2720
f 1140/1556/2721 1175/1548/2722 1179/1550/2723
f 1175/1548/2724 1140/1556/2725 1145/1557/2726
f 1146/1558/2727 1141/1555/2728 1173/1553/2729
f 1182/1559/2730 1181/1560/2731 1183/1561/2732
f 1185/1562/2733 1184/1563/2734 1183/1561/2735
f 1184/1563/2736 1186/1564/2737 1183/1561/2738
f 1183/1561/2739 1186/1564/2740 1182/1559/2741
f 1187/1565/2742 1188/1566/2743 1185/1562/2744
f 1187/1565/2745 1185/1562/2746 1183/1561/2747
f 1189/1567/2748 1183/1561/2749 1181/1560/2750
f 1189/1567/2751 1187/1565/2752 1183/1561/2753
f 1189/1567/2754 1181/1560/2755 1190/1568/2756
f 1191/1569/2757 1189/1567/2758 1190/1568/2759
f 1187/1565/2760 1189/1567/2761 1191/1569/2762
f 1192/1570/2763 1191/1569/2764 1193/1571/2765
f 1191/1569/2766 1192/1570/2767 1194/1572/2768
f 1194/1572/2769 1195/1573/2770 1191/1569/2771
f 1188/1566/2772 1191/1569/2773 1195/1573/2774
f 1188/1566/2775 1187/1565/2776 1191/1569/2777
f 1193/1571/2778 1191/1569/2779 1190/1568/2780
f 1198/1574/2781 1190/1568/2782 1197/1575/2783
f 1190/1568/2784 1198/1574/2785 1193/1571/2786
f 1199/1576/2787 1200/1577/2788 1196/1578/2789
f 1196/1578/2790 1200/1577/2791 1198/1574/2792
f 1198/1574/2793 1197/1575/2794 1196/1578/2795
f 1200/1577/2796 1201/1579/2797 1198/1574/2798
f 1198/1574/2799 1201/1579/2800 1193/1571/2801
f 1192/1570/2802 1193/1571/2803 1201/1579/2804
f 1181/1560/2805 1197/1575/2806 1190/1568/2807
f 1182/1559/2808 1197/1575/2809 1181/1560/2810
f 1197/1575/2811 1182/1559/2812 1196/1578/2813
f 1182/1559/2814 1186/1564/2815 1202/1580/2816
f 1202/1580/2817 1196/1578/2818 1182/1559/2819
f 1196/1578/2820 1202/1580/2821 1199/1576/2822
f 245/377/439 250/382/439 1203/1581/439
f 1194/1582/2823 1204/1583/2824 1195/1584/2825
f 1204/1583/2826 1194/1582/2827 1205/1585/2828
f 1205/1585/2829 1206/1586/2830 1204/1583/2831
f 1206/1586/2832 1205/1585/2833 1207/1587/2834
f 1208/1588/2835 1207/1587/2836 1205/1585/2837
f 1209/1589/2838 1204/1583/2839 1206/1586/2840
f 1205/1585/2841 1192/1590/2842 1208/1588/2843
f 1194/1582/2844 1192/1590/2845 1205/1585/2846
f 1203/1581/1814 250/382/1814 1210/1591/1814
f 1210/1591/1814 250/382/1814 249/381/1814
f 248/380/400 249/381/400 246/378/400
f 1185/1592/2847 1188/1593/2848 1211/1594/2849
f 1212/1595/2850 1185/1592/2851 1211/1594/2852
f 1211/1594/2853 1213/1596/2854 1212/1595/2855
f 1213/1596/2856 1211/1594/2857 1214/1597/2858
f 248/380/400 1210/1591/400 249/381/400
f 1185/1592/2859 1215/1598/2860 1184/1599/2861
f 1215/1598/2862 1185/1592/2863 1212/1595/2864
f 1213/1596/2865 1215/1598/2866 1212/1595/2867
f 1215/1598/2868 1213/1596/2869 1216/1600/2870
f 253/1601/439 255/1602/439 257/1603/439
f 255/1602/439 253/1601/439 252/1604/439
f 255/1602/439 252/1604/439 261/397/439
f 261/397/439 252/1604/439 262/402/439
f 251/1605/1062 260/401/1062 252/1606/1062
f 252/1606/1062 260/401/1062 262/402/1062
f 256/388/346 254/386/346 257/389/346
f 257/389/346 254/386/346 253/385/346
f 266/410/2871 264/409/2872 267/1607/2871
f 1200/1608/2873 1217/1609/2874 1201/1610/2875
f 1208/1611/2876 1201/1610/2877 1217/1609/2878
f 1208/1611/2879 1217/1609/2880 1218/1612/2881
f 1218/1612/2882 1217/1609/2883 1219/1613/2884
f 1220/1614/2885 1219/1613/2886 1217/1609/2887
f 1217/1609/2888 1200/1608/2889 1220/1614/2890
f 1220/1614/2891 1200/1608/2892 1221/1615/2893
f 1200/1608/2894 1199/1616/2895 1221/1615/2896
f 1219/1613/2897 1221/1615/2898 1222/1617/2899
f 1221/1615/2900 1219/1613/2901 1220/1614/2902
f 1223/1618/2903 1224/1619/2904 1226/1620/2905
f 1226/1620/2906 1224/1619/2907 1225/1621/2908
f 1229/1622/2909 1226/1620/2910 1225/1621/2911
f 1226/1620/2912 1231/1623/2913 1223/1618/2914
f 1227/1624/2915 1223/1618/2916 1231/1623/2917
f 1228/1625/2918 1223/1618/2919 1227/1624/2920
f 1231/1623/2921 1229/1622/2922 1230/1626/2923
f 1231/1623/2924 1226/1620/2925 1229/1622/2926
f 1227/1624/2927 1231/1623/2928 1232/1627/2929
f 1234/1628/2930 1236/1629/2931 1233/1630/2932
f 1236/1629/2933 1235/1631/2934 1233/1630/2935
f 1235/1631/2936 1229/1622/2937 1225/1621/2938
f 1235/1631/2939 1236/1629/2940 1229/1622/2941
f 1236/1629/2942 1230/1626/2943 1229/1622/2944
f 1225/1621/2945 1233/1630/2946 1235/1631/2947
f 1237/1632/2948 1233/1630/2949 1225/1621/2950
f 1237/1632/2951 1238/1633/2952 1239/1634/2953
f 1239/1634/2954 1240/1635/2955 1237/1632/2956
f 1237/1632/2957 1240/1635/2958 1233/1630/2959
f 1234/1628/2960 1233/1630/2961 1240/1635/2962
f 1241/1636/2963 1242/1637/2964 1238/1633/2965
f 1228/1625/2966 1242/1637/2967 1241/1636/2968
f 1223/1618/2969 1228/1625/2970 1241/1636/2971
f 1241/1636/2972 1224/1619/2973 1223/1618/2974
f 1224/1619/2975 1241/1636/2976 1225/1621/2977
f 1237/1632/2978 1225/1621/2979 1241/1636/2980
f 1238/1633/2981 1237/1632/2982 1241/1636/2983
f 265/1638/2984 266/1639/2985 268/1640/2986
f 1243/1641/2987 1244/1642/2988 1245/1643/2989
f 1245/1643/2990 1246/1644/2991 1243/1641/2992
f 1247/1645/2993 1248/1646/2994 1249/1647/2995
f 1246/1644/2996 1249/1647/2997 1248/1646/2998
f 1246/1644/2999 1248/1646/3000 1243/1641/3001
f 1244/1642/3002 1243/1641/3003 1251/1648/3004
f 1243/1641/3005 1250/1649/3006 1251/1648/3007
f 1250/1649/3008 1253/1650/3009 1252/1651/3010
f 1250/1649/3011 1243/1641/3012 1253/1650/3013
f 1248/1646/3014 1253/1650/3015 1243/1641/3016
f 1254/1652/3017 1250/1649/3018 1252/1651/3019
f 1254/1652/3020 1251/1648/3021 1250/1649/3022
f 1255/1653/3023 1254/1652/3024 1252/1651/3025
f 1255/1653/3026 1256/1654/3027 1254/1652/3028
f 1251/1648/3029 1254/1652/3030 1256/1654/3031
f 1259/1655/3032 1257/1656/3033 1256/1654/3034
f 1258/1657/3035 1256/1654/3036 1257/1656/3037
f 1256/1654/3038 1258/1657/3039 1251/1648/3040
f 1244/1642/3041 1251/1648/3042 1258/1657/3043
f 1257/1656/3044 1259/1655/3045 1261/1658/3046
f 1259/1655/3047 1260/1659/3048 1261/1658/3049
f 1260/1659/3050 1264/1660/3051 1262/1661/3052
f 1264/1660/3053 1260/1659/3054 1259/1655/3055
f 1256/1654/3056 1255/1653/3057 1259/1655/3058
f 1259/1655/3059 1255/1653/3060 1264/1660/3061
f 1264/1660/3062 1255/1653/3063 1263/1662/3064
f 1263/1662/3065 1255/1653/3066 1252/1651/3067
f 1253/1650/3068 1263/1662/3069 1252/1651/3070
f 1253/1650/3071 1248/1646/3072 1263/1662/3073
f 1264/1660/3074 1263/1662/3075 1248/1646/3076
f 1248/1646/3077 1265/1663/3078 1264/1660/3079
f 1262/1661/3080 1264/1660/3081 1265/1663/3082
f 1265/1663/3083 1248/1646/3084 1247/1645/3085
f 1228/1664/3086 1266/1665/3087 1242/1666/3088
f 1266/1665/3089 1228/1664/3090 1267/1667/3091
f 1267/1667/3092 1244/1668/3093 1266/1665/3094
f 1244/1668/3095 1267/1667/3096 1245/1669/3097
f 1245/1669/3098 1267/1667/3099 1246/1670/3100
f 1268/1671/3101 1246/1670/3102 1267/1667/3103
f 1267/1667/3104 1227/1672/3105 1268/1671/3106
f 1228/1664/3107 1227/1672/3108 1267/1667/3109
f 1270/1673/3110 283/427/3111 284/428/3112
f 283/427/3113 280/424/3114 284/428/3115
f 1270/1673/3116 284/428/3117 1269/1674/3118
f 285/429/3119 1271/1675/3120 284/428/3121
f 1269/1674/3122 284/428/3123 1271/1675/3124
f 1239/1676/3125 1238/1677/3126 1272/1678/3127
f 1273/1679/2850 1239/1676/2851 1272/1678/2852
f 1272/1678/2853 1257/1680/2854 1273/1679/2855
f 1257/1680/2856 1272/1678/2857 1258/1681/2858
f 1238/1677/3128 1242/1682/3129 1272/1678/3130
f 1239/1676/3131 1278/1683/3132 1240/1684/3133
f 1278/1683/2862 1239/1676/2863 1273/1679/2864
f 1257/1680/2865 1278/1683/2866 1273/1679/2867
f 1278/1683/3134 1257/1680/3135 1261/1685/3136
f 1280/1686/3137 1279/1687/3138 1281/1688/3139
f 1282/1689/3140 1281/1688/3141 1279/1687/3142
f 1283/1690/3143 1281/1688/3144 1282/1689/3145
f 1283/1690/3146 1282/1689/3147 1232/1691/3148
f 1284/1692/3149 1232/1691/3150 1282/1689/3151
f 1282/1689/3152 1249/1693/3153 1284/1692/3154
f 1249/1693/3155 1282/1689/3156 1247/1694/3157
f 1247/1694/3158 1282/1689/3159 1265/1695/3160
f 1279/1687/3161 1265/1695/3162 1282/1689/3163
f 1265/1695/3164 1279/1687/3165 1262/1696/3166
f 1286/1697/3167 1288/1698/3168 1287/1699/3169
f 1287/1699/3170 1288/1698/3171 1289/1700/3172
f 1288/1698/3173 1290/1701/3174 1289/1700/3175
f 1290/1701/3176 1288/1698/3177 1291/1702/3178
f 1292/1703/3179 1293/1704/3180 1294/1705/3181
f 1293/1704/3182 1292/1703/3183 1285/1706/3184
f 1286/1697/3185 1293/1704/3186 1285/1706/3187
f 1286/1697/3188 1287/1699/3189 1293/1704/3190
f 1289/1700/3191 1295/1707/3192 1287/1699/3193
f 1296/1708/3194 1287/1699/3195 1295/1707/3196
f 1276/1709/3197 1277/1710/3197 1274/1711/3197
f 1274/1711/3198 1277/1710/3198 1275/1712/3198
f 1297/1713/3199 1298/1714/3200 1299/1715/3201
f 1297/1713/3202 1299/1715/3203 1300/1716/3204
f 1298/1714/3205 1291/1702/3206 1301/1717/3207
f 1298/1714/3208 1297/1713/3209 1291/1702/3210
f 1290/1701/3211 1291/1702/3212 1297/1713/3213
f 1302/1718/3214 1303/1719/3215 1304/1720/3216
f 1299/1715/3217 1304/1720/3218 1303/1719/3219
f 1304/1720/3220 1299/1715/3221 1298/1714/3222
f 1302/1718/3223 1292/1703/3224 1305/1721/3225
f 1292/1703/3226 1302/1718/3227 1285/1706/3228
f 1304/1720/3229 1285/1706/3230 1302/1718/3231
f 1304/1720/3232 1286/1697/3233 1285/1706/3234
f 1286/1697/3235 1304/1720/3236 1306/1722/3237
f 1306/1722/3238 1304/1720/3239 1307/1723/3240
f 1304/1720/3241 1301/1717/3242 1307/1723/3243
f 1298/1714/3244 1301/1717/3245 1304/1720/3246
f 1296/1708/3247 1295/1707/3248 1308/1724/3249
f 1308/1724/3250 1309/1725/3251 1296/1708/3252
f 1296/1708/3253 1309/1725/3254 1310/1726/3255
f 1310/1726/3256 1309/1725/3257 1292/1703/3258
f 1310/1726/3259 1292/1703/3260 1311/1727/3261
f 1292/1703/3262 1294/1705/3263 1311/1727/3264
f 1309/1725/3265 1308/1724/3266 1312/1728/3267
f 1312/1728/3268 1308/1724/3269 1313/1729/3270
f 1312/1728/3271 1292/1703/3272 1309/1725/3273
f 1292/1703/3274 1312/1728/3275 1305/1721/3276
f 1314/1730/3277 1297/1713/3278 1300/1716/3279
f 1314/1730/3280 1300/1716/3281 1315/1731/3282
f 1290/1732/3283 1316/1733/3284 1317/1734/3285
f 1316/1733/3286 1290/1732/3287 1300/1735/3288
f 1300/1735/3289 1291/1736/3290 1316/1733/3291
f 1300/1735/3292 1299/1737/3293 1291/1736/3294
f 1291/1736/3295 1299/1737/3296 1301/1738/3297
f 1299/1737/3298 1307/1739/3299 1301/1738/3300
f 1307/1739/3301 1299/1737/3302 1303/1740/3303
f 1303/1740/3304 1302/1741/3305 1318/1742/3306
f 1302/1741/3307 1319/1743/3308 1318/1742/3309
f 1319/1743/3310 1302/1741/3311 1320/1744/3312
f 1302/1741/3313 1321/1745/3314 1320/1744/3315
f 1321/1745/3316 1302/1741/3317 1322/1746/3318
f 1321/1745/3319 1322/1746/3320 1323/1747/3321
f 1323/1747/3321 1322/1746/3320 1324/1748/3322
f 1322/1746/3320 1290/1732/3323 1324/1748/3322
f 1317/1734/3324 1324/1748/3322 1290/1732/3323
f 1302/1741/3325 1305/1749/3326 1325/1750/3327
f 1302/1741/3328 1325/1750/3329 1326/1751/3330
f 1302/1741/3331 1326/1751/3332 1327/1752/3333
f 1328/1753/3334 1302/1741/3335 1327/1752/3336
f 1322/1746/3337 1302/1741/3338 1328/1753/3339
f 1328/1753/3340 1329/1754/3341 1322/1746/3320
f 1329/1754/3341 1330/1755/3342 1322/1746/3320
f 1330/1755/3342 1295/1756/3343 1322/1746/3320
f 1295/1756/3343 1330/1755/3342 1331/1757/3344
f 1313/1729/3345 1332/1758/3346 1333/1759/3347
f 1332/1758/3348 1313/1729/3349 1308/1724/3350
f 1334/1760/3351 1295/1756/3352 1331/1757/3353
f 1295/1756/3354 1334/1760/3355 1313/1761/3356
f 1313/1761/3357 1334/1760/3358 1296/1762/3359
f 1312/1763/3360 1313/1761/3361 1296/1762/3362
f 1312/1763/3363 1296/1762/3364 1310/1764/3365
f 1311/1765/3366 1312/1763/3367 1310/1764/3368
f 1312/1763/3369 1311/1765/3370 1305/1749/3371
f 1290/1766/3372 776/1767/3373 1300/1768/3374
f 775/1769/3375 1300/1768/3376 776/1767/3377
f 1300/1768/3378 775/1769/3379 1315/1770/3380
f 1339/1771/3381 1313/1772/3382 1333/1773/3383
f 1313/1772/3384 1339/1771/3385 774/1774/3386
f 774/1774/3387 1295/1775/3388 1313/1772/3389
f 774/1774/3390 1322/1776/3391 1295/1775/3392
f 1322/1776/3393 774/1774/3394 776/1767/3395
f 1322/1776/3396 776/1767/3397 1290/1766/3398
f 767/1777/3399 768/1778/3400 1340/1779/3401
f 217/1780/3402 1341/1781/3403 775/1782/3404
f 1341/1781/3405 1315/1783/3406 775/1782/3407
f 1315/1783/3408 1341/1781/3409 425/1784/3408
f 1337/1785/3410 1338/1786/3410 1335/1787/3410
f 1335/1787/3411 1338/1786/3411 1336/1788/3411
f 356/502/668 1342/1789/3412 365/511/3413
f 348/494/3414 347/493/3415 1343/1790/3416
f 347/493/660 1344/1791/3417 1343/1790/3418
f 1344/1791/3417 359/505/671 1343/1790/3418
f 1344/1791/3417 356/502/668 359/505/671
f 356/502/668 1344/1791/3417 1345/1792/3419
f 356/502/668 1345/1792/3419 1342/1789/3412
f 1345/1792/3420 354/500/666 1342/1789/3412
f 354/500/666 1345/1792/3419 352/498/663
f 1345/1792/3419 351/497/662 352/498/663
f 351/497/662 1345/1792/3419 1344/1791/3417
f 351/497/664 1344/1791/3417 347/493/660
f 1343/1790/3418 359/505/671 364/510/677
f 364/510/3421 366/512/3422 1343/1790/3423
f 348/494/3424 1343/1790/3425 366/512/3426
f 1346/1793/3427 1347/1794/3428 1348/1795/3427
f 1347/1794/3429 1346/1793/3427 1349/1796/3430
f 1350/1797/3431 1347/1794/3432 1349/1796/3433
f 1347/1794/3434 1350/1797/3431 1351/1798/3431
f 1339/1799/3435 1333/1800/3436 450/1801/3436
f 1352/1802/560 1353/1803/560 1354/1804/560
f 1353/1805/3437 1352/1806/3438 422/1807/3439
f 1353/1805/3437 422/1807/3439 662/1808/3440
f 220/1809/3441 1355/1810/3442 218/1811/3443
f 1341/1812/3444 218/1811/3445 1355/1810/3446
f 425/1813/3447 1341/1812/3448 424/1814/3449
f 218/1811/3450 1341/1812/3451 217/1815/3452
f 220/1809/3453 1356/1816/3454 1357/1817/3455
f 1357/1817/3456 1355/1810/3457 220/1809/3458
f 422/1818/3459 438/1819/3460 662/1820/3461
f 422/1818/3459 423/1821/3462 438/1819/3463
f 1355/1810/3464 423/1821/3465 422/1818/3466
f 423/1821/3467 1355/1810/3468 1357/1817/3469
f 424/1814/3470 1355/1810/3471 422/1822/3472
f 1355/1810/3473 424/1814/3474 1341/1812/3475
f 1352/1823/560 1354/1824/560 1358/1825/560
f 1357/1826/3476 1360/1827/3477 1359/1828/3478
f 1360/1827/3479 1357/1826/3480 1356/1829/3481
f 438/1830/3460 1361/1831/3482 566/1832/3461
f 1361/1831/3482 438/1830/3463 423/1833/3483
f 423/1833/3484 1359/1828/3485 1361/1831/3486
f 1359/1828/3487 423/1833/3488 1357/1826/3489
f 1359/1828/3490 451/1834/3491 1361/1835/3492
f 451/1834/3493 1359/1828/3494 1362/1836/3495
f 1362/1836/3496 450/1837/3497 451/1834/3498
f 450/1837/3499 1362/1836/3500 1339/1838/3501
f 1339/1838/3502 1362/1836/3503 768/1839/3504
f 1362/1836/3505 1359/1828/3506 1360/1827/3507
f 1363/1840/3508 1364/1841/3508 1365/1842/3508
f 1364/1841/3508 1363/1840/3508 1366/1843/3508
f 1365/1844/3509 1367/1845/3509 1368/1846/3509
f 1367/1845/3509 1365/1844/3509 1369/1847/3509
f 1370/1848/3510 1371/1849/3510 1364/1850/3510
f 1370/1848/3510 1364/1850/3510 1372/1851/3510
f 1366/1852/3511 1373/1853/3511 1374/1854/3511
f 1373/1853/3511 1366/1852/3511 1363/1855/3511
f 1375/1856/3512 1376/1857/3512 1377/1858/3512
f 1375/1856/3512 1377/1858/3512 1378/1859/3512
f 1379/1860/3513 1380/1861/3513 1375/1862/3513
f 1375/1862/3513 1378/1863/3513 1379/1860/3513
f 1379/1864/3514 1377/1865/3514 1381/1866/3514
f 1377/1865/3514 1379/1864/3514 1378/1867/3514
f 1381/1868/3515 1376/1869/3515 1382/1870/3515
f 1376/1869/3515 1381/1868/3515 1377/1871/3515
f 1385/1872/3516 1384/1873/3517 1383/1874/3518
f 1384/1873/3519 1385/1872/3520 1386/1875/3520
f 1387/1876/3521 1388/1877/3522 1389/1878/3521
f 1388/1877/3523 1387/1876/3524 1390/1879/3523
f 1394/1880/3525 1393/1881/3526 1392/1882/3527
f 1395/1883/3528 1396/1884/3529 1394/1880/3530
f 1393/1881/3531 1394/1880/3532 1396/1884/3533
f 1391/1885/3534 1392/1882/3535 1393/1881/3536
f 1399/1886/3537 1397/1887/3538 1398/1888/3539
f 1397/1887/3540 1399/1886/3541 1400/1889/3542
f 1401/1890/3543 1400/1889/3544 1399/1886/3545
f 1400/1889/3546 1401/1890/3547 1402/1891/3548
f 1403/1892/3549 1402/1891/3550 1401/1890/3551
f 1404/1893/3552 1405/1894/3553 1406/1895/3554
f 1407/1896/3555 1404/1893/3556 1406/1895/3557
f 1407/1896/3558 1408/1897/3559 1409/1898/3560
f 1407/1896/3561 1406/1895/3562 1408/1897/3563
f 1404/1899/3564 1409/1900/3565 1410/1901/3566
f 1409/1900/3567 1408/1897/3568 1410/1901/3569
f 1404/1899/3570 1410/1901/3571 1405/1902/3572
f 1413/1903/3573 1412/1904/3574 1411/1905/3575
f 1414/1906/3576 1413/1903/3577 1415/1907/3578
f 1413/1903/3579 1411/1905/3580 1415/1907/3581
f 1414/1908/3582 1415/1907/3583 1416/1909/3584
f 1412/1910/3585 1416/1909/3586 1411/1911/3587
f 1412/1910/3588 1414/1908/3589 1416/1909/3590
f 1418/1912/400 1417/1913/400 1419/1914/400
f 1420/1915/3591 1417/1916/3591 1418/1917/3591
f 1417/1916/3592 1420/1915/3592 1421/1918/3592
f 1422/1919/3593 1418/1917/3593 1419/1920/3593
f 1418/1917/3594 1422/1919/3594 1420/1915/3594
f 1423/1921/3595 1424/1922/3595 1425/1923/3595
f 1424/1922/3596 1423/1921/3596 1426/1924/3596
f 1427/1925/3597 1428/1926/3597 1425/1927/3597
f 1428/1926/3598 1427/1925/3598 1426/1928/3598
f 1423/1929/3599 1425/1930/3599 1428/1926/3599
f 1424/1931/3600 1426/1928/3600 1427/1932/3600
f 1429/1933/400 1430/1934/400 1431/1935/400
f 1432/1936/3591 1431/1937/3591 1430/1938/3591
f 1431/1937/3592 1432/1936/3592 1433/1939/3592
f 1434/1940/3593 1430/1938/3593 1429/1933/3593
f 1430/1938/3594 1434/1940/3594 1432/1936/3594
f 1435/1941/3595 1436/1942/3595 1437/1943/3595
f 1436/1942/3596 1435/1941/3596 1438/1944/3596
f 1439/1945/3597 1440/1946/3597 1437/1947/3597
f 1440/1946/3598 1439/1945/3598 1438/1948/3598
f 1435/1949/3599 1437/1950/3599 1440/1946/3599
f 1436/1951/3600 1438/1948/3600 1439/1952/3600
f 1441/1953/400 1442/1954/400 1443/1955/400
f 1444/1956/3601 1443/1957/3601 1442/1958/3601
f 1443/1957/3592 1444/1956/3592 1445/1959/3592
f 1446/1960/3593 1442/1958/3593 1441/1953/3593
f 1442/1958/3594 1446/1960/3594 1444/1956/3594
f 1447/1961/3595 1448/1962/3595 1449/1963/3595
f 1448/1962/3596 1447/1961/3596 1450/1964/3596
f 1451/1965/3597 1452/1966/3597 1449/1967/3597
f 1452/1966/3598 1451/1965/3598 1450/1968/3598
f 1447/1969/3599 1449/1970/3599 1452/1966/3599
f 1448/1971/3600 1450/1968/3600 1451/1972/3600
f 1453/1973/455 1454/1974/455 1455/1975/455
f 1455/1976/3602 1454/1977/3602 1456/1978/3602
f 1455/1976/3603 1456/1978/3603 1457/1979/3603
f 1458/1980/3604 1459/1981/3604 1460/1982/3604
f 1459/1981/3605 1458/1980/3605 1461/1983/3605
f 1462/1984/3606 1463/1985/3606 1460/1986/3606
f 1463/1985/3607 1462/1984/3607 1461/1987/3607
f 1460/1988/3608 1463/1985/3608 1458/1989/3608
f 1464/1990/455 1465/1991/455 1466/1992/455
f 1466/1993/3602 1465/1994/3602 1467/1995/3602
f 1466/1993/3603 1467/1995/3603 1468/1996/3603
f 1469/1997/3604 1470/1998/3604 1471/1999/3604
f 1470/1998/3609 1469/1997/3609 1472/2000/3609
f 1473/2001/3606 1474/2002/3606 1471/2003/3606
f 1474/2002/3610 1473/2001/3610 1472/2004/3610
f 1471/2005/3608 1474/2002/3608 1469/2006/3608
f 1475/2007/455 1476/2008/455 1477/2009/455
f 1477/2010/3602 1476/2011/3602 1478/2012/3602
f 1477/2010/3603 1478/2012/3603 1479/2013/3603
f 1480/2014/3604 1481/2015/3604 1482/2016/3604
f 1481/2015/3605 1480/2014/3605 1483/2017/3605
f 1484/2018/3606 1485/2019/3606 1482/2020/3606
f 1485/2019/3607 1484/2018/3607 1483/2021/3607
f 1482/2022/3608 1485/2019/3608 1480/2023/3608
f 1486/2024/455 1487/2025/455 1488/2026/455
f 1488/2027/3602 1487/2028/3602 1489/2029/3602
f 1488/2027/3603 1489/2029/3603 1490/2030/3603
f 1491/2031/3604 1492/2032/3604 1493/2033/3604
f 1492/2032/3605 1491/2031/3605 1494/2034/3605
f 1495/2035/3606 1496/2036/3606 1493/2037/3606
f 1496/2036/3610 1495/2035/3610 1494/2038/3610
f 1493/2039/3608 1496/2036/3608 1491/2040/3608
f 1497/2041/455 1498/2042/455 1499/2043/455
f 1499/2044/3602 1498/2045/3602 1500/2046/3602
f 1499/2044/3603 1500/2046/3603 1501/2047/3603
f 1502/2048/3604 1503/2049/3604 1504/2050/3604
f 1503/2049/3609 1502/2048/3609 1505/2051/3609
f 1506/2052/3606 1507/2053/3606 1504/2054/3606
f 1507/2053/3607 1506/2052/3607 1505/2055/3607
f 1504/2056/3608 1507/2053/3608 1502/2057/3608
f 1509/2058/455 1508/2059/455 1510/2060/455
f 1508/2061/3602 1509/2062/3602 1511/2063/3602
f 1508/2061/3603 1511/2063/3603 1512/2064/3603
f 1513/2065/3604 1514/2066/3604 1515/2067/3604
f 1514/2066/3605 1513/2065/3605 1516/2068/3605
f 1517/2069/3606 1518/2070/3606 1515/2071/3606
f 1518/2070/3607 1517/2069/3607 1516/2072/3607
f 1515/2073/3608 1518/2070/3608 1513/2074/3608
f 1514/2075/3611 1516/2072/3611 1517/2076/3611
f 1519/2077/3612 1520/2078/3612 1521/2079/3612
f 1520/2078/3613 1519/2077/3613 1522/2080/3613
f 1523/2081/3614 1524/2082/3614 1525/2083/3614
f 1524/2082/3615 1523/2081/3615 1526/2084/3615
f 1527/2085/3616 1525/2086/3616 1528/2087/3616
f 1528/2087/3617 1526/2088/3617 1527/2085/3617
f 1526/2089/3618 1523/2090/3618 1527/2085/3618
f 1525/2086/439 1527/2085/439 1523/2090/439
f 1529/2091/3612 1530/2092/3612 1531/2093/3612
f 1530/2092/3613 1529/2091/3613 1532/2094/3613
f 1533/2095/3614 1534/2096/3614 1535/2097/3614
f 1534/2096/3615 1533/2095/3615 1536/2098/3615
f 1537/2099/3619 1535/2100/3619 1538/2101/3619
f 1538/2101/3617 1536/2102/3617 1537/2099/3617
f 1536/2103/3618 1533/2104/3618 1537/2099/3618
f 1535/2100/439 1537/2099/439 1533/2104/439
f 1539/2105/3612 1540/2106/3612 1541/2107/3612
f 1540/2106/3613 1539/2105/3613 1542/2108/3613
f 1543/2109/3620 1544/2110/3620 1545/2111/3620
f 1544/2110/3615 1543/2109/3615 1546/2112/3615
f 1547/2113/3616 1545/2114/3616 1548/2115/3616
f 1548/2115/3617 1546/2116/3617 1547/2113/3617
f 1546/2117/3618 1543/2118/3618 1547/2113/3618
f 1549/2119/3612 1550/2120/3612 1551/2121/3612
f 1550/2120/3613 1549/2119/3613 1552/2122/3613
f 1553/2123/3620 1554/2124/3620 1555/2125/3620
f 1554/2124/3615 1553/2123/3615 1556/2126/3615
f 1557/2127/3619 1555/2128/3619 1558/2129/3619
f 1558/2129/3617 1556/2130/3617 1557/2127/3617
f 1556/2131/3618 1553/2132/3618 1557/2127/3618
f 1559/2133/3612 1561/2134/3612 1562/2135/3612
f 1561/2134/3613 1559/2133/3613 1560/2136/3613
f 1563/2137/3614 1564/2138/3614 1565/2139/3614
f 1564/2138/3615 1563/2137/3615 1566/2140/3615
f 1567/2141/3616 1565/2142/3616 1568/2143/3616
f 1568/2143/3617 1566/2144/3617 1567/2141/3617
f 1566/2145/3618 1563/2146/3618 1567/2141/3618
f 1569/2147/3612 1571/2148/3612 1572/2149/3612
f 1571/2148/3613 1569/2147/3613 1570/2150/3613
f 1573/2151/3620 1574/2152/3620 1575/2153/3620
f 1574/2152/3615 1573/2151/3615 1576/2154/3615
f 1577/2155/3616 1575/2156/3616 1578/2157/3616
f 1578/2157/3617 1576/2158/3617 1577/2155/3617
f 1576/2159/3618 1573/2160/3618 1577/2155/3618
f 1580/2161/3621 1579/2162/3622 1581/2163/3623
f 1580/2161/3624 1581/2163/3625 1582/2164/3626
f 1583/2165/3627 1580/2161/3628 1584/2166/3629
f 1580/2161/3630 1583/2165/3631 1579/2162/3632
f 1587/2167/3633 1586/2168/3634 1585/2169/3635
f 1586/2168/3636 1587/2167/3637 1588/2170/3638
f 1585/2171/3639 1589/2172/3640 1587/2173/3641
f 1590/2174/3642 1589/2172/3642 1585/2171/3643
f 1590/2174/3644 1585/2171/3645 1591/2175/3644
f 1588/2176/3646 1590/2177/3647 1586/2178/3648
f 1586/2178/3649 1590/2177/3650 1591/2179/3650
f 395/540/400 391/536/400 390/535/400
f 1592/2180/3651 1593/2181/3651 1594/2182/3651
f 1592/2180/3652 1594/2182/3652 1595/2183/3652
f 1596/2184/346 1595/2185/346 1594/2186/346
f 391/536/400 395/540/400 394/539/400
f 1601/2187/560 1603/2188/560 1602/2189/560
f 1604/2190/447 1605/2191/447 1602/2192/447
f 1604/2190/447 1602/2192/447 1606/2193/447
f 1607/2194/400 1606/2195/400 1602/2196/400
f 1607/2194/400 1602/2196/400 1603/2197/400
f 1605/2198/439 1608/2199/439 1609/2200/439
f 1608/2199/439 1605/2198/439 1604/2201/439
f 1608/2202/455 1611/2203/455 1610/2204/455
f 1608/2202/455 1610/2204/455 1609/2205/455
f 399/544/439 401/546/439 400/545/439
f 1612/2206/447 1602/2207/447 1605/2208/447
f 1602/2207/447 1612/2206/447 1601/2209/447
f 401/546/439 399/544/439 398/543/439
f 1601/2187/560 1600/2210/560 1603/2188/560
f 1600/2211/447 1607/2212/447 1603/2213/447
f 1607/2212/447 1600/2211/447 1613/2214/447
f 1608/2215/560 1613/2216/560 1611/2217/560
f 1613/2216/560 1608/2215/560 1607/2218/560
f 1612/2219/400 1611/2220/400 1614/2221/400
f 1611/2220/400 1612/2219/400 1610/2222/400
f 1615/2223/3653 1616/2224/3654 1617/2225/346
f 1615/2223/3653 1618/2226/3655 1616/2224/3654
f 1618/2226/3655 1615/2223/3653 1619/2227/3656
f 1619/2227/3656 1620/2228/439 1618/2226/3655
f 1620/2228/439 1619/2227/3656 1621/2229/3657
f 1622/2230/3658 1621/2229/3657 1619/2227/3656
f 1621/2229/3657 1622/2230/3658 1623/2231/3659
f 1619/2227/3656 1615/2223/3653 1622/2230/3658
f 1624/2232/455 801/2233/3660 804/2234/455
f 807/2235/1453 801/2233/3661 1624/2232/455
f 1625/2236/3662 1626/2237/3663 1627/2238/3663
f 662/2239/3664 1628/2240/3665 1629/2241/3666
f 1628/2240/3667 1630/2242/3668 1629/2241/3669
f 1628/2240/3670 1626/2243/3670 1630/2242/3670
f 1631/2244/3671 1632/2245/3671 1633/2246/3671
f 1632/2245/346 1631/2244/346 1634/2247/346
f 1635/2248/346 1634/2247/346 1631/2244/346
f 1636/2249/346 1634/2247/346 1635/2248/346
f 1637/2250/3672 1638/2251/3672 1636/2252/3672
f 1637/2250/3673 1636/2252/3673 1635/2253/3673
f 1639/2254/447 1640/2255/447 1641/2256/447
f 1640/2255/447 1639/2254/447 1642/2257/447
f 1643/2258/447 1644/2259/447 1645/2260/447
f 1644/2259/447 1643/2258/447 1646/2261/447
f 1645/2262/346 1647/2263/346 1643/2264/346
f 1647/2263/346 1645/2262/346 1648/2265/346
f 1648/2266/3674 1649/2267/3674 1647/2268/3674
f 1649/2267/3674 1648/2266/3674 1650/2269/3674
f 1651/2270/3675 1652/2271/3676 1653/2272/3677
f 1652/2271/3678 1651/2270/3679 1654/2273/3680
f 1655/2274/3681 1656/2275/3682 1657/2276/3683
f 1656/2275/3684 1655/2274/3685 1654/2277/3686
f 1657/2278/3687 1652/2271/3688 1658/2279/3689
f 1652/2271/3690 1657/2278/3691 1656/2280/3692
f 1659/2281/3693 1657/2282/3694 1658/2283/3695
f 1660/2284/3696 1661/2285/3697 1662/2286/3697
f 1661/2285/3698 1660/2284/3699 1657/2276/3700
f 1663/2287/3701 1659/2288/3702 1664/2289/3702
f 1659/2288/3703 1663/2287/3704 1665/2290/3705
f 1666/2291/3706 1659/2288/3707 1665/2290/3708
f 1667/2292/3709 1668/2293/3710 1674/2294/3711
f 1668/2293/3712 1667/2292/3713 1669/2295/3714
f 1671/2296/3715 1672/2297/3716 1670/2298/3717
f 1670/2298/3718 1672/2297/3719 1673/2299/3720
f 1674/2294/3721 1673/2299/3722 1672/2297/3723
f 1673/2299/3724 1674/2294/3725 1668/2293/3726
f 1675/2300/3727 1669/2301/3728 1667/2302/3729
f 1675/2300/3730 1671/2296/3731 1669/2301/3732
f 1669/2301/3733 1671/2296/3734 1670/2298/3735
f 1676/2303/400 1677/2304/400 1678/2305/400
f 1677/2304/400 1676/2303/400 1679/2306/400
f 1680/2307/447 1681/2308/447 1682/2309/447
f 1677/2310/447 1680/2307/447 1682/2309/447
f 1682/2309/447 1678/2311/447 1677/2310/447
f 1684/2312/3736 1683/2313/3737 1685/2314/3738
f 1686/2315/3739 1685/2314/3740 1683/2313/3741
f 1686/2315/3742 1687/2316/3743 1685/2314/3744
f 1688/2317/3745 1687/2316/3746 1686/2315/3747
f 1688/2317/3748 1689/2318/3749 1687/2316/3750
f 1690/2319/3751 1689/2318/3752 1688/2317/3753
f 1691/2320/3754 1693/2321/3755 1692/2322/3756
f 1694/2323/3757 1695/2324/3758 1696/2325/3759
f 1695/2324/3760 1694/2323/3761 1692/2326/3762
f 1695/2327/3763 1692/2322/3764 1693/2321/3765
f 1695/2327/3766 1693/2321/3767 1697/2328/3768
f 1696/2329/3769 1701/2330/3770 1697/2331/3771
f 1699/2332/3772 1696/2325/3773 1698/2333/3774
f 1699/2332/3775 1698/2333/3776 1700/2334/3775
f 407/552/400 403/548/400 402/547/400
f 1701/2335/3777 1702/2336/3778 1703/2337/3779
f 1704/2338/3780 1701/2335/3781 1703/2337/3782
f 1701/2335/3783 1704/2338/3784 1705/2339/3783
f 403/548/400 407/552/400 406/551/400
f 1706/2340/3785 1707/2341/3785 1708/2342/3785
f 1707/2341/3785 1706/2340/3785 1709/2343/3785
f 1710/2344/3786 1711/2345/3787 1712/2346/3788
f 1710/2344/3789 1712/2346/3790 1713/2347/3791
f 431/2348/3792 1714/2349/3793 414/2350/3794
f 431/2348/3795 1715/2351/3796 1714/2349/3797
f 431/2348/3798 447/2352/3799 1715/2351/3800
f 431/2348/3801 439/599/3802 447/2352/3802
f 418/606/3803 1716/2353/3804 420/2354/3805
f 1716/2353/3806 418/606/3807 448/603/3808
f 449/605/3809 1716/2353/3810 448/603/3811
f 440/618/3812 436/614/3813 408/2355/3814
f 1717/2356/3815 1718/2357/3815 1713/2358/3816
f 1713/2358/3817 1719/2359/3818 1717/2356/3818
f 1719/2359/3640 1713/2358/3819 1712/2360/3820
f 1710/2361/3821 1718/2362/3822 1717/2363/3822
f 1711/2364/3823 1710/2361/3824 1717/2363/3825
f 420/2354/750 1720/2365/3826 429/2366/751
f 1720/2365/3827 420/2354/3828 1716/2353/3829
f 1721/2367/3830 1720/2365/3831 1716/2353/3832
f 1721/2368/3833 1716/2353/3834 449/605/3835
f 1722/2369/400 459/626/400 1723/2370/400
f 1717/2371/3836 1719/2372/3836 1711/2373/3836
f 1725/2374/3837 1724/2375/3838 1726/2376/3839
f 1726/2376/3840 1727/2377/3841 1725/2374/3842
f 1728/2378/3843 1724/2375/3844 1729/2379/3845
f 1725/2380/3846 1729/2379/3847 1724/2375/3848
f 1729/2379/3849 1725/2380/3850 1730/2381/3851
f 1731/2382/3852 1733/2383/3853 1732/2384/3854
f 1735/2385/3855 1731/2382/3856 1734/2386/3857
f 1735/2385/3858 1733/2383/3859 1731/2382/3860
f 1737/2387/3861 1736/2388/3862 1739/2389/3863
f 1736/2388/3864 1731/2382/3865 1732/2384/3866
f 1737/2387/3867 1731/2382/3868 1736/2388/3869
f 1731/2382/3870 1737/2387/3871 1734/2386/3872
f 457/624/400 459/626/400 1722/2369/400
f 1732/2384/3873 1738/2390/3874 1739/2389/3875
f 1732/2384/3876 1739/2389/3877 1736/2388/3878
f 1735/2391/3879 1740/2392/3880 1741/2393/3881
f 1740/2392/3882 1735/2391/3883 1742/2394/3884
f 1734/2395/3885 1742/2394/3886 1735/2391/3887
f 1743/2396/3888 1738/2397/3889 1741/2393/3890
f 1743/2396/3891 1741/2393/3892 1740/2392/3893
f 1739/2398/3894 1744/2399/3895 1737/2400/3896
f 1744/2399/3897 1739/2398/3898 1743/2396/3899
f 1743/2396/3900 1739/2398/3901 1738/2397/3902
f 1745/2401/3903 1742/2402/3904 1734/2403/3905
f 1737/2400/3906 1745/2401/3907 1734/2403/3908
f 1737/2400/3909 1744/2399/3910 1745/2401/3911
f 1746/2404/3912 1747/2405/3913 433/2406/3914
f 433/2406/3915 434/2407/3916 1746/2404/3917
f 443/2408/3918 444/2409/3919 1748/2410/3920
f 444/2409/3921 409/2411/3922 1748/2410/3923
f 410/2412/3924 1748/2410/3925 409/2411/3926
f 1748/2410/3927 410/2412/3928 1746/2404/3929
f 412/2413/3930 1746/2404/3912 410/2412/3931
f 413/2414/3932 1746/2404/3912 412/2413/3930
f 1747/2415/3913 1746/2404/3912 413/2414/3932
f 413/2414/3932 414/2416/3933 1747/2415/3913
f 1747/2415/3913 414/2416/3933 1714/2417/3934
f 1749/2418/3935 1748/2410/3936 456/2419/3937
f 456/2419/3938 1748/2410/3939 455/2420/3940
f 1747/2415/3913 1714/2417/3934 1715/2421/3941
f 1749/2422/3942 1747/2415/3943 1715/2421/3944
f 1749/2422/3945 1715/2421/3946 447/2423/3947
f 446/2424/3948 1749/2422/3949 447/2423/3950
f 1749/2422/3951 446/2424/3952 445/2425/3953
f 1749/2422/3954 445/2425/3955 441/2426/3956
f 442/2427/3957 1749/2422/3958 441/2426/3959
f 1748/2410/3960 1749/2422/3961 442/2427/3962
f 442/2427/3963 443/2408/3964 1748/2410/3965
f 1750/2428/3966 435/2429/3967 437/2430/3968
f 435/2429/3967 1750/2428/3966 1751/2431/3969
f 1752/2432/3970 435/2429/3967 1751/2431/3969
f 1751/2431/3971 1753/2433/3972 1752/2432/3973
f 1746/2404/3974 1753/2433/3975 1748/2410/3976
f 1748/2410/3977 1753/2433/3978 1754/2434/3979
f 434/2435/3980 1753/2433/3981 1746/2436/3982
f 434/2435/3983 1752/2432/3984 1753/2433/3985
f 438/2437/346 1750/2438/3966 437/2439/3968
f 1750/2438/3986 438/2437/3987 1755/2440/3988
f 1753/2433/3989 1756/2441/3990 1754/2434/3991
f 455/2442/3992 1748/2443/3993 1754/2434/3994
f 1753/2433/3995 1751/2431/3996 1756/2441/3997
f 1750/2438/3998 1756/2441/3999 1751/2431/3969
f 1756/2441/4000 1750/2438/4001 1755/2440/4002
f 454/2444/4003 1755/2445/4004 453/2446/4005
f 1755/2445/4006 454/2444/4007 1756/2441/4008
f 1757/2447/4009 1756/2441/4010 454/2444/4011
f 1754/2434/4012 1756/2441/4013 1757/2447/4014
f 455/2442/4015 1754/2434/4016 1757/2447/4017
f 1758/2448/439 1759/2449/439 1760/2450/439
f 1759/2449/439 1758/2448/439 1761/2451/439
f 1762/2452/400 1763/2453/400 1764/2454/400
f 1764/2454/400 1765/2455/400 1762/2452/400
f 1764/2456/447 1761/2457/447 1758/2458/447
f 1764/2456/447 1758/2458/447 1765/2459/447
f 1760/2460/346 1762/2461/346 1765/2459/346
f 1760/2460/346 1765/2459/346 1758/2458/346
f 1759/2449/455 1763/2453/455 1762/2461/455
f 1759/2449/455 1762/2461/455 1760/2460/455
f 1761/2451/560 1764/2454/560 1763/2453/560
f 1761/2451/560 1763/2453/560 1759/2449/560
f 1766/2462/447 1767/2463/447 1768/2464/447
f 1767/2463/447 1766/2462/447 1769/2465/447
f 1769/2466/346 1770/2467/346 1771/2468/346
f 1770/2467/346 1769/2466/346 1766/2469/346
f 1771/2470/3674 1772/2471/3674 1773/2472/3674
f 1772/2471/3674 1771/2470/3674 1770/2473/3674
f 1772/2471/560 1767/2463/560 1773/2472/560
f 1767/2463/560 1772/2471/560 1768/2464/560
f 1774/2474/447 1775/2475/447 1776/2476/447
f 1775/2475/447 1774/2474/447 1777/2477/447
f 1778/2478/455 1779/2479/455 1780/2480/455
f 1779/2479/455 1778/2478/455 1781/2481/455
f 1776/2482/4018 1779/2483/4018 1774/2484/4018
f 1779/2483/4018 1776/2482/4018 1780/2485/4018
f 1775/2486/346 1780/2485/346 1776/2482/346
f 1780/2485/346 1775/2486/346 1778/2487/346
f 1777/2488/4019 1778/2487/4019 1775/2486/4019
f 1778/2487/4019 1777/2488/4019 1781/2489/4019
f 1782/2490/447 1783/2491/447 1784/2492/447
f 1783/2491/447 1782/2490/447 1785/2493/447
f 1786/2494/455 1787/2495/455 1788/2496/455
f 1787/2495/455 1786/2494/455 1789/2497/455
f 1784/2498/4018 1787/2499/4018 1782/2500/4018
f 1787/2499/4018 1784/2498/4018 1788/2501/4018
f 1783/2502/346 1788/2501/346 1784/2498/346
f 1788/2501/346 1783/2502/346 1786/2503/346
f 1785/2504/4019 1786/2503/4019 1783/2502/4019
f 1786/2503/4019 1785/2504/4019 1789/2505/4019
f 1790/2506/439 1791/2507/439 1792/2508/439
f 1791/2507/439 1790/2506/439 1793/2509/439
f 1794/2510/400 1795/2511/400 1796/2512/400
f 1796/2512/400 1797/2513/400 1794/2510/400
f 1796/2514/447 1793/2515/447 1790/2516/447
f 1796/2514/447 1790/2516/447 1797/2517/447
f 1792/2518/346 1794/2519/346 1797/2517/346
f 1792/2518/346 1797/2517/346 1790/2516/346
f 1791/2507/455 1795/2511/455 1794/2519/455
f 1791/2507/455 1794/2519/455 1792/2518/455
f 1793/2509/560 1796/2512/560 1795/2511/560
f 1793/2509/560 1795/2511/560 1791/2507/560
f 1798/2520/455 1799/2521/455 1800/2522/455
f 1798/2520/455 1800/2522/455 1801/2523/455
f 1802/2524/447 1803/2525/447 1804/2526/447
f 1803/2525/447 1802/2524/447 1805/2527/447
f 1800/2528/400 1802/2529/400 1804/2530/400
f 1802/2529/400 1800/2528/400 1799/2531/400
f 1802/2524/4020 1806/2532/4020 1805/2527/4020
f 1806/2532/4020 1802/2524/4020 1807/2533/4020
f 1808/2534/447 1809/2535/447 1810/2536/447
f 1809/2535/447 1808/2534/447 1811/2537/447
f 1812/2538/455 1813/2539/455 1814/2540/455
f 1813/2539/455 1812/2538/455 1815/2541/455
f 1809/2535/4021 1814/2542/4021 1810/2536/4021
f 1814/2542/4021 1809/2535/4021 1812/2543/4021
f 1809/2544/439 1815/2545/439 1812/2546/439
f 1815/2545/439 1809/2544/439 1811/2547/439
f 1816/2548/439 1817/2549/439 1818/2550/439
f 1816/2548/439 1818/2550/439 1819/2551/439
f 1820/2552/4022 1821/2553/346 1822/2554/346
f 1820/2552/4022 1822/2554/346 1823/2555/4022
f 1819/2551/4023 1820/2552/4022 1823/2555/4022
f 1818/2550/4023 1820/2552/4022 1819/2551/4023
f 1817/2556/455 1824/2557/455 1821/2558/455
f 1817/2556/455 1821/2558/455 1820/2559/455
f 1820/2559/455 1818/2560/455 1817/2556/455
f 1825/2561/4024 1827/2562/4025 1826/2563/4026
f 1825/2561/4027 1828/2564/4028 1827/2562/4029
f 1829/2565/4030 1830/2566/4031 1831/2567/4031
f 1830/2566/4032 1829/2565/4033 1832/2568/4034
f 1825/2561/4035 1832/2568/4036 1829/2565/4037
f 1832/2568/4038 1825/2561/4039 1826/2563/4040
f 1833/2569/4041 1834/2570/4042 1835/2571/4042
f 1834/2570/4043 1833/2569/4044 1831/2567/4044
f 1722/2369/700 1723/2370/700 460/627/700
f 460/627/4045 1723/2370/4045 458/625/4045
f 1838/2572/400 463/630/400 1839/2573/400
f 1841/2574/4046 1840/2575/4047 1837/2576/4048
f 1841/2574/4049 1842/2577/4050 1840/2575/4051
f 1843/2578/4052 1842/2577/4053 1841/2574/4054
f 1842/2577/4055 1843/2578/4056 1844/2579/4057
f 1836/2580/4058 1844/2579/4059 1843/2578/4060
f 461/628/400 463/630/400 1838/2572/400
f 1845/2581/4061 1846/2582/4061 1847/2583/4061
f 1846/2582/4062 1845/2581/4062 1848/2584/4062
f 1848/2585/447 1845/2586/447 1849/2587/447
f 1849/2587/447 1845/2586/447 1850/2588/447
f 1847/2583/4063 1850/2589/4063 1845/2581/4063
f 1850/2589/4064 1847/2583/4064 1851/2590/4064
f 1848/2585/4065 1849/2587/4065 1852/2591/4065
f 1848/2585/4066 1852/2591/4066 1846/2592/4066
f 1853/2593/4067 1854/2594/4068 1855/2595/4069
f 1856/2596/560 1855/2595/4070 1854/2594/4071
f 1854/2594/560 1857/2597/4072 1856/2596/4073
f 1858/2598/4074 1856/2596/4075 1857/2597/4076
f 1856/2596/560 1858/2598/4077 1859/2599/4078
f 1860/2600/4074 1859/2599/4079 1858/2598/4080
f 1859/2599/560 1860/2600/4072 1861/2601/4073
f 1862/2602/4074 1861/2601/4075 1860/2600/4081
f 1861/2601/560 1862/2602/4077 1863/2603/4078
f 1864/2604/4074 1863/2603/4079 1862/2602/4080
f 1863/2603/560 1864/2604/4072 1865/2605/4073
f 1866/2606/4074 1865/2605/4075 1864/2604/4081
f 796/2607/4082 1866/2606/4080 793/2608/4083
f 1866/2606/4077 796/2607/4084 1865/2605/560
f 787/2609/4085 1865/2605/4086 796/2607/4087
f 1867/2610/4088 799/2611/4089 793/2608/4090
f 793/2608/4091 1866/2606/4092 1867/2610/4093
f 1866/2606/4094 1864/2604/4095 1867/2610/4096
f 1868/2612/4097 1867/2610/4098 1864/2604/4099
f 1864/2604/4100 1862/2602/4092 1868/2612/4093
f 1862/2602/4094 1860/2600/4095 1868/2612/4096
f 1869/2613/4097 1868/2612/4098 1860/2600/4099
f 1860/2600/4100 1858/2598/4092 1869/2613/4093
f 1870/2614/4067 1871/2615/4101 1853/2593/4102
f 1854/2594/560 1853/2593/4103 1871/2615/4086
f 1871/2615/560 1872/2616/4077 1854/2594/4078
f 1857/2597/4074 1854/2594/4079 1872/2616/4080
f 1858/2598/4094 1857/2597/4095 1869/2613/4096
f 1873/2617/4104 1869/2613/4105 1857/2597/4106
f 1857/2597/4107 1872/2616/4108 1873/2617/4109
f 1872/2616/4074 1871/2615/4075 1874/2618/4110
f 1875/2619/4111 1874/2618/4110 1871/2615/4073
f 1871/2615/560 1870/2614/4070 1875/2619/4112
f 1876/2620/4113 1875/2619/4114 1870/2614/4069
f 1877/2621/4115 1873/2617/4109 1872/2616/4108
f 1872/2616/4108 1874/2618/4116 1877/2621/4115
f 1870/2614/4117 1878/2622/4118 1876/2620/4119
f 1879/2623/4120 1878/2622/4121 1870/2614/4122
f 1853/2593/4123 1879/2623/4124 1870/2614/4125
f 1855/2595/4126 1879/2623/4127 1853/2593/4128
f 1880/2624/4129 1879/2623/4130 1855/2595/4131
f 1881/2625/4123 1880/2624/4124 1855/2595/4125
f 1865/2605/4101 787/2609/4085 1882/2626/4067
f 1855/2595/4067 1856/2596/4101 1881/2625/4102
f 1859/2599/560 1881/2625/4103 1856/2596/4086
f 1881/2625/4067 1859/2599/4068 1884/2627/4069
f 1861/2601/560 1884/2627/4070 1859/2599/4071
f 1884/2627/4067 1861/2601/4101 1883/2628/4102
f 1863/2603/560 1883/2628/4103 1861/2601/4086
f 1883/2628/4067 1863/2603/4068 1882/2626/4069
f 1865/2605/560 1882/2626/4070 1863/2603/4071
f 1885/2629/400 788/2630/4132 789/2631/400
f 1885/2629/400 1886/2632/4133 788/2630/4134
f 1886/2632/4135 1885/2629/400 1887/2633/400
f 1888/2634/400 1886/2632/4136 1887/2633/400
f 1888/2634/400 1880/2635/4137 1886/2632/4138
f 1880/2635/4135 1888/2634/400 1889/2636/400
f 1890/2637/400 1880/2635/4136 1889/2636/400
f 1890/2637/400 1879/2638/4137 1880/2635/4138
f 1879/2638/4135 1890/2637/400 1891/2639/400
f 1892/2640/400 1879/2638/4136 1891/2639/400
f 1893/2641/400 1879/2638/4139 1892/2640/400
f 1879/2638/4140 1893/2641/400 1878/2642/4141
f 1884/2627/4126 1880/2624/4127 1881/2625/4128
f 1886/2643/4129 1880/2624/4130 1884/2627/4131
f 1883/2628/4123 1886/2643/4124 1884/2627/4125
f 1882/2626/4126 1886/2643/4127 1883/2628/4128
f 788/2644/4142 1886/2643/4143 1882/2626/4144
f 787/2609/4145 788/2644/4146 1882/2626/4147
f 1838/2572/700 1839/2573/700 464/631/700
f 464/631/4045 1839/2573/4045 462/629/4045
f 1894/2645/455 1878/2646/455 1893/2647/455
f 1878/2646/455 1894/2645/455 1876/2648/455
f 1895/2649/455 1876/2648/455 1894/2645/455
f 1895/2649/455 1875/2650/455 1876/2648/455
f 1875/2650/455 1895/2649/455 1896/2651/455
f 1897/2652/455 1875/2650/455 1896/2651/455
f 1875/2650/455 1897/2652/455 1874/2653/455
f 1874/2653/455 1897/2652/455 1898/2654/455
f 1874/2653/455 1898/2654/455 1877/2655/455
f 1877/2655/455 1898/2654/455 1899/2656/455
f 1900/2657/4148 1901/2658/4148 1902/2659/4148
f 1900/2657/4149 1903/2660/4150 1904/2661/4151
f 1900/2657/4152 1904/2661/4153 1901/2658/4154
f 1905/2662/4155 1906/2663/4156 1907/2664/4157
f 1905/2662/4155 1907/2664/4157 1908/2665/4158
f 1903/2660/4159 1900/2657/4160 1909/2666/4159
f 1910/2667/4161 1911/2668/4161 1906/2669/4161
f 1910/2667/4161 1906/2669/4161 1912/2670/4161
f 1913/2671/4162 1900/2657/4162 1902/2659/4162
f 1/2672/4163 1914/2673/4163 1915/2674/4163
f 2/2675/4164 1914/2673/4165 1/2672/4166
f 1914/2673/4167 2/2675/4168 1916/2676/4169
f 1916/2676/4170 1903/2660/4170 1909/2666/4170
f 1916/2676/4171 1909/2666/4171 1917/2677/4171
f 468/635/439 1918/2678/439 466/633/439
f 1919/2679/4172 1922/2680/4173 1921/2681/4174
f 1922/2680/4173 1919/2679/4172 1920/2682/4175
f 1921/2683/447 1905/2684/447 1908/2685/447
f 1905/2684/4176 1921/2683/4176 1922/2686/4176
f 1923/2687/439 1918/2678/439 468/635/439
f 1922/2688/4177 1924/2689/4178 1917/2690/4179
f 1924/2689/4180 1922/2688/4177 1920/2691/4177
f 1917/2690/4181 1924/2689/4182 1914/2692/4183
f 1924/2689/4184 1925/2693/4185 1914/2692/4185
f 1905/2694/4177 1912/2695/4180 1906/2696/4177
f 1905/2694/4177 1909/2697/4186 1912/2695/4187
f 1922/2688/4177 1909/2697/4188 1905/2694/4177
f 1922/2688/4177 1917/2690/4189 1909/2697/4177
f 1900/2698/4183 1912/2695/4190 1909/2697/4191
f 1912/2695/4192 1900/2698/4193 1913/2699/4193
f 1925/2700/4194 1915/2674/4194 1914/2673/4194
f 465/632/4195 467/634/4195 1923/2687/4195
f 1923/2687/705 467/634/705 1918/2678/705
f 1926/2701/346 478/2702/346 477/2703/346
f 477/2703/4196 478/2702/4196 475/653/4196
f 471/2704/4197 473/2705/4197 474/2706/4197
f 474/2706/560 473/2705/560 1927/2707/560
f 515/2708/4198 517/2709/4199 510/2710/4200
f 510/2711/4201 513/2712/4201 508/2713/4201
f 541/2714/4202 538/2715/4203 1928/2716/4204
f 1929/2717/4205 1928/2716/4206 538/2715/4207
f 1930/2718/4208 1929/2717/4209 537/2719/4210
f 538/2715/4211 537/2719/4212 1929/2717/4213
f 1932/2720/4214 1931/2721/4214 1903/2722/4214
f 1916/2723/4214 1932/2720/4214 1903/2722/4214
f 1933/2724/560 1932/2720/560 1934/2725/560
f 1916/2723/4215 1934/2725/4215 1932/2720/4215
f 1910/2726/4216 1903/2722/4216 1931/2721/4216
f 1931/2721/560 1911/2727/560 1910/2726/560
f 1936/2728/4217 1932/2729/4217 1935/2730/4217
f 1936/2728/4217 1931/2731/4217 1932/2729/4217
f 1928/2716/4218 1929/2717/4219 1937/2732/4220
f 1938/2733/4221 544/742/4222 543/741/4223
f 1938/2733/4224 1930/2718/4225 544/742/4226
f 1929/2717/4227 1930/2718/4228 1938/2733/4229
f 1937/2732/4230 1929/2717/4231 1938/2733/4232
f 1937/2732/4233 1938/2733/4234 542/740/4235
f 542/740/4236 1938/2733/4237 543/741/4238
f 1939/2734/455 550/2735/455 552/2736/455
f 550/2735/455 551/2737/455 552/2736/455
f 1939/2734/439 552/755/439 547/747/439
f 547/747/439 552/755/439 548/754/439
f 561/765/557 554/768/557 560/2738/557
f 556/2739/557 560/2738/557 554/768/557
f 555/767/558 562/766/558 553/2740/558
f 563/2741/558 553/2740/558 562/766/558
f 561/2742/439 563/2743/439 562/2744/439
f 560/2745/439 563/2743/439 561/2742/439
f 563/2743/439 560/2745/439 564/2746/439
f 564/2746/439 560/2745/439 559/2747/439
f 1921/2748/346 1908/2749/346 1936/2750/346
f 1936/2750/346 1908/2749/346 1940/2751/346
f 1908/2749/346 1907/2752/346 1940/2751/346
f 1941/2753/4239 1933/2754/4240 1920/2755/4241
f 1920/2755/4242 1919/2756/4242 1941/2753/4243
f 1943/2757/4244 1942/2758/4245 1944/2759/4246
f 1945/2760/4247 1944/2759/4248 1942/2758/4249
f 1942/2758/4250 1946/2761/4251 1945/2760/4252
f 1946/2761/4253 1942/2758/4254 1947/2762/4255
f 1948/2763/4256 1947/2762/4257 1942/2758/4258
f 1942/2758/4259 1943/2757/4260 1948/2763/4261
f 1949/2764/4262 1950/2765/4263 1951/2766/4264
f 1950/2765/4265 1949/2764/4266 1952/2767/4267
f 1952/2767/4268 1953/2768/4269 1950/2765/4270
f 1954/2769/4271 1950/2765/4272 1953/2768/4273
f 1950/2765/4274 1954/2769/4275 1955/2770/4276
f 1955/2770/4277 1951/2766/4278 1950/2765/4279
f 1956/2771/4280 1963/2772/4281 1958/2773/4282
f 1951/2766/4283 1957/2774/4284 1949/2775/4285
f 1956/2771/4286 1957/2774/4287 1951/2766/4288
f 1959/2776/4289 1956/2771/4290 1958/2773/4291
f 1959/2776/4292 1957/2774/4293 1956/2771/4294
f 1960/2777/4295 1959/2776/4296 1958/2773/4297
f 1960/2777/4298 1958/2773/4299 1945/2760/4300
f 1945/2760/4301 1946/2778/4302 1960/2777/4303
f 1962/2779/4304 1955/2780/4305 1954/2781/4306
f 1955/2780/4307 1962/2779/4308 1963/2772/4309
f 1955/2780/4310 1963/2772/4311 1951/2782/4312
f 1956/2783/4313 1951/2782/4314 1963/2772/4315
f 1963/2772/4316 1962/2779/4317 1964/2784/4318
f 1965/2785/4319 1963/2772/4320 1964/2784/4321
f 1944/2786/4322 1965/2785/4323 1964/2784/4324
f 1964/2784/4325 1943/2787/4326 1944/2786/4327
f 1945/2788/4328 1965/2785/4329 1944/2786/4330
f 1965/2785/4331 1945/2788/4332 1958/2789/4333
f 1963/2772/4334 1965/2785/4335 1958/2773/4336
f 1960/2790/4337 1966/2791/4338 1959/2776/4339
f 1966/2791/4340 1960/2790/4341 1967/2792/4342
f 1946/2793/4343 1967/2792/4344 1960/2790/4345
f 1967/2792/4346 1946/2793/4347 1947/2794/4348
f 1947/2794/4349 1948/2795/4350 1967/2792/4351
f 1952/2796/4352 1968/2797/4353 1953/2798/4354
f 1968/2797/4355 1952/2796/4356 1969/2799/4357
f 1966/2791/4358 1968/2797/4359 1969/2799/4360
f 1968/2797/4361 1966/2791/4362 1970/2800/4363
f 1970/2800/4364 1966/2791/4365 1971/2801/4366
f 1966/2791/4367 1967/2792/4368 1971/2801/4369
f 1967/2792/4370 1948/2795/4371 1971/2801/4372
f 1949/2802/4373 1969/2799/4374 1952/2796/4375
f 1969/2799/4376 1949/2802/4377 1957/2803/4378
f 1957/2803/4379 1966/2791/4380 1969/2799/4381
f 1966/2791/4382 1957/2803/4383 1959/2776/4384
f 566/2804/4385 568/2805/4386 1961/2806/4387
f 1964/2807/346 1962/2808/346 1968/2809/346
f 1964/2807/346 1948/2810/346 1943/2811/346
f 1948/2810/346 1964/2807/346 1971/2812/346
f 1968/2809/346 1971/2812/346 1964/2807/346
f 1971/2812/346 1968/2809/346 1970/2813/346
f 1953/2814/346 1968/2809/346 1962/2808/346
f 1953/2814/346 1962/2808/346 1954/2815/346
f 35/2816/4388 1972/2817/4389 34/2818/4390
f 35/2816/4391 1973/2819/4392 1972/2817/4393
f 1973/2819/4394 35/2816/4395 1974/2820/4396
f 35/2816/4397 1975/2821/4398 1974/2820/4399
f 1975/2821/4400 35/2816/4401 1976/2822/4402
f 1976/2822/4403 35/2816/4404 36/2823/4405
f 567/2824/4406 1961/2825/4407 565/2826/4408
f 1961/2825/4409 568/2827/4410 565/2826/4411
f 1973/2819/4412 18/2828/4413 17/2829/4414
f 18/2828/4415 1973/2819/4416 1974/2820/4417
f 1974/2820/4418 1975/2821/4419 18/2828/4420
f 1975/2821/4421 24/2830/4422 18/2828/4423
f 1961/2806/4424 567/2831/4425 566/2804/4426
f 1977/2832/4427 26/2833/4428 28/2834/4429
f 1977/2832/4430 37/2835/4431 26/2833/4432
f 1977/2832/4433 1980/2836/4434 1978/2837/4435
f 1978/2837/4436 1980/2836/4437 1979/2838/4438
f 1987/2839/4439 1980/2836/4440 1977/2832/4441
f 1979/2838/4442 1980/2836/4443 1981/2840/4444
f 1978/2837/4445 1979/2838/4446 1982/2841/4447
f 1979/2838/4448 1984/2842/4449 1982/2841/4450
f 1983/2843/4451 1984/2842/4452 1981/2840/4453
f 1984/2842/4454 1979/2838/4455 1981/2840/4456
f 21/2844/4457 24/2845/4458 1984/2842/4459
f 1985/2846/4460 21/2844/4461 1984/2842/4462
f 1984/2842/4463 1983/2843/4464 1985/2846/4465
f 1986/2847/4466 1983/2843/4467 1981/2840/4468
f 1986/2847/4469 1985/2846/4470 1983/2843/4471
f 14/2848/4472 1985/2846/4473 15/2849/4474
f 21/2844/4475 1985/2846/4476 14/2848/4477
f 1987/2839/4478 15/2849/4479 1985/2846/4480
f 15/2849/4481 1987/2839/4482 43/2850/4483
f 1986/2847/4484 1987/2839/4485 1985/2846/4486
f 43/2850/4487 1987/2839/4488 48/2851/4489
f 28/2834/4490 48/2851/4491 1987/2839/4492
f 1977/2832/4493 28/2834/4494 1987/2839/4495
f 1980/2836/4496 1986/2847/4497 1981/2840/4498
f 1980/2836/4499 1987/2839/4500 1986/2847/4501
f 587/2852/1069 1988/2853/1069 590/798/455
f 1989/2854/455 590/798/455 1988/2853/1069
f 590/798/455 1989/2854/455 586/793/4502
f 1990/2855/4502 586/793/4502 1989/2854/455
f 586/793/4502 1990/2855/4502 585/792/1144
f 1991/2856/1144 585/792/1144 1990/2855/4502
f 1991/2856/1144 584/791/447 585/792/1144
f 584/791/447 1991/2856/1144 1992/2857/447
f 1992/2857/447 583/790/4503 584/791/447
f 583/790/4503 1992/2857/447 1993/2858/4503
f 583/790/4503 1993/2858/4503 587/794/1069
f 1988/2859/1069 587/794/1069 1993/2858/4503
f 572/779/455 1994/2860/4502 570/777/455
f 1994/2860/4502 572/779/455 595/803/4502
f 595/803/4502 1995/2861/1144 1994/2860/4502
f 1995/2861/1144 595/803/4502 593/801/1144
f 1995/2861/1144 593/801/1144 1996/2862/447
f 594/802/447 1996/2862/447 593/801/1144
f 1996/2862/447 594/802/447 1997/2863/4503
f 588/795/4503 1997/2863/4503 594/802/447
f 588/795/4503 571/2864/1069 1997/2863/4503
f 571/2864/1069 588/795/4503 569/796/1069
f 1972/2865/4504 1998/2866/4505 34/2867/4506
f 1999/2868/4507 2000/2869/4508 1998/2866/4509
f 33/2870/4510 1998/2866/4511 2000/2869/4512
f 34/2867/4513 1998/2866/4514 33/2870/4515
f 1998/2866/4516 2001/2871/4517 1999/2868/4518
f 1998/2866/4519 1972/2865/4520 2002/2872/4521
f 2002/2872/4522 2001/2871/4523 1998/2866/4524
f 1999/2868/4525 2001/2871/4526 2003/2873/4527
f 33/2870/4528 2000/2869/4529 30/2874/4530
f 2001/2871/4531 2004/2875/4532 2003/2873/4533
f 2001/2871/4534 2002/2872/4535 2004/2875/4536
f 2008/2876/4537 2005/2877/4538 2006/2878/4539
f 2004/2875/4540 2006/2878/4541 2005/2877/4542
f 2004/2875/4543 2005/2877/4544 2003/2873/4545
f 2006/2878/4546 2004/2875/4547 2002/2872/4548
f 2002/2872/4549 1973/2879/4550 2006/2878/4551
f 1972/2865/4552 1973/2879/4553 2002/2872/4554
f 19/2880/4555 2006/2878/4556 17/2881/4557
f 17/2881/4558 2006/2878/4559 1973/2879/4560
f 2007/2882/4561 2009/2883/4562 2003/2873/4563
f 2005/2877/4564 2007/2882/4565 2003/2873/4566
f 2005/2877/4567 2008/2876/4568 2007/2882/4569
f 2008/2876/4570 19/2880/4571 22/2884/4572
f 2006/2878/4573 19/2880/4574 2008/2876/4575
f 2009/2883/4576 2010/2885/4577 1999/2868/4578
f 2010/2885/4579 2000/2869/4580 1999/2868/4581
f 2009/2883/4582 1999/2868/4583 2003/2873/4584
f 30/2874/4585 2000/2869/4586 31/2886/4587
f 2000/2869/4588 2010/2885/4589 31/2886/4590
f 31/2886/4591 2010/2885/4592 47/2887/4593
f 2010/2885/4594 2009/2883/4595 2011/2888/4596
f 2011/2888/4597 47/2887/4598 2010/2885/4599
f 2011/2888/4600 46/2889/4601 47/2887/4602
f 46/2889/4603 2011/2888/4604 23/2890/4605
f 23/2890/4606 2011/2888/4607 2008/2876/4608
f 22/2884/4609 23/2890/4610 2008/2876/4611
f 2011/2888/4612 2007/2882/4613 2008/2876/4614
f 2007/2882/4615 2011/2888/4616 2009/2883/4617
f 512/2891/4618 519/2892/4619 511/2893/4619
f 512/2894/4620 514/2895/4621 518/2896/4621
f 2012/2897/4622 2013/2898/4622 2014/2899/4622
f 2013/2898/4623 2012/2897/4623 2015/2900/4623
f 2015/2900/4624 2012/2897/4624 2016/2901/4624
f 2014/2899/4625 2013/2898/4625 2017/2902/4625
f 2018/2903/4626 2019/2904/4627 2022/2905/4628
f 2023/2906/4629 2022/2907/4629 2020/2908/4629
f 2024/2909/447 2025/2910/447 2026/2911/447
f 2025/2910/447 2024/2909/447 2027/2912/447
f 2026/2913/346 2028/2914/346 2024/2915/346
f 2028/2914/346 2026/2913/346 2029/2916/346
f 2030/2917/447 2031/2918/447 2032/2919/447
f 2031/2918/447 2030/2917/447 2033/2920/447
f 2032/2921/346 2034/2922/346 2030/2923/346
f 2034/2922/346 2032/2921/346 2035/2924/346
f 2036/2925/4630 2037/2926/4631 2038/2927/4632
f 2038/2927/4633 2039/2928/4634 2036/2925/4635
f 2037/2926/4636 2036/2925/4637 2040/2929/4638
f 2041/2930/4639 2038/2927/4640 2037/2926/4641
f 2039/2928/4642 2038/2927/4643 2042/2931/4644
f 2039/2928/4645 2042/2931/4646 2043/2932/4647
f 2044/2933/4648 2043/2932/4649 2042/2931/4650
f 2038/2927/4651 2045/2934/4652 2042/2931/4653
f 2038/2927/4654 2041/2930/4655 2045/2934/4656
f 2041/2930/4657 2046/2935/4658 2045/2934/4659
f 2047/2936/4660 2046/2935/4661 2048/2937/4662
f 2047/2936/4663 2050/2938/4664 2042/2931/4665
f 2042/2931/4666 2045/2934/4667 2047/2936/4668
f 2045/2934/4669 2046/2935/4670 2047/2936/4671
f 2048/2937/4672 2046/2935/4673 2049/2939/4674
f 2050/2938/4675 2047/2936/4676 2048/2937/4677
f 2044/2933/4678 2042/2931/4679 2050/2938/4680
f 2044/2933/4681 2050/2938/4682 2051/2940/4683
f 2051/2940/4684 2050/2938/4685 2052/2941/4686
f 2053/2942/4687 2054/2943/4688 2055/2944/4689
f 2052/2941/4690 2054/2943/4691 2053/2942/4692
f 2052/2941/4693 2050/2938/4694 2054/2943/4695
f 2050/2938/4696 2048/2937/4697 2054/2943/4698
f 2054/2943/4699 2048/2937/4700 2049/2939/4701
f 2049/2939/4702 2055/2944/4703 2054/2943/4704
f 2049/2939/4705 2046/2935/4706 2056/2945/4707
f 2049/2939/4708 2057/2946/4709 2055/2944/4710
f 2057/2946/4711 2058/2947/4712 2055/2944/4713
f 2058/2947/4714 2053/2942/4715 2055/2944/4716
f 2057/2946/4717 2059/2948/4718 2060/2949/4719
f 2056/2945/4720 2057/2946/4721 2049/2939/4722
f 2058/2947/4723 2057/2946/4724 2060/2949/4725
f 2040/2929/4726 2059/2948/4727 2037/2926/4728
f 2057/2946/4729 2037/2926/4730 2059/2948/4731
f 2056/2945/4732 2046/2935/4733 2041/2930/4734
f 2037/2926/4735 2056/2945/4736 2041/2930/4737
f 2056/2945/4738 2037/2926/4739 2057/2946/4740
f 2061/2950/4741 701/2951/4742 703/2952/4743
f 703/2952/4744 2062/2953/4745 2061/2950/4746
f 2061/2950/4747 2062/2953/4748 2044/2954/4749
f 2061/2950/4750 2044/2954/4751 2051/2955/4752
f 2051/2955/4753 2063/2956/4754 2061/2950/4755
f 2061/2950/4756 2063/2956/4757 701/2951/4758
f 701/2951/4759 2063/2956/4760 699/2957/4761
f 2063/2956/4762 2051/2955/4763 2052/2958/4764
f 2066/2959/4765 2065/2960/4766 2064/2961/4767
f 2067/2962/4768 2065/2960/4769 2068/2963/4770
f 2066/2959/4771 2068/2963/4772 2065/2960/4773
f 2065/2960/4774 2070/2964/4775 2069/2965/4776
f 2067/2962/4777 2070/2964/4778 2065/2960/4779
f 2064/2961/4780 2065/2960/4781 2069/2965/4782
f 2072/2966/4783 2064/2961/4784 2071/2967/4785
f 2071/2967/4786 2064/2961/4787 2069/2965/4788
f 2069/2965/4789 2070/2964/4790 2071/2967/4791
f 2068/2963/4792 2066/2959/4793 2072/2966/4794
f 2064/2961/4795 2072/2966/4796 2066/2959/4797
f 1992/2968/439 1991/2969/439 1993/2970/439
f 1991/2969/439 1990/2971/439 1993/2970/439
f 1990/2971/439 1989/2972/439 1993/2970/439
f 1989/2972/439 1988/2973/439 1993/2970/439
f 2075/2974/4798 2074/2975/4799 2073/2976/4800
f 2075/2974/4801 2073/2976/4802 2076/2977/4803
f 1997/2978/400 571/2979/400 1995/2980/400
f 571/2979/400 570/2981/400 1995/2980/400
f 570/2981/400 1994/2982/400 1995/2980/400
f 1996/2983/400 1997/2978/400 1995/2980/400
f 2077/2984/4804 2078/2985/4805 2079/2986/4805
f 2079/2986/4805 2080/2987/4806 2077/2984/4806
f 2083/2988/4807 2082/2989/4808 2081/2990/4809
f 2082/2989/4810 2083/2988/4811 2084/2991/4811
f 2087/2992/4812 2086/2993/4813 2085/2994/4814
f 2086/2993/4815 2087/2992/4816 2088/2995/4816
f 2089/2996/4817 2090/2997/4818 2095/2998/4819
f 2090/2997/4820 2089/2996/4821 2091/2999/4822
f 2089/2996/4823 2092/3000/4824 2091/2999/4825
f 2095/2998/4826 2093/3001/4827 2094/3002/4828
f 2093/3001/4829 2095/2998/4830 2090/2997/4831
f 2091/3003/4832 2092/3004/4833 2096/3005/4834
f 2092/3004/4835 2097/3006/4836 2096/3005/4837
f 2094/3002/4838 2096/3005/4839 2097/3006/4840
f 2096/3005/4841 2094/3002/4842 2093/3001/4843
f 2099/3007/4844 2098/3008/4845 2100/3009/4846
f 2100/3009/4847 2098/3008/4848 2101/3010/4849
f 2100/3009/4850 2101/3010/4851 2102/3011/4852
f 2103/3012/4853 2102/3011/4854 2101/3010/4855
f 569/776/1108 596/804/1139 572/779/1140
f 596/804/4856 569/776/4857 581/3013/4858
f 581/3013/4859 591/799/4860 596/804/4861
f 591/799/4862 581/3013/4863 582/3014/4864
f 589/797/1112 591/799/455 582/3014/1106
f 589/797/1112 582/3014/1106 587/2852/1105
f 590/798/1113 589/797/1112 587/2852/1105
f 2104/3015/4865 2102/3016/4866 2103/3017/4867
f 2102/3016/4868 2104/3015/4869 2105/3018/4870
f 2105/3018/4871 2104/3015/4872 2106/3019/4873
f 2106/3019/4874 2099/3007/4875 2105/3018/4876
f 2099/3007/4877 2106/3019/4878 2098/3008/4879
f 630/842/447 626/841/447 632/3020/447
f 2107/3021/4880 2108/3022/4881 2109/3023/4882
f 2110/3024/4883 2107/3025/4884 2111/3026/4885
f 628/3027/455 631/3028/455 633/3029/455
f 2112/3030/4886 2113/3031/4887 2114/3032/4888
f 2113/3031/4889 2112/3030/4890 2115/3033/4891
f 2117/3034/346 2116/3035/346 2118/3036/346
f 2117/3037/4892 1835/3038/4892 2119/3039/4892
f 2116/3040/4893 1833/3041/4893 2118/3042/4893
f 1833/3041/4894 2116/3040/4894 2120/3043/4894
f 1826/3044/4895 2121/3045/4895 1832/3046/4895
f 2119/3039/1468 1834/3047/1468 2122/3048/1468
f 1834/3047/4896 2119/3039/4896 1835/3038/4896
f 2123/3049/4897 1831/3050/4897 1833/3041/4897
f 1831/3050/4898 2123/3049/4898 2124/3051/4898
f 1833/3041/4899 2120/3043/4899 2123/3049/4899
f 2125/3052/4900 1826/3053/4901 2126/3054/4901
f 1834/3047/4902 1828/3055/4902 2127/3056/4902
f 2127/3056/4902 2122/3048/4902 1834/3047/4902
f 2128/3057/4903 1831/3050/4904 2124/3051/4904
f 1831/3050/4905 2128/3057/4906 1829/3058/4907
f 1830/3059/4908 1832/3060/4908 2129/3061/4908
f 2129/3061/4909 2130/3062/4909 1830/3059/4909
f 2131/3063/4910 1827/3064/4910 1830/3059/4910
f 2126/3054/4911 1827/3065/4911 2132/3066/4911
f 1827/3065/4912 2126/3054/4912 1826/3053/4912
f 2119/3067/4913 2116/3068/4914 2117/3069/4915
f 2116/3068/4916 2119/3067/4917 2120/3070/4918
f 2120/3070/4919 2119/3067/4920 2123/3071/4921
f 2122/3072/4922 2123/3071/4923 2119/3067/4924
f 2122/3072/4925 2124/3073/4926 2123/3071/4927
f 2124/3073/4928 2122/3072/4929 2127/3074/4930
f 2128/3075/4931 2124/3073/4932 2130/3076/4933
f 2124/3073/4934 2131/3077/4935 2130/3076/4936
f 2127/3074/4937 2131/3077/4938 2124/3073/4939
f 2132/3078/4940 2133/3079/4941 2127/3074/4942
f 2134/3080/4943 2132/3078/4944 2127/3074/4945
f 2132/3078/4946 2134/3080/4947 2126/3081/4948
f 2134/3080/4949 2125/3082/4950 2126/3081/4951
f 2135/3083/4952 2125/3082/4953 2134/3080/4954
f 2121/3084/4955 2135/3083/4956 2128/3075/4957
f 2128/3075/4958 2136/3085/4959 2121/3084/4960
f 2136/3085/4961 2128/3075/4962 2129/3086/4963
f 2128/3075/4964 2130/3076/4965 2129/3086/4966
f 628/3027/455 627/838/455 631/3028/455
f 632/3087/346 628/3027/346 633/3029/346
f 628/3027/346 632/3087/346 626/3088/346
f 639/3089/4967 2137/3090/4967 638/3091/4967
f 2138/3092/4967 638/3091/4967 2137/3090/4967
f 638/3091/560 2138/3092/560 637/854/560
f 637/854/560 2138/3092/560 635/852/560
f 2139/3093/4968 2140/3094/4968 2141/3095/4968
f 2141/3095/455 2142/3096/455 2139/3093/455
f 2142/3096/455 2143/3097/455 2139/3093/455
f 2143/3097/455 2142/3096/455 2144/3098/455
f 2143/3097/455 2144/3098/455 2145/3099/455
f 2146/3100/455 2143/3097/455 2145/3099/455
f 2146/3100/455 2145/3099/455 2147/3101/455
f 2148/3102/455 2146/3100/455 2147/3101/455
f 2148/3102/455 2147/3101/455 2149/3103/455
f 2150/3104/4969 2151/3105/4969 2140/3094/4969
f 2152/3106/447 2153/3107/447 2154/3108/447
f 2153/3107/447 2152/3106/447 2155/3109/447
f 2156/3110/400 2155/3111/400 2152/3112/400
f 2156/3110/400 2152/3112/400 2157/3113/400
f 2154/3114/346 2157/3113/346 2152/3112/346
f 2157/3113/346 2154/3114/346 2158/3115/346
f 1207/3116/4970 2159/3117/4971 1206/3118/4972
f 2159/3117/4973 1207/3116/4974 2170/3119/4975
f 1206/3118/4976 2159/3117/4977 1209/3120/4978
f 2161/3121/4979 1209/3120/4980 2159/3117/4981
f 2160/3122/4982 2161/3121/4983 2159/3117/4984
f 2165/3123/4985 2160/3122/4986 2162/3124/4987
f 2165/3123/4988 2161/3121/4989 2160/3122/4990
f 1209/3120/4991 2161/3121/4992 1214/3125/4993
f 1214/3125/4994 2161/3121/4995 1213/3126/4996
f 2161/3121/4997 2164/3127/4998 1213/3126/4999
f 2163/3128/5000 2165/3123/5001 2162/3124/5002
f 2167/3129/5003 2165/3123/5004 2163/3128/5005
f 1213/3126/5006 2164/3127/5007 1216/3130/5008
f 1216/3130/5009 2164/3127/5010 2166/3131/5011
f 2167/3129/5012 2168/3132/5013 1222/3133/5014
f 2169/3134/5015 2167/3129/5016 1222/3133/5017
f 2166/3131/5018 2167/3129/5019 2169/3134/5020
f 2166/3131/5021 2164/3127/5022 2167/3129/5023
f 2165/3123/5024 2167/3129/5025 2164/3127/5026
f 2167/3129/5027 2163/3128/5028 2168/3132/5029
f 1222/3133/5030 2168/3132/5031 1219/3135/5032
f 2171/3136/5033 2163/3128/5034 2162/3124/5035
f 2168/3132/5036 2163/3128/5037 2171/3136/5038
f 2171/3136/5039 2170/3119/5040 2168/3132/5041
f 2160/3122/5042 2159/3117/5043 2172/3137/5044
f 2160/3122/5045 2172/3137/5046 2162/3124/5047
f 2172/3137/5048 2171/3136/5049 2162/3124/5050
f 2172/3137/5051 2170/3119/5052 2171/3136/5053
f 2170/3119/5054 1219/3135/5055 2168/3132/5056
f 1219/3135/5057 2170/3119/5058 1218/3138/5059
f 1207/3116/5060 1218/3138/5061 2170/3119/5062
f 2159/3117/5063 2170/3119/5064 2172/3137/5065
f 2173/3139/5066 703/3140/5067 706/3141/5068
f 703/3140/5069 2173/3139/5070 2062/3142/5071
f 2062/3142/5072 2173/3139/5073 2044/3143/5074
f 2173/3139/5075 2043/3144/5076 2044/3143/5077
f 2151/3105/447 2150/3104/447 2174/3145/447
f 706/3146/5078 689/3147/5079 2173/3148/5080
f 689/3147/5081 2175/3149/5082 2173/3148/5083
f 2176/3150/5084 689/3147/5085 690/3151/5086
f 689/3147/5087 2176/3150/5088 2175/3149/5089
f 2039/3152/5090 2175/3149/5091 2176/3150/5092
f 2039/3152/5093 2173/3148/5094 2175/3149/5095
f 2173/3148/5096 2039/3152/5097 2043/3153/5098
f 2039/3152/5099 2176/3150/5100 2036/3154/5101
f 2177/3155/5102 687/3156/5103 696/3157/5104
f 687/3156/5105 2177/3155/5106 2178/3158/5107
f 2177/3155/5108 2059/3159/5109 2178/3158/5110
f 2178/3158/5111 2059/3159/5112 2040/3160/5113
f 2040/3160/5114 2179/3161/5115 2178/3158/5116
f 2179/3161/5117 2040/3160/5118 2036/3162/5119
f 2036/3162/5120 2176/3163/5121 2179/3161/5122
f 690/3164/5123 2179/3161/5124 2176/3163/5125
f 2179/3161/5126 690/3164/5127 686/3165/5128
f 2179/3161/5129 686/3165/5130 2178/3158/5131
f 2178/3158/5132 686/3165/5133 687/3156/5134
f 2180/3166/447 2174/3145/447 2150/3104/447
f 695/3167/5135 2177/3168/5136 696/3169/5137
f 2177/3168/5138 695/3167/5139 2181/3170/5140
f 2181/3170/5141 695/3167/5142 2182/3171/5143
f 700/3172/5144 2182/3171/5145 695/3167/5146
f 700/3172/5147 2183/3173/5148 2182/3171/5149
f 2183/3173/5150 2053/3174/5151 2182/3171/5152
f 2182/3171/5153 2053/3174/5154 2058/3175/5155
f 2058/3175/5156 2181/3170/5157 2182/3171/5158
f 2058/3175/5159 2177/3168/5160 2181/3170/5161
f 2177/3168/5162 2058/3175/5163 2060/3176/5164
f 2186/3177/5165 2185/3178/5166 2187/3179/5167
f 2189/3180/5168 2188/3181/5169 2187/3179/5170
f 2187/3179/5171 2188/3181/5172 2186/3182/5171
f 2174/3145/447 2180/3166/447 2190/3183/447
f 2193/3184/5173 2192/3185/5166 2194/3186/5167
f 2196/3187/5168 2195/3188/5169 2194/3186/5170
f 2194/3186/5171 2195/3188/5174 2193/3189/5171
f 2190/3183/447 2180/3166/447 2197/3190/447
f 2199/3191/5175 2200/3192/5176 2198/3193/5177
f 2199/3191/5178 2198/3194/5178 2202/3195/5179
f 2203/3196/5180 2199/3191/5181 2202/3195/5182
f 2197/3190/447 648/867/447 649/869/447
f 2205/3197/5175 2206/3198/5176 2204/3199/5177
f 648/867/447 2197/3190/447 2180/3166/447
f 2205/3197/5178 2204/3200/5178 2208/3201/5183
f 2209/3202/5180 2205/3197/5181 2208/3201/5182
f 651/870/5184 2146/3100/5185 2148/3102/5184
f 2146/3100/5186 651/870/5187 648/867/5188
f 648/867/5189 2143/3097/5190 2146/3100/5191
f 2143/3097/5192 648/867/5193 2180/3166/5194
f 2180/3166/5195 2139/3093/5196 2143/3097/5197
f 2139/3093/5198 2180/3166/5199 2150/3104/5200
f 2140/3094/5201 2139/3093/5202 2150/3104/5203
f 2210/3203/5204 2211/3204/5204 2212/3205/5204
f 2212/3205/455 2213/3206/455 2210/3203/455
f 2213/3206/455 2214/3207/455 2210/3203/455
f 2214/3207/455 2213/3206/455 2215/3208/455
f 2214/3207/455 2215/3208/455 2216/3209/455
f 2217/3210/455 2214/3207/455 2216/3209/455
f 2217/3210/455 2216/3209/455 2218/3211/455
f 2219/3212/455 2217/3210/455 2218/3211/455
f 2219/3212/455 2218/3211/455 2220/3213/455
f 2221/3214/4969 2222/3215/4969 2211/3204/4969
f 2225/3216/1355 2224/3217/1356 2226/3218/1357
f 2229/3219/5205 2228/3220/5206 2227/3221/5207
f 2230/3222/5208 2229/3219/5208 2227/3221/5209
f 2222/3215/447 2221/3214/447 2231/3223/447
f 1046/3224/5210 2232/3225/5211 1045/3226/5212
f 2232/3225/5213 1047/3227/5214 1045/3226/5215
f 2233/3228/5216 1059/3229/5217 1056/3230/5218
f 2233/3228/5219 1056/3230/5220 1047/3227/5221
f 2233/3228/5222 1047/3227/5223 2232/3225/5224
f 2233/3228/5225 2234/3231/5226 2235/3232/5227
f 2232/3225/5228 2234/3231/5229 2233/3228/5230
f 2234/3231/5231 2236/3233/5232 2235/3232/5233
f 2235/3232/5234 2236/3233/5235 2239/3234/5236
f 2239/3234/5237 2237/3235/5238 2235/3232/5239
f 2235/3232/5240 2237/3235/5241 2233/3228/5242
f 2237/3235/5243 1058/3236/5244 1059/3229/5245
f 1059/3229/5246 2233/3228/5247 2237/3235/5248
f 2239/3234/5249 2238/3237/5250 2237/3235/5251
f 1050/3238/5252 2237/3235/5253 2238/3237/5254
f 2237/3235/5255 1050/3238/5256 1058/3236/5257
f 2238/3237/5258 1051/3239/5259 1050/3238/5260
f 2240/3240/5261 2236/3233/5262 2241/3241/5263
f 2242/3242/5264 2240/3240/5265 2241/3241/5266
f 2240/3240/5267 2242/3242/5268 2243/3243/5269
f 2239/3234/5270 2236/3233/5271 2240/3240/5272
f 2242/3242/5273 1015/3244/5274 2243/3243/5275
f 2243/3243/5276 2238/3237/5277 2240/3240/5278
f 2238/3237/5279 2239/3234/5280 2240/3240/5281
f 2243/3243/5282 1015/3244/5283 1054/3245/5284
f 2243/3243/5285 1054/3245/5286 1051/3239/5287
f 1051/3239/5288 2238/3237/5289 2243/3243/5290
f 2244/3246/447 2231/3223/447 2221/3214/447
f 1633/3247/439 2246/3248/439 2245/3249/439
f 2246/3248/439 1633/3247/439 2247/3250/439
f 2247/3250/439 2248/3251/439 2246/3248/439
f 2231/3223/447 2244/3246/447 2249/3252/447
f 1976/3253/5291 1982/2841/5292 1975/3254/5293
f 1984/2842/5294 1975/3254/5295 1982/2841/5296
f 1975/3254/5297 1984/2842/5298 24/2845/5299
f 1976/3253/5300 36/3255/5301 1982/2841/5302
f 1982/2841/5303 36/3255/5304 1978/2837/5305
f 36/3255/5306 37/2835/5307 1978/2837/5308
f 1978/2837/5309 37/2835/5310 1977/2832/5311
f 2249/3252/447 2244/3246/447 2250/3256/447
f 756/1002/5312 2254/3257/5313 758/1003/5313
f 2254/3257/5314 756/1002/5315 2251/3258/5316
f 756/1002/5317 757/1004/5318 2251/3258/5319
f 2251/3258/5320 757/1004/5321 2252/3259/5322
f 757/1004/5323 759/1005/5324 2252/3259/5323
f 2253/3260/5325 2252/3259/5326 759/1005/5327
f 2254/3257/5328 2253/3260/5329 759/1005/5330
f 759/1005/5331 758/1003/5332 2254/3257/5333
f 2227/3221/5334 2255/3261/5335 2230/3262/5336
f 2255/3261/5337 2227/3221/5338 2256/3263/5339
f 2256/3263/5340 2257/3264/5341 2255/3261/5342
f 2230/3265/1355 2255/3266/1356 2229/3219/1357
f 2258/3267/5343 2248/3268/5344 2259/3269/5344
f 2258/3267/5343 2246/3270/5345 2248/3268/5344
f 2258/3267/5346 2245/3271/5347 2246/3270/5348
f 2245/3271/5349 2258/3267/5350 2260/3272/5351
f 2245/3271/5352 2260/3272/5353 2261/3273/5354
f 219/349/5355 2252/3259/5356 2253/3260/5357
f 214/344/5358 2252/3259/5359 219/349/5360
f 2251/3258/5361 2252/3259/5362 214/344/5363
f 214/344/5364 216/346/5365 2251/3258/5366
f 2251/3258/5367 767/3274/5368 2254/3257/5369
f 216/346/5370 767/3274/5371 2251/3258/5372
f 767/3274/5373 2262/3275/5374 2254/3257/5375
f 2253/3260/5376 2254/3257/5377 2262/3275/5378
f 2262/3275/5379 2263/3276/5380 2253/3260/5381
f 219/349/5382 2253/3260/5383 2263/3277/5384
f 2241/3241/5385 2232/3225/5386 2242/3242/5387
f 1046/3224/5388 2242/3242/5389 2232/3225/5390
f 2242/3242/5391 1046/3224/5392 1014/3278/5393
f 1015/3244/5394 2242/3242/5395 1014/3278/5396
f 2234/3231/5397 2232/3225/5398 2241/3241/5399
f 2241/3241/5400 2236/3233/5401 2234/3231/5402
f 1733/2383/5403 1735/2385/5404 1741/3279/5405
f 1741/3279/5406 1732/2384/5407 1733/2383/5408
f 1738/2390/5409 1732/2384/5410 1741/3279/5411
f 2250/3256/447 656/875/447 657/877/447
f 1837/2576/5412 2264/3280/5413 2265/3281/5414
f 2265/3281/5415 1841/2574/5416 1837/2576/5417
f 2265/3281/5418 2266/3282/5419 1841/2574/5420
f 1841/2574/5421 2266/3282/5422 1843/2578/5423
f 2267/3283/5424 1843/2578/5425 2266/3282/5426
f 1843/2578/5427 2267/3283/5428 1836/2580/5429
f 2073/3284/5430 2074/2975/5431 2268/3285/5432
f 2268/3285/5433 2074/2975/5434 2269/3286/5435
f 2075/3287/5436 2269/3286/5437 2074/2975/5438
f 2269/3286/5439 2075/3287/5440 2270/3288/5441
f 656/875/447 2250/3256/447 2244/3246/447
f 2073/2976/5442 2268/3289/5443 2271/3290/5444
f 2271/3290/5445 2076/3291/5446 2073/2976/5447
f 2076/3291/5448 2271/3290/5449 2272/3292/5450
f 2228/3220/5451 2256/3293/5452 2227/3294/5453
f 659/878/5184 2217/3210/5185 2219/3212/5184
f 2217/3210/5186 659/878/5187 656/875/5188
f 656/875/5189 2214/3207/5190 2217/3210/5191
f 2214/3207/5454 656/875/5193 2244/3246/5455
f 2244/3246/5195 2210/3203/5196 2214/3207/5197
f 2210/3203/5198 2244/3246/5199 2221/3214/5200
f 2211/3204/5201 2210/3203/5202 2221/3214/5203
f 2262/3275/5456 767/3295/5457 1340/3296/5458
f 1362/3297/5459 1340/3298/5460 768/3299/5461
f 1340/3298/5462 1362/3297/5463 2274/3300/5464
f 2274/3300/5465 1362/3297/5466 1360/3301/5467
f 1340/3298/5468 2274/3302/5469 2262/3275/5470
f 2262/3275/5471 2274/3302/5472 2263/3276/5473
f 2273/3303/5474 663/3304/5475 662/3305/5476
f 16/3306/5477 15/3307/5478 44/3308/5479
f 16/3306/5480 44/3308/5481 23/3309/5482
f 661/3310/5483 660/3311/5484 2273/3312/5485
f 2273/3312/5486 660/3311/5487 663/3313/5488
f 661/3314/5489 2273/3303/5490 662/3305/5491
f 2264/3315/5492 1837/2576/5493 1836/3316/5494
f 2264/3315/5495 1836/3316/5496 2267/3317/5497
f 2260/3318/5498 2258/3319/5499 2275/3320/5500
f 2276/3321/5501 2275/3320/5500 2258/3319/5499
f 2258/3319/5499 2259/3322/5502 2276/3321/5501
f 2277/3323/5503 2276/3321/5501 2259/3322/5502
f 683/3324/400 684/3325/400 682/929/400
f 685/928/400 682/929/400 684/3325/400
f 2059/3159/5504 2177/3155/5505 2060/3326/5506
f 2247/3327/5507 2276/3328/5508 2277/3329/5507
f 1633/2246/5509 2276/3328/5510 2247/3327/5511
f 2275/3330/5512 2276/3328/5513 1633/2246/5514
f 1633/2246/5515 1632/2245/5516 2275/3330/5517
f 2225/3331/5208 2226/3218/5208 2278/3332/5209
f 2226/3218/5518 2279/3333/5206 2278/3332/5207
f 2281/3334/5451 2282/3335/5452 2280/3336/5453
f 2282/3337/5340 708/3338/5341 709/3339/5342
f 709/3339/5337 2280/3340/5338 2282/3337/5339
f 2280/3340/5334 709/3339/5335 710/3341/5336
f 710/3342/5208 711/954/5208 2280/3343/5519
f 711/954/5518 2281/3334/5206 2280/3343/5207
f 2283/3344/5340 2223/3345/5341 2224/3346/5342
f 2224/3346/5337 2278/3332/5338 2283/3344/5339
f 2278/3332/5334 2224/3346/5335 2225/3347/5336
f 2279/3333/5451 2283/3348/5452 2278/3349/5453
f 2207/3350/5520 2284/3351/5521 2206/3352/5522
f 2208/3201/5523 2206/3352/5524 2284/3351/5525
f 2206/3352/5526 2208/3201/5527 2204/3353/5528
f 2286/3354/5451 2287/3355/5452 2285/3356/5453
f 2287/3357/5340 2288/3358/5341 712/3359/5342
f 712/3359/5337 2285/3360/5338 2287/3357/5339
f 2285/3360/5334 712/3359/5335 713/3361/5336
f 713/3362/5208 714/957/5208 2285/3363/5209
f 714/957/5518 2286/3354/5206 2285/3363/5207
f 2284/3364/5529 2209/3202/5530 2208/3365/5531
f 2290/3366/5532 2291/3367/5452 2289/3368/5533
f 2291/3369/5340 2292/3370/5341 715/3371/5342
f 715/3371/5337 2289/3372/5338 2291/3369/5339
f 2289/3372/5334 715/3371/5335 716/3373/5336
f 716/3374/5208 717/960/5208 2289/3375/5209
f 717/960/5205 2290/3366/5206 2289/3375/5207
f 2201/3376/5520 2293/3377/5521 2200/3378/5522
f 2202/3195/5523 2200/3378/5524 2293/3377/5525
f 2200/3378/5526 2202/3195/5527 2198/3379/5528
f 2295/3380/5451 2296/3381/5452 2294/3382/5533
f 2296/3383/5340 718/3384/5341 719/3385/5342
f 719/3385/5337 2294/3386/5338 2296/3383/5339
f 2294/3386/5334 719/3385/5335 720/3387/5336
f 720/3388/5208 721/963/5208 2294/3389/5209
f 721/963/5518 2295/3380/5206 2294/3389/5207
f 2293/3390/5529 2203/3196/5530 2202/3391/5531
f 2298/3392/5451 2299/3393/5452 2297/3394/5453
f 2299/3395/5340 722/3396/5341 723/3397/5342
f 723/3397/5337 2297/3398/5338 2299/3395/5339
f 2297/3398/5334 723/3397/5335 724/3399/5336
f 724/3400/5208 725/966/5208 2297/3401/5209
f 725/966/5518 2298/3392/5206 2297/3401/5207
f 2300/3402/5534 2191/3403/5535 2192/3404/5536
f 2192/3404/5537 2195/3188/5538 2300/3402/5539
f 2195/3188/5540 2192/3404/5541 2193/3405/5542
f 2196/3187/5543 2300/3406/5544 2195/3407/5545
f 2301/3408/5534 2184/3409/5535 2185/3410/5536
f 2185/3410/5537 2188/3181/5538 2301/3408/5539
f 2188/3181/5540 2185/3410/5541 2186/3411/5542
f 2189/3180/5543 2301/3412/5544 2188/3413/5545
f 2161/3121/5546 2165/3123/5547 2164/3127/5548
f 2303/3414/5451 2304/3415/5452 2302/3416/5453
f 2304/3417/5340 726/3418/5341 727/3419/5342
f 727/3419/5337 2302/3420/5338 2304/3417/5339
f 2302/3420/5334 727/3419/5335 728/3421/5336
f 728/3422/5208 729/969/5208 2302/3423/5209
f 729/969/5205 2303/3414/5206 2302/3423/5207
f 730/3424/5549 732/3425/5550 733/3426/5551
f 732/3425/5552 734/3427/5553 733/3426/5554
f 733/3426/5555 735/3428/5556 730/3424/5557
f 2156/3429/560 2305/3430/560 2155/3109/560
f 2153/3107/560 2155/3109/560 2305/3430/560
f 2305/3430/439 2158/3115/439 2153/3107/439
f 2153/3107/439 2158/3115/439 2154/3114/439
f 2157/3431/455 2158/3432/455 2156/3429/455
f 2305/3430/455 2156/3429/455 2158/3432/455
f 1827/3065/5558 2133/3433/5559 2132/3066/5558
f 2131/3063/5560 1830/3059/5561 2130/3062/5562
f 2134/3434/5563 1828/3055/5563 1825/3435/5563
f 1828/3055/5564 2134/3434/5564 2127/3056/5564
f 1832/3046/5565 2121/3045/5566 2136/3436/5567
f 1832/3046/5568 2136/3436/5569 2129/3437/5568
f 2128/3438/5570 1825/3439/5571 1829/3440/5572
f 1825/3439/5573 2128/3438/5574 2135/3441/5573
f 1825/3439/5575 2135/3441/5575 2134/3442/5575
f 730/3443/5576 735/3444/5577 731/970/5576
f 731/970/5578 735/3444/5579 736/974/5580
f 737/3445/5549 739/3446/5550 741/3447/5551
f 739/3446/5552 740/3448/5553 741/3447/5554
f 741/3447/5555 742/3449/5556 737/3445/5557
f 2114/3032/5581 2113/3031/5582 2306/3450/5583
f 2307/3451/5584 2306/3450/5585 2113/3031/5586
f 2102/3452/5587 2105/3453/5587 2100/3454/5587
f 2100/3454/5588 2105/3453/5588 2099/3455/5588
f 2093/3456/5589 2090/3457/5589 2096/3458/5589
f 2090/3457/5590 2091/3459/5590 2096/3458/5590
f 737/3460/5576 742/3461/5577 738/976/5576
f 738/976/5591 742/3461/5579 743/983/5580
f 744/3462/5549 746/3463/5550 749/3464/5551
f 746/3463/5552 747/3465/5553 749/3464/5554
f 749/3464/5555 750/3466/5556 744/3462/5557
f 2308/3467/5592 2310/3468/5593 2309/3469/5594
f 2310/3468/5595 2308/3467/5596 2311/3470/5597
f 744/3471/5576 750/3472/5577 745/985/5576
f 745/985/5578 750/3472/5579 751/993/5580
f 752/3473/5549 754/3474/5550 760/3475/5551
f 754/3474/5552 755/3476/5553 760/3475/5554
f 760/3475/5555 761/3477/5556 752/3473/5557
f 2312/3478/5598 2070/3479/5599 2067/3480/5600
f 2070/3479/5601 2312/3478/5602 2313/3481/5603
f 2071/3482/5604 2070/3479/5605 2313/3481/5606
f 2314/3483/5607 2071/3482/5608 2313/3481/5609
f 2071/3482/5610 2314/3483/5611 2072/3484/5612
f 2315/3485/5613 2072/3484/5614 2314/3483/5615
f 2072/3484/5616 2315/3485/5617 2068/3486/5618
f 2316/3487/5619 2068/3486/5620 2315/3485/5621
f 2312/3488/5622 2068/3486/5623 2316/3487/5624
f 2312/3488/5625 2067/3489/5626 2068/3486/5627
f 752/3490/5576 761/3491/5577 753/995/5576
f 753/995/5578 761/3491/5579 762/1007/5580
f 763/3492/5549 765/3493/5550 777/3494/5551
f 765/3493/5552 766/3495/5553 777/3494/5554
f 777/3494/5555 778/3496/5556 763/3492/5557
f 2052/3497/5628 2053/3498/5629 2063/3499/5630
f 2063/3499/5631 2053/3498/5632 2183/3500/5633
f 700/3501/5634 2063/3499/5635 2183/3500/5636
f 2063/3499/5637 700/3501/5638 699/3502/5639
f 763/3503/5576 778/3504/5577 764/1009/5576
f 764/1009/5591 778/3504/5579 779/1026/5580
f 780/3505/5549 782/3506/5550 808/3507/5551
f 782/3506/5552 809/3508/5553 808/3507/5554
f 808/3507/5555 810/3509/5556 780/3505/5557
f 524/722/400 525/723/400 526/3510/1028
f 527/3511/1028 526/3510/1028 525/723/400
f 529/3512/447 527/3513/447 535/3514/447
f 527/3513/447 525/3515/447 535/3514/447
f 525/3515/447 520/3516/447 535/3514/447
f 520/3516/447 522/3517/447 535/3514/447
f 533/3518/447 531/3519/447 535/3514/447
f 531/3519/447 529/3512/447 535/3514/447
f 780/3520/5576 810/3521/5577 781/1028/5576
f 781/1028/5578 810/3521/5579 811/1062/5580
f 812/3522/5549 814/3523/5550 816/3524/5551
f 814/3523/5552 815/3525/5553 816/3524/5554
f 816/3524/5555 817/3526/5556 812/3522/5557
f 526/3527/455 528/3528/455 523/3529/455
f 528/3528/455 530/3530/455 523/3529/455
f 530/3530/455 532/3531/455 523/3529/455
f 532/3531/455 534/3532/455 523/3529/455
f 534/3532/455 521/3533/455 523/3529/455
f 524/3534/455 526/3527/455 523/3529/455
f 812/3535/5576 817/3536/5577 813/1064/5576
f 813/1064/5578 817/3536/5579 818/1068/5580
f 819/3537/5549 821/3538/5550 824/3539/5551
f 821/3538/5552 822/3540/5553 824/3539/5554
f 824/3539/5555 825/3541/5556 819/3537/5557
f 2034/3542/455 2035/3543/455 2317/3544/455
f 2318/3545/455 2317/3544/455 2035/3543/455
f 2028/3546/455 2029/3547/455 2319/3548/455
f 2320/3549/455 2319/3548/455 2029/3547/455
f 2018/3550/5640 2021/3551/5640 2019/3552/5640
f 2019/3552/5641 2021/3551/5641 2020/3553/5641
f 2021/3554/5642 2023/3555/5643 2020/3556/5644
f 2019/3552/5645 2020/3553/5646 2022/3557/5646
f 819/3558/5576 825/3559/5577 820/1070/5576
f 820/1070/5591 825/3559/5579 826/1075/5580
f 829/3560/5647 828/3561/5648 827/3562/5649
f 2014/2899/5650 2017/2902/5650 2016/3563/5650
f 2016/3563/5651 2017/2902/5651 2015/3564/5651
f 1932/2729/5652 1941/3565/5653 1935/2730/5654
f 1932/2729/5655 1933/3566/5656 1941/3565/5657
f 830/1078/5658 828/3561/5659 829/3560/5660
f 1941/3567/346 1919/3568/346 1921/2748/346
f 1935/3569/346 1941/3567/346 1921/2748/346
f 1936/2750/346 1935/3569/346 1921/2748/346
f 843/3570/5661 827/3562/5662 838/3571/5663
f 828/3561/5664 838/3571/5665 827/3562/5666
f 829/3560/5667 842/3572/5668 830/1078/5667
f 842/3572/5669 829/3560/5670 845/3573/5671
f 845/3573/5672 838/3571/5673 842/3572/5674
f 838/3571/5675 845/3573/5676 843/3570/5677
f 830/1078/5678 831/1077/5679 828/3561/5680
f 1934/3574/400 1925/2700/400 1924/3575/400
f 1933/2754/5681 1934/3574/5681 1920/2755/5681
f 1920/2755/5681 1934/3574/5681 1924/3575/5681
f 1917/2677/5682 1914/2673/5683 1916/2676/5682
f 1925/3576/5684 1934/2725/5684 1915/3577/5684
f 1915/3577/5685 1934/2725/5685 1916/2723/5685
f 1915/3577/5686 2/3578/5687 1/3579/5688
f 833/1080/5689 836/3580/5690 834/3581/5691
f 2/3578/5692 1915/3577/5693 1916/2723/5694
f 833/1080/5695 832/1079/5696 836/3580/5697
f 1911/2668/5698 1940/3582/5699 1906/2669/5700
f 1906/2669/5701 1940/3582/5702 1907/3583/5701
f 1931/2731/5703 1936/2728/5704 1940/3584/5705
f 1931/2731/5706 1940/3584/5707 1911/3585/5708
f 848/1099/5709 835/3586/5709 832/1097/5709
f 835/3586/4893 836/3587/4893 832/1097/4893
f 849/3588/5710 847/1098/5710 830/3589/5710
f 830/3589/5711 847/1098/5711 832/1097/5711
f 843/1110/5712 859/3590/5713 857/1109/5712
f 828/3591/5714 839/3592/5714 838/3593/5714
f 839/3592/5564 828/3591/5564 858/3594/5564
f 1913/2671/439 1910/2667/439 1912/2670/439
f 828/3591/4902 831/1095/4902 858/3594/4902
f 858/3594/4902 831/1095/4902 846/1096/4902
f 830/3589/5715 841/3595/5716 849/3588/5715
f 841/3595/5717 830/3589/5718 842/3596/5719
f 845/3597/5720 829/1103/5720 851/3598/5720
f 851/3598/5721 829/1103/5721 852/1102/5721
f 854/1105/5722 829/1103/5722 827/3599/5722
f 869/3600/5723 2321/3601/5723 870/3602/5723
f 2321/3601/5724 871/3603/5725 870/3602/5726
f 871/3603/5727 2321/3601/5728 566/3604/5729
f 566/3605/5730 2322/3606/5731 2323/3607/5732
f 2322/3606/5733 566/3605/5734 2321/3608/5735
f 1913/3609/5736 1902/3610/5736 1910/2726/5736
f 1902/3610/5737 1903/2722/5737 1910/2726/5737
f 2322/3611/447 873/3612/447 868/3613/447
f 867/3614/447 2322/3611/447 868/3613/447
f 872/3615/447 2322/3611/447 867/3614/447
f 2322/3611/447 872/3615/447 2323/3616/447
f 1902/3610/5738 1904/3617/5739 1903/2722/5740
f 874/3618/5741 869/1147/5741 873/1146/5741
f 1904/3617/5742 1902/3610/5743 1901/3619/5744
f 869/1147/5745 874/3618/5745 2324/3620/5745
f 1877/3621/4115 1899/3622/439 1873/3623/4109
f 1873/3623/4109 1899/3622/439 2325/3624/439
f 2325/3624/439 1869/3625/5746 1873/3623/5747
f 1869/3625/5748 2325/3624/439 2326/3626/439
f 2327/3627/439 1869/3625/5749 2326/3626/439
f 2327/3627/439 1868/3628/5750 1869/3625/5751
f 1868/3628/5748 2327/3627/439 2328/3629/439
f 2329/3630/439 1868/3628/5749 2328/3629/439
f 2329/3630/439 1867/3631/5750 1868/3628/5751
f 1867/3631/5748 2329/3630/439 2330/3632/439
f 2331/3633/439 1867/3631/5749 2330/3632/439
f 2331/3633/439 799/3634/5752 1867/3631/5753
f 799/3634/5754 2331/3633/439 800/3635/439
f 862/3636/5755 869/3637/5755 2324/3638/5755
f 1852/3639/5756 1850/2589/5757 1851/2590/5758
f 1852/3639/5759 1849/3640/5760 1850/2589/5761
f 1852/3641/455 1851/3642/455 1846/3643/455
f 1846/3643/455 1851/3642/455 1847/3644/455
f 869/3637/5762 862/3636/5762 2321/3645/5762
f 1837/2576/5763 1840/2575/5764 1836/3316/5765
f 1836/3316/5766 1840/2575/5767 1844/3646/5768
f 861/1133/5769 2321/3608/5769 862/1134/5770
f 2267/3647/5771 2266/3648/5771 2265/3649/5771
f 2264/3280/5771 2267/3647/5771 2265/3649/5771
f 861/1133/5772 2322/3606/5773 2321/3608/5772
f 2118/3650/5774 1835/2571/5775 2117/3651/5776
f 2332/3652/400 875/1158/400 878/1157/400
f 875/1158/400 2332/3652/400 874/3618/400
f 2324/3620/400 874/3618/400 2332/3652/400
f 1833/2569/5777 1835/2571/5778 2118/3650/5779
f 878/3653/5780 883/3654/5781 865/3655/5782
f 863/3656/5783 878/3653/5784 865/3655/5785
f 878/3653/5786 863/3656/5787 2332/3657/5348
f 2332/3657/5345 863/3656/5343 2324/3638/5344
f 862/3636/5344 2324/3638/5344 863/3656/5343
f 2323/3658/5788 871/1143/5788 566/3659/5789
f 871/1143/5788 2323/3658/5788 872/1144/5790
f 2333/3660/346 881/3661/346 2334/3662/346
f 881/3661/346 879/3663/346 2334/3662/346
f 2334/3662/346 879/3663/346 876/1155/346
f 879/3663/5791 875/1153/5791 876/1155/5791
f 881/3664/3673 2333/3665/3673 880/1162/3673
f 882/1163/5792 880/1162/5792 2333/3665/5792
f 2335/3666/5793 2336/3667/5794 2337/3668/5795
f 2338/3669/5796 2337/3668/5797 2336/3667/5798
f 1834/2570/5799 1831/2567/5800 1828/2564/5801
f 2339/3670/439 2340/3671/439 2341/3672/439
f 2342/3673/439 2341/3672/439 2340/3671/439
f 1828/2564/5802 1831/2567/5803 1830/2566/5804
f 2343/3674/439 2344/3675/439 2345/3676/439
f 2346/3677/439 2345/3676/439 2344/3675/439
f 2347/3678/439 2348/3679/439 2349/3680/439
f 1828/2564/5805 1830/2566/5806 1827/2562/5807
f 2350/3681/439 2349/3680/439 2348/3679/439
f 1823/3682/447 1816/3683/447 1819/3684/447
f 1816/3683/447 1823/3682/447 2351/3685/447
f 2351/3685/447 1823/3682/447 1822/3686/447
f 1814/3687/400 1813/3688/400 1810/3689/400
f 1810/3689/400 1813/3688/400 1808/3690/400
f 1804/3691/5808 1803/3692/5808 1800/2522/5808
f 1801/2523/5808 1800/2522/5808 1803/3692/5808
f 1805/3693/439 2352/3694/439 1798/3695/439
f 2353/3696/439 2354/3697/439 2355/3698/439
f 2356/3699/439 2355/3698/439 2354/3697/439
f 2357/3700/439 2358/3701/439 2359/3702/439
f 2352/3694/439 1805/3693/439 1806/3703/439
f 2360/3704/439 2359/3702/439 2358/3701/439
f 1807/3705/400 1802/2529/400 2361/3706/400
f 2362/3707/439 2363/3708/439 2364/3709/439
f 2361/3706/400 1802/2529/400 1799/2531/400
f 2365/3710/439 2364/3709/439 2363/3708/439
f 2352/3711/5809 2361/3712/5809 1798/2520/5809
f 2361/3712/5809 1799/2521/5809 1798/2520/5809
f 1798/3713/439 1801/3714/439 1805/3693/439
f 1805/3693/439 1801/3714/439 1803/3715/439
f 1772/2471/5810 1766/3716/5810 1768/2464/5810
f 2366/3717/439 2367/3718/439 2368/3719/439
f 1766/3716/5810 1772/2471/5810 1770/3720/5810
f 2369/3721/439 2368/3719/439 2367/3718/439
f 1773/2472/5811 1767/2463/5811 1769/3722/5811
f 2370/3723/5812 2372/3724/5813 2371/3725/5814
f 2372/3724/5815 2370/3723/5816 2373/3726/5817
f 1773/2472/5811 1769/3722/5811 1771/3727/5811
f 2374/3728/5818 2376/3729/5819 2375/3730/5820
f 2376/3729/5821 2374/3728/5822 2377/3731/5823
f 2378/3732/5824 2379/3733/5825 2380/3734/5826
f 2381/3735/5827 2380/3734/5828 2379/3733/5829
f 2380/3734/5830 2381/3735/5831 2382/3736/5832
f 2383/3737/5833 2382/3736/5834 2381/3735/5835
f 2383/3737/5836 2384/3738/5837 2382/3736/5838
f 2384/3738/5839 2383/3737/5840 2385/3739/5841
f 2384/3738/5842 2385/3739/5843 2386/3740/5844
f 2387/3741/5845 2386/3740/5846 2385/3739/5847
f 2386/3740/5848 2387/3741/5849 2388/3742/5850
f 2389/3743/5851 2388/3742/5852 2387/3741/5853
f 2388/3742/5854 2389/3743/5855 2390/3744/5856
f 2391/3745/5857 2390/3744/5858 2389/3743/5859
f 2390/3746/5860 2391/3747/5861 2378/3732/5862
f 2379/3733/5863 2378/3732/5864 2391/3747/5865
f 2388/3748/5866 2390/3749/5867 2392/3750/5868
f 2390/3749/5869 2378/3751/5870 2392/3750/5871
f 2378/3751/5872 2380/3752/5873 2392/3750/5874
f 2380/3752/5875 2382/3753/5876 2392/3750/5877
f 2382/3753/5878 2384/3754/5879 2392/3750/5880
f 2384/3754/5881 2386/3755/5882 2392/3750/5883
f 2386/3755/5884 2388/3748/5885 2392/3750/5886
f 2393/3756/5887 2395/3757/5888 2394/3758/5889
f 2395/3757/5890 2393/3756/5891 2396/3759/5892
f 2391/3760/5893 2389/3761/5894 2397/3762/5895
f 2389/3761/5896 2387/3763/5897 2397/3762/5898
f 2387/3763/5899 2385/3764/5900 2397/3762/5901
f 2385/3764/5902 2383/3765/5903 2397/3762/5904
f 2383/3765/5905 2381/3766/5906 2397/3762/5907
f 2381/3766/5908 2379/3767/5909 2397/3762/5910
f 2379/3767/5911 2391/3760/5912 2397/3762/5913
f 2398/3768/5914 2399/3769/5915 2400/3770/5916
f 2400/3770/5917 2399/3769/5918 2401/3771/5919
f 1755/2440/5920 438/2437/5921 453/3772/5922
f 2402/3773/5923 2403/3774/5924 2404/3775/5925
f 2404/3775/5926 2403/3774/5927 2405/3776/5928
f 2408/3777/5929 2407/3778/5930 2406/3779/5931
f 2406/3779/5932 2409/3780/5933 2408/3777/5934
f 2410/3781/400 2411/3782/400 2412/3783/400
f 1727/3784/5935 2413/3785/5936 2414/3786/5937
f 2413/3785/5938 1727/3784/5939 1726/2376/5940
f 2413/3785/5941 1726/2376/5942 1728/3787/5943
f 1724/3788/5944 1728/3787/5945 1726/2376/5946
f 1718/3789/5947 1710/2344/5947 1713/2347/5947
f 2410/3781/400 2415/3790/400 2411/3782/400
f 2416/3791/400 2417/3792/400 2418/3793/400
f 1709/2343/560 2419/3794/560 1707/2341/560
f 1707/2341/5948 2419/3794/5948 1708/3795/5948
f 2419/3794/5949 1706/3796/5949 1708/3795/5949
f 2420/3797/5950 2421/3798/5950 2422/3799/5950
f 2416/3791/400 2423/3800/400 2417/3792/400
f 1699/3801/5951 1701/2330/5951 1696/2329/5951
f 1701/2330/5952 1699/3801/5952 1702/3802/5952
f 2424/3803/400 2425/3804/400 2426/3805/400
f 2424/3803/400 2426/3805/400 2427/3806/400
f 2428/3807/400 2429/3808/400 2430/3809/400
f 1697/2328/5953 1701/2335/5954 1705/2339/5955
f 2430/3809/400 2431/3810/400 2428/3807/400
f 1705/2339/5956 1695/2327/5957 1697/2328/5958
f 2432/3811/400 2433/3812/400 2434/3813/400
f 2434/3813/400 2435/3814/400 2432/3811/400
f 1698/2333/5959 1696/2325/5960 1695/2324/5961
f 941/1224/5962 940/3815/5963 2436/3816/5964
f 2436/3816/5965 942/3817/5966 941/1224/5967
f 942/3817/5968 2436/3816/5969 2437/3818/5970
f 946/3819/5971 2439/3820/5972 2438/3821/5973
f 948/3822/5974 2439/3820/5975 946/3819/5976
f 947/3823/5977 945/3824/5978 2440/3825/5979
f 2440/3825/5980 945/3824/5981 2438/3821/5982
f 2438/3821/5983 945/3824/5984 946/3819/5985
f 949/3826/5986 947/3823/5987 2441/3827/5988
f 2441/3827/5989 947/3823/5990 2440/3825/5991
f 948/3828/5992 949/3826/5993 2439/3829/5994
f 2439/3829/5995 949/3826/5996 2441/3827/5997
f 959/3830/5998 958/3831/5999 2442/3832/6000
f 2443/3833/6001 959/3830/6002 2442/3832/6003
f 959/3830/6004 2443/3833/6005 955/3834/6006
f 952/3835/6007 2444/3836/6008 2445/3837/6009
f 2445/3837/6010 958/3831/6011 952/3835/6012
f 2442/3832/6013 958/3831/6014 2445/3837/6015
f 953/3838/6016 954/3839/6017 2446/3840/6018
f 953/3838/6019 2446/3840/6020 2444/3836/6021
f 2444/3836/6022 952/3835/6023 953/3838/6024
f 955/3841/6025 2443/3842/6026 954/3839/6027
f 2446/3840/6028 954/3839/6029 2443/3842/6030
f 1694/3843/6031 1696/3844/6032 1693/2321/6033
f 1693/2321/6034 1696/3844/6035 1697/2328/6036
f 962/3845/6037 2447/3846/6038 2448/3847/6039
f 2447/3846/6040 962/3845/6041 960/1247/6042
f 960/1247/6043 967/3848/6044 2447/3846/6045
f 970/1257/6046 2449/3849/6047 974/1261/6048
f 2449/3849/6049 2450/3850/6050 974/1261/6051
f 2450/3850/6052 975/3851/6053 974/1261/6054
f 975/3851/6055 2450/3850/6056 2451/3852/6057
f 1694/3853/6058 1693/3854/6059 1691/3855/6060
f 1692/2326/6061 1694/2323/6062 1691/3856/6063
f 1690/3857/6064 2452/3858/6065 1689/3859/6066
f 2452/3858/6067 1690/3857/6068 1684/2312/6069
f 1683/2313/6070 1684/2312/6071 1690/3857/6072
f 1690/3860/6073 1688/3861/6073 1683/3862/6073
f 1683/3862/6074 1688/3861/6074 1686/3863/6074
f 2453/3864/455 1679/2306/455 1676/3865/455
f 2454/3866/455 1679/2306/455 2453/3864/455
f 1679/2306/455 2454/3866/455 2455/3867/455
f 2456/1290/6075 2457/3868/6076 993/1288/6077
f 993/1288/6078 2457/3868/6079 995/3869/6080
f 2458/3870/6081 2459/3871/6082 2456/1290/6083
f 2459/3871/6084 2457/3872/6085 2456/1290/6086
f 2457/3872/6087 2459/3871/6088 2460/3873/6089
f 1678/2305/6090 2453/3874/6091 1676/2303/6090
f 2453/3874/6091 1678/2305/6090 1682/3875/6091
f 1681/3876/346 2453/3874/6091 1682/3875/6091
f 2453/3874/6091 1681/3876/346 2454/3877/346
f 1058/3878/6092 1050/1362/6093 1048/1358/6094
f 1670/3879/6095 1673/3880/6095 1669/3881/6095
f 1673/3880/6096 1668/3882/6096 1669/3881/6096
f 1666/3883/6097 1661/3884/6097 1659/2281/6097
f 1661/3884/6098 1657/2282/6098 1659/2281/6098
f 1014/3885/6099 1046/3886/6100 1013/3887/6101
f 1013/3887/6102 1046/3886/6103 1042/3888/6104
f 1039/3889/6105 1013/3887/6106 1042/3888/6107
f 1013/3887/6108 1039/3889/6109 1018/3890/6110
f 1053/3891/6111 1017/1322/6112 1036/3892/6113
f 1017/1322/6114 1053/3891/6115 1016/1321/6116
f 1015/1319/6117 1016/1321/6118 1053/3891/6119
f 1015/1319/6120 1053/3891/6121 1054/3893/6122
f 1102/3894/6123 1095/1449/6124 1113/1445/6125
f 1658/2279/6126 1664/2289/6127 1659/2288/6128
f 1112/3895/6129 1105/3896/6130 1119/3897/6131
f 1070/3898/6132 1112/3895/6133 1119/3897/6134
f 1655/3899/6135 1664/2289/6136 1658/2279/6137
f 1060/3900/6138 1062/3901/6139 1110/3902/6140
f 1072/3903/6141 1060/3900/6142 1110/3902/6143
f 1060/3900/6144 1072/3903/6145 1065/3904/6146
f 1083/3905/6147 1116/3906/6148 1063/1384/6149
f 1063/1384/6150 1064/1385/6151 1083/3905/6152
f 1061/1382/6153 1063/1384/6154 1090/3907/6155
f 1090/3907/6156 1063/1384/6157 1116/3906/6158
f 1657/2276/6159 1660/2284/6160 1655/2274/6161
f 1145/3908/6092 1137/1540/6093 1175/1536/6094
f 1654/2273/6162 1655/3899/6163 1652/2271/6164
f 1652/2271/6165 1655/3899/6166 1658/2279/6167
f 1656/3909/6168 1653/3910/6169 1652/3911/6170
f 1654/2277/6171 1651/3912/6172 1656/2275/6173
f 1651/3912/6174 1653/3913/6175 1656/2275/6176
f 1646/2261/560 1649/2267/560 1644/2259/560
f 1644/2259/560 1649/2267/560 1650/2269/560
f 1649/2267/5811 1646/2261/5811 1643/3914/5811
f 1178/3915/6177 1161/3916/6178 1171/3917/6179
f 1178/3915/6180 1124/1472/6181 1161/3916/6182
f 1124/1472/6183 1178/3915/6184 1123/1471/6185
f 1121/1469/6186 1123/1471/6187 1178/3915/6188
f 1121/1469/6189 1178/3915/6190 1132/3918/6191
f 1132/3918/6192 1178/3915/6193 1139/3919/6194
f 1643/3914/5811 1647/3920/5811 1649/2267/5811
f 1222/3921/163 1221/3922/164 2169/3923/165
f 1202/3924/154 1221/3922/155 1199/3925/156
f 1221/3922/157 1202/3924/158 2461/3926/2043
f 1221/3922/160 2461/3926/2041 2169/3923/162
f 2169/3923/169 2461/3926/6195 2166/3927/171
f 2462/3928/6196 2166/3927/6197 2461/3926/6198
f 1215/3929/6199 2166/3927/6200 2462/3928/6201
f 2166/3927/6202 1215/3929/6203 1216/3930/6204
f 1215/3929/6205 1186/3931/6206 1184/3932/6207
f 1186/3931/6208 1215/3929/6209 2462/3928/6210
f 1186/3931/6211 2462/3928/6212 2461/3926/6213
f 2461/3926/187 1202/3924/188 1186/3931/189
f 1201/3933/6214 1208/3934/6215 1192/3935/6216
f 1207/3936/6217 1208/3934/6218 1218/3937/6219
f 1648/3938/5810 1645/3939/5810 1650/2269/5810
f 1195/3940/6220 1211/3941/6221 1188/3942/6222
f 1211/3941/6223 1195/3940/6224 1204/3943/6225
f 1211/3941/6226 1204/3943/6227 1209/3944/6228
f 1214/3945/6229 1211/3941/6230 1209/3944/6231
f 1644/2259/5810 1650/2269/5810 1645/3939/5810
f 1279/3946/6232 1280/3947/6233 2463/3948/6234
f 1279/3946/6235 2463/3948/6236 1262/3949/6237
f 1262/3949/6238 2463/3948/6239 1260/3950/6240
f 2464/3951/6241 1260/3950/6242 2463/3948/6243
f 1278/3952/6244 1260/3950/6245 2464/3951/6246
f 1260/3950/6247 1278/3952/6248 1261/3953/6249
f 1278/3952/6250 1234/3954/6251 1240/3955/6252
f 1234/3954/6253 1278/3952/6254 2464/3951/6255
f 1234/3954/6256 2464/3951/6257 2463/3948/6258
f 2463/3948/6259 1280/3947/6260 1234/3954/6261
f 1283/3956/6262 1232/1627/6263 1231/1623/6264
f 1283/3956/6265 1231/1623/6266 1230/1626/6267
f 1281/3957/6268 1283/3956/6269 1230/1626/6270
f 1230/1626/6271 1236/1629/6272 1281/3957/6273
f 1236/1629/6274 1280/3958/6275 1281/3957/6276
f 1236/1629/6277 1234/1628/6278 1280/3958/6279
f 2465/3959/560 2466/3960/560 1642/3961/560
f 1640/3962/560 1642/3961/560 2466/3960/560
f 2467/3963/455 2468/3964/455 2465/3959/455
f 2466/3960/455 2465/3959/455 2468/3964/455
f 1639/2254/346 1641/2256/346 2467/3963/346
f 2468/3964/346 2467/3963/346 1641/2256/346
f 2466/3960/439 2468/3965/439 1640/3962/439
f 1640/3962/439 2468/3965/439 1641/3966/439
f 1642/3961/400 1639/3967/400 2465/3959/400
f 2465/3959/400 1639/3967/400 2467/3968/400
f 1638/2251/6280 1637/2250/6281 2469/3969/6282
f 2469/3969/6283 2261/3970/6284 1638/2251/6285
f 2261/3970/6286 2469/3969/6287 2245/3971/6286
f 1232/3972/6288 1268/3973/6289 1227/3974/6290
f 1268/3973/6291 1232/3972/6292 1284/3975/6293
f 1268/3973/6294 1284/3975/6295 1249/3976/6296
f 1246/3977/6297 1268/3973/6298 1249/3976/6299
f 2470/3978/6300 1629/3979/6300 2471/3980/5790
f 1272/3981/6301 1242/3982/6302 1266/3983/6303
f 1272/3981/6304 1266/3983/6305 1244/3984/6306
f 1258/3985/6307 1272/3981/6308 1244/3984/6309
f 1629/3979/6300 2470/3978/6300 662/3986/6310
f 1321/3987/6311 1323/3988/6312 1288/1698/6313
f 1324/3989/6314 1288/1698/6315 1323/3988/6316
f 1317/3990/6317 1288/1698/6318 1324/3989/6319
f 1288/1698/6320 1317/3990/6321 1291/1702/6322
f 1316/3991/6323 1291/1702/6324 1317/3990/6325
f 1306/1722/6326 1318/3992/6327 1286/1697/6328
f 1318/3992/6329 1319/3993/6330 1286/1697/6331
f 1319/3993/6332 1320/3994/6333 1286/1697/6334
f 1288/1698/6335 1286/1697/6336 1320/3994/6337
f 1320/3994/6338 1321/3987/6339 1288/1698/6340
f 1328/3995/6341 1287/1699/6342 1329/3996/6343
f 1287/1699/6344 1330/3997/6345 1329/3996/6346
f 1287/1699/6347 1331/3998/6348 1330/3997/6349
f 1331/3998/6350 1287/1699/6351 1296/1708/6352
f 1296/1708/6353 1334/3999/6354 1331/3998/6355
f 1325/4000/6356 1294/1705/6357 1293/1704/6358
f 1325/4000/6359 1293/1704/6360 1326/4001/6361
f 1326/4001/6362 1293/1704/6363 1327/4002/6364
f 1293/1704/6365 1287/1699/6366 1327/4002/6367
f 1327/4002/6368 1287/1699/6369 1328/3995/6370
f 2245/3249/439 2469/4003/6371 1633/3247/439
f 1633/3247/439 2469/4003/6372 1631/4004/6373
f 1637/4005/6374 1631/4004/6375 2469/4003/6376
f 1631/4004/6375 1637/4005/6374 1635/4006/6377
f 771/4007/6378 216/4008/6379 215/4009/6380
f 217/4010/6381 771/4007/6382 215/4009/6383
f 2277/3329/6384 2479/4011/6384 2247/3327/6384
f 2247/3327/1560 2479/4011/1560 1627/4012/1560
f 2277/3323/6385 1628/4013/6385 2479/4014/6386
f 1358/4015/6387 1354/4016/6388 1361/4017/6389
f 1361/4017/6389 1354/4016/6388 566/4018/6390
f 1373/1853/3512 1363/1855/3512 1368/1846/3512
f 1365/1844/3512 1368/1846/3512 1363/1855/3512
f 1368/4019/3515 1372/4020/3515 1373/4021/3515
f 1372/4020/3515 1374/4022/3515 1373/4021/3515
f 1366/4023/6391 1374/4024/6391 1364/1850/6391
f 1372/1851/6391 1364/1850/6391 1374/4024/6391
f 1364/1841/3508 1369/4025/3508 1365/1842/3508
f 1628/4013/6392 2277/3323/6392 2259/3322/6393
f 1364/1841/3513 1371/4026/3513 1369/4025/3513
f 1626/4027/6394 1628/4028/6394 2259/3269/6394
f 1367/4029/6395 1372/4020/6395 1368/4019/6395
f 1626/4027/5755 2259/3269/5755 2248/3268/5755
f 1372/4020/6395 1367/4029/6395 1370/4030/6395
f 2247/3250/6396 1626/2237/6396 2248/3251/6396
f 1382/4031/6391 1380/4032/6391 1381/4033/6391
f 1380/4032/6391 1379/4034/6391 1381/4033/6391
f 2474/4035/6397 2473/4036/6398 2472/4037/6399
f 2473/4036/6400 2474/4035/6401 2475/4038/6401
f 1626/2237/6402 2247/3250/6402 1627/2238/6402
f 2476/4039/6403 2477/4040/6403 2478/4041/6404
f 2471/4042/447 2479/4043/447 2470/4044/447
f 2479/4043/447 2471/4042/447 2480/4045/447
f 2479/4043/447 2480/4045/447 1625/4046/447
f 2479/4043/447 1625/4046/447 1627/4047/447
f 2477/4040/6405 2476/4039/6405 2481/4048/6406
f 662/4049/6407 2479/4014/6408 1628/4013/6409
f 2470/4050/6410 2479/4014/6411 662/4049/6412
f 1395/1883/6413 1392/4051/6414 1391/4052/6415
f 1396/1884/6416 1395/1883/6417 1391/4052/6418
f 1396/4053/560 1391/4054/560 1393/1881/560
f 1392/4055/346 1395/4056/346 1394/4057/346
f 1402/1891/6419 1403/1892/6420 1397/4058/6421
f 1398/4059/6422 1397/4058/6423 1403/1892/6424
f 1402/4060/560 1397/4061/560 1400/1889/560
f 1403/4062/346 1399/4063/346 1398/4064/346
f 1401/4065/346 1399/4063/346 1403/4062/346
f 1407/4066/560 1409/1898/560 1404/4067/560
f 1629/3979/6425 2480/4068/6426 2471/3980/6425
f 2480/4068/6427 1629/3979/6428 1630/4069/6429
f 1626/4070/6430 2480/4068/6431 1630/4069/6432
f 2480/4068/6433 1626/4070/6434 1625/4071/6435
f 1405/4072/346 1410/4073/346 1406/4074/346
f 1410/1901/346 1408/4075/346 1406/4074/346
f 2482/4076/6436 2483/4077/6437 2484/4078/6438
f 2482/4076/6436 2484/4078/6438 2485/4079/6439
f 2485/4079/6439 2486/4080/400 2482/4076/6436
f 2486/4080/400 2485/4079/6439 2487/4081/6440
f 2488/4082/6441 2487/4081/6440 2485/4079/6439
f 2487/4081/6440 2488/4082/6441 2489/4083/6442
f 2488/4082/6441 2490/4084/346 2489/4083/6442
f 2485/4079/6439 2484/4078/6438 2488/4082/6441
f 1413/4085/560 1414/1908/560 1412/4086/560
f 1614/4087/560 1613/2216/560 2491/4088/560
f 1415/4089/346 1411/4090/346 1416/4091/346
f 1613/2216/560 1614/4087/560 1611/2217/560
f 1426/1928/447 1423/1929/447 1428/1926/447
f 1438/1948/447 1435/1949/447 1440/1946/447
f 1450/1968/447 1447/1969/447 1452/1966/447
f 1456/1978/6443 1454/1977/6443 2492/4092/6443
f 2492/4092/6444 1454/1977/6444 1453/1973/6444
f 1461/1987/400 1458/1989/400 1463/1985/400
f 1459/4093/3611 1461/1987/3611 1462/4094/3611
f 1467/1995/6443 1465/1994/6443 2493/4095/6443
f 2493/4095/6444 1465/1994/6444 1464/1990/6444
f 1472/2004/400 1469/2006/400 1474/2002/400
f 1470/4096/3611 1472/2004/3611 1473/4097/3611
f 1478/2012/6443 1476/2011/6443 2494/4098/6443
f 2494/4098/6444 1476/2011/6444 1475/2007/6444
f 1483/2021/400 1480/2023/400 1485/2019/400
f 1481/4099/3611 1483/2021/3611 1484/4100/3611
f 1489/2029/6443 1487/2028/6443 2495/4101/6443
f 2495/4101/6444 1487/2028/6444 1486/2024/6444
f 1494/2038/400 1491/2040/400 1496/2036/400
f 1492/4102/3611 1494/2038/3611 1495/4103/3611
f 1500/2046/6443 1498/2045/6443 2496/4104/6443
f 2496/4104/6444 1498/2045/6444 1497/2041/6444
f 1505/2055/400 1502/2057/400 1507/2053/400
f 1503/4105/3611 1505/2055/3611 1506/4106/3611
f 1511/2063/6443 1509/2062/6443 2497/4107/6443
f 2497/4107/6444 1509/2062/6444 1510/4108/6444
f 1516/2072/400 1513/2074/400 1518/2070/400
f 1522/4109/455 2498/4110/455 1520/4111/455
f 1600/4112/439 1601/4113/439 1613/4114/439
f 2491/4115/439 1613/4114/439 1601/4113/439
f 2491/4116/447 1601/4117/447 1614/4118/447
f 1612/4119/447 1614/4118/447 1601/4117/447
f 1519/2077/6445 2499/4120/6445 1522/2080/6445
f 2499/4120/6446 2498/4110/6446 1522/2080/6446
f 1524/4121/6447 1528/4122/6447 1525/2086/6447
f 1532/4123/455 2500/4124/455 1530/4125/455
f 1604/4126/560 1607/2218/560 1608/2215/560
f 1529/2091/6445 2501/4127/6445 1532/2094/6445
f 2501/4127/6446 2500/4124/6446 1532/2094/6446
f 1534/4128/6447 1538/4129/6447 1535/2100/6447
f 1542/4130/455 2502/4131/455 1540/4132/455
f 1607/2218/560 1604/4126/560 1606/4133/560
f 1539/2105/6445 2503/4134/6445 1542/2108/6445
f 2503/4134/6446 2502/4131/6446 1542/2108/6446
f 1545/2114/439 1547/2113/439 1543/2118/439
f 1544/4135/6447 1548/4136/6447 1545/2114/6447
f 1552/4137/455 2504/4138/455 1550/4139/455
f 1612/4140/346 1609/4141/346 1610/4142/346
f 1609/4141/346 1612/4140/346 1605/4143/346
f 1549/2119/6445 2505/4144/6445 1552/2122/6445
f 2505/4144/6446 2504/4138/6446 1552/2122/6446
f 1555/2128/439 1557/2127/439 1553/2132/439
f 1554/4145/6447 1558/4146/6447 1555/2128/6447
f 1560/4147/455 2506/4148/455 1561/4149/455
f 1597/4150/6448 1599/4151/6448 1598/4152/6448
f 1592/2180/6449 1595/4153/6449 1593/2181/6449
f 1593/2181/6449 1595/4153/6449 1596/4154/6449
f 1589/4155/6450 1590/4156/6450 1588/4157/6450
f 1559/2133/6445 2507/4158/6445 1560/2136/6445
f 2507/4158/6446 2506/4148/6446 1560/2136/6446
f 1565/2142/439 1567/2141/439 1563/2146/439
f 1564/4159/6447 1568/4160/6447 1565/2142/6447
f 1571/4161/455 1570/4162/455 2508/4163/455
f 1591/4164/6451 1585/2169/6451 1586/2168/6451
f 1569/2147/6445 2509/4165/6445 1570/2150/6445
f 2509/4165/6446 2508/4166/6446 1570/2150/6446
f 1575/2156/439 1577/2155/439 1573/2160/439
f 1574/4167/6447 1578/4168/6447 1575/2156/6447
f 2510/4169/6452 2511/4170/6453 2512/4171/6454
f 2514/4172/6455 2515/4173/6456 2513/4174/6457
l 2511 2513